gsis_id,pfr_player_name,position,season,pick,round,team,college,age,y2_games,y2_points,y3_games,y3_points,y4_games,y4_points,total_games,total_points,y24_ppg,low_sample_flag,is_training,censored_incomplete_arc,best3of4_ppg,expected_ppg_at_pick,residual_ppg,head_b_training_eligible,target_version,curve_version,age_at_draft,age_at_draft_missing,age_at_draft_source,covid_eligibility_flag,covid_eligibility_flag_missing,covid_eligibility_flag_source,transfer_portal_flag,transfer_portal_flag_missing,transfer_portal_flag_source,early_declare,early_declare_missing,early_declare_source,final_college_age,final_college_age_missing,final_college_age_source,height,height_missing,height_source,weight,weight_missing,weight_source,wr_vertical_jump,wr_vertical_jump_missing,wr_vertical_jump_source,wr_meets_athletic_floor,wr_meets_athletic_floor_missing,wr_meets_athletic_floor_source,rb_speed_score,rb_speed_score_missing,rb_speed_score_source,rb_weight,rb_weight_missing,rb_weight_source,rb_3cone,rb_3cone_missing,rb_3cone_source,rb_meets_athletic_floor,rb_meets_athletic_floor_missing,rb_meets_athletic_floor_source,te_weight,te_weight_missing,te_weight_source,te_bmi,te_bmi_missing,te_bmi_source,te_height_adj_speed_score,te_height_adj_speed_score_missing,te_height_adj_speed_score_source,nfl_pick,nfl_pick_missing,nfl_pick_source,nfl_round,nfl_round_missing,nfl_round_source,rb_age_at_draft,rb_age_at_draft_missing,rb_age_at_draft_source,te_age_at_draft,te_age_at_draft_missing,te_age_at_draft_source,wr_dominator_career,wr_dominator_career_missing,wr_dominator_career_source,rb_career_dominator,rb_career_dominator_missing,rb_career_dominator_source,te_career_dominator,te_career_dominator_missing,te_career_dominator_source,wr_market_share_yds,wr_market_share_yds_missing,wr_market_share_yds_source,rb_scrimmage_ypg,rb_scrimmage_ypg_missing,rb_scrimmage_ypg_source,wr_dominator_final,wr_dominator_final_missing,wr_dominator_final_source,wr_breakout_age,wr_breakout_age_missing,wr_breakout_age_source,rb_rec_ypg,rb_rec_ypg_missing,rb_rec_ypg_source,rb_final_dominator,rb_final_dominator_missing,rb_final_dominator_source,te_deep_yard_share,te_deep_yard_share_missing,te_deep_yard_share_source,te_ryptpa_final,te_ryptpa_final_missing,te_ryptpa_final_source,rb_10_yard_split,rb_10_yard_split_missing,rb_10_yard_split_source,rb_ras_composite,rb_ras_composite_missing,rb_ras_composite_source,wr_ras_composite,wr_ras_composite_missing,wr_ras_composite_source,wr_yards_per_reception_career,wr_yards_per_reception_career_missing,wr_yards_per_reception_career_source,te_yards_per_reception_career,te_yards_per_reception_career_missing,te_yards_per_reception_career_source,te_ras_composite,te_ras_composite_missing,te_ras_composite_source,wr_rec_tds_per_game_final,wr_rec_tds_per_game_final_missing,wr_rec_tds_per_game_final_source,rb_school_sp_plus,rb_school_sp_plus_missing,rb_school_sp_plus_source,wr_early_declare,wr_early_declare_missing,wr_early_declare_source,w2_combine_degraded,w2b_cfbd_degraded,yprr_college,yprr_college_missing,yprr_college_source,ryptpa,ryptpa_missing,ryptpa_source,qb_completion_pct_final,qb_completion_pct_final_missing,qb_completion_pct_final_source,qb_yards_per_attempt_final,qb_yards_per_attempt_final_missing,qb_yards_per_attempt_final_source,qb_td_int_ratio_final,qb_td_int_ratio_final_missing,qb_td_int_ratio_final_source,qb_sack_rate_final,qb_sack_rate_final_missing,qb_sack_rate_final_source,rb_yards_per_carry_final,rb_yards_per_carry_final_missing,rb_yards_per_carry_final_source,rb_yards_per_reception_career,rb_yards_per_reception_career_missing,rb_yards_per_reception_career_source
00-0031503,Jameis Winston,QB,2015,1,1,TAM,Florida St.,21.0,16,256.1,13,201.66,11,195.78,40,653.54,16.338,0,1,0,16.3385,,,0,head_b_v3,v3,21.0,0,nfl_data_py,0,0,proxy_draft_year_age,,1,,1,0,proxy_age_at_draft,20.0,0,proxy_age_at_draft,76.0,0,nfl_combine,231.0,0,nfl_combine,,1,,,1,,,1,,,1,,,1,,,1,,,1,,,1,,,1,,1,0,nfl_data_py,1,0,nfl_data_py,,1,,,1,,,1,,,1,,,1,,,1,,,1,,,1,,,1,,,1,,,1,,,1,,,1,,,1,,,1,,,1,,,1,,,1,,,1,,,1,,,1,,,1,,0,0,,,,,,,0.653,0,cfbd,8.4,0,cfbd,1.388889,0,cfbd,,1,,,,,,,
00-0032268,Marcus Mariota,QB,2015,2,1,TEN,Oregon,21.0,15,259.94,15,210.48000000000002,14,175.92000000000002,44,646.34,14.69,0,1,0,14.6895,,,0,head_b_v3,v3,21.0,0,nfl_data_py,0,0,proxy_draft_year_age,,1,,1,0,proxy_age_at_draft,20.0,0,proxy_age_at_draft,76.0,0,nfl_combine,222.0,0,nfl_combine,,1,,,1,,,1,,,1,,,1,,,1,,,1,,,1,,,1,,2,0,nfl_data_py,1,0,nfl_data_py,,1,,,1,,,1,,,1,,,1,,,1,,,1,,,1,,,1,,,1,,,1,,,1,,,1,,,1,,,1,,,1,,,1,,,1,,,1,,,1,,,1,,,1,,0,0,,,,,,,0.683,0,cfbd,10.0,0,cfbd,10.5,0,cfbd,,1,,,,,,,
00-0031544,Amari Cooper,WR,2015,4,1,OAK,Alabama,21.0,16,232.3,14,158.4,15,215.5,45,606.2,13.471,0,1,0,13.4711,14.8475,-1.3764,1,head_b_v3,v3,21.0,0,nfl_data_py,0,0,proxy_draft_year_age,,1,,1,0,proxy_age_at_draft,20.0,0,proxy_age_at_draft,73.0,0,nfl_combine,211.0,0,nfl_combine,33.0,0,nfl_combine,1,0,nfl_combine_szekely2023_proxy,,1,,,1,,,1,,,1,,,1,,,1,,,1,,4,0,nfl_data_py,1,0,nfl_data_py,,1,,,1,,0.4719794344473008,0,cfbd,,1,,,1,,0.4533,0,cfbd,,1,,0.46,0,cfbd,18.0,0,cfbd_proxy,,1,,,1,,,1,,,1,,,1,,,1,,,1,,15.52,0,cfbd,,1,,,1,,,1,,,1,,1,0,proxy_age_at_draft,0,0,,1,,3.6718,0,cfbd,,,,,,,,,,,,,,,,,,
00-0031545,Kevin White,WR,2015,7,1,CHI,West Virginia,23.0,4,38.6,1,2.6,3,13.200000000000001,8,54.4,6.8,1,1,0,6.8,10.4961,-3.6961,1,head_b_v3,v3,23.0,0,nfl_data_py,0,0,proxy_draft_year_age,,1,,0,0,proxy_age_at_draft,22.0,0,proxy_age_at_draft,75.0,0,nfl_combine,215.0,0,nfl_combine,36.5,0,nfl_combine,1,0,nfl_combine_szekely2023_proxy,,1,,,1,,,1,,,1,,,1,,,1,,,1,,7,0,nfl_data_py,1,0,nfl_data_py,,1,,,1,,0.3678718757583111,0,cfbd,,1,,,1,,0.3491,0,cfbd,,1,,0.3702,0,cfbd,21.0,0,cfbd_proxy,,1,,,1,,,1,,,1,,,1,,,1,,,1,,13.32,0,cfbd,,1,,,1,,,1,,,1,,0,0,proxy_age_at_draft,0,0,,1,,2.4682,0,cfbd,,,,,,,,,,,,,,,,,,
00-0032241,Todd Gurley,RB,2015,10,1,STL,Georgia,21.0,16,198.20000000000002,15,385.3,14,372.1,45,955.6,21.236,0,1,0,21.2356,19.6562,1.5794,1,head_b_v3,v3,21.0,0,nfl_data_py,0,0,proxy_draft_year_age,,1,,1,0,proxy_age_at_draft,20.0,0,proxy_age_at_draft,73.0,0,nfl_combine,222.0,0,nfl_combine,,1,,,1,,106.37,0,combine_barnwell2008,222.0,0,nfl_combine,,1,,1,0,combine_szekely2023_proxy,,1,,,1,,,1,,10,0,nfl_data_py,1,0,nfl_data_py,21.0,0,nfl_data_py,,1,,,1,,,1,,,1,,,1,,,1,,,1,,,1,,,1,,,1,,,1,,,1,,,1,,,1,,,1,,,1,,,1,,,1,,,1,,27.6,0,cfbd_sp_plus,,1,,0,0,,,,,,,,,,,,,,,,,,,,1,,,1,
00-0031547,DeVante Parker,WR,2015,14,1,MIA,Louisville,22.0,15,154.4,13,130.0,11,60.9,39,345.3,8.854,0,1,0,8.8538,10.4961,-1.6423,1,head_b_v3,v3,22.0,0,nfl_data_py,0,0,proxy_draft_year_age,,1,,0,0,proxy_age_at_draft,21.0,0,proxy_age_at_draft,75.0,0,nfl_combine,209.0,0,nfl_combine,36.5,0,nfl_combine,1,0,nfl_combine_szekely2023_proxy,,1,,,1,,,1,,,1,,,1,,,1,,,1,,14,0,nfl_data_py,1,0,nfl_data_py,,1,,,1,,0.24954212454212454,0,cfbd,,1,,,1,,0.2713,0,cfbd,,1,,0.2745,0,cfbd,18.0,0,cfbd_proxy,,1,,,1,,,1,,,1,,,1,,,1,,,1,,18.13,0,cfbd,,1,,,1,,,1,,,1,,0,0,proxy_age_at_draft,0,0,,1,,1.7173,0,cfbd,,,,,,,,,,,,,,,,,,
00-0032144,Melvin Gordon,RB,2015,15,1,SDG,Wisconsin,22.0,13,250.60000000000002,16,288.1,12,275.5,41,814.2,19.859,0,1,0,19.8585,19.6562,0.2023,1,head_b_v3,v3,22.0,0,nfl_data_py,0,0,proxy_draft_year_age,,1,,0,0,proxy_age_at_draft,21.0,0,proxy_age_at_draft,73.0,0,nfl_combine,215.0,0,nfl_combine,,1,,,1,,103.02,0,combine_barnwell2008,215.0,0,nfl_combine,7.04,0,nfl_combine,1,0,combine_szekely2023_proxy,,1,,,1,,,1,,15,0,nfl_data_py,1,0,nfl_data_py,22.0,0,nfl_data_py,,1,,,1,,0.6038162311080069,0,cfbd,,1,,,1,,,1,,,1,,,1,,,1,,0.4102,0,cfbd,,1,,,1,,,1,,,1,,,1,,,1,,,1,,,1,,,1,,20.8,0,cfbd_sp_plus,,1,,0,0,,,,,,,,,,,,,,,,,,,7.5599,0,cfbd,11.05,0,cfbd
00-0031549,Nelson Agholor,WR,2015,20,1,PHI,USC,22.0,15,87.9,16,187.5,16,165.4,47,440.8,9.379,0,1,0,9.3787,10.3868,-1.0081,1,head_b_v3,v3,22.0,0,nfl_data_py,0,0,proxy_draft_year_age,,1,,0,0,proxy_age_at_draft,21.0,0,proxy_age_at_draft,72.0,0,nfl_combine,198.0,0,nfl_combine,,1,,,1,,,1,,,1,,,1,,,1,,,1,,,1,,,1,,20,0,nfl_data_py,1,0,nfl_data_py,,1,,,1,,0.3241003032237472,0,cfbd,,1,,,1,,0.346,0,cfbd,,1,,0.3258,0,cfbd,20.0,0,cfbd_proxy,,1,,,1,,,1,,,1,,,1,,,1,,,1,,14.29,0,cfbd,,1,,,1,,,1,,,1,,0,0,proxy_age_at_draft,0,0,,1,,2.6587,0,cfbd,,,,,,,,,,,,,,,,,,
00-0032054,Breshad Perriman,WR,2015,26,1,BAL,Central Florida,21.0,15,101.1,11,17.7,10,62.2,36,181.0,5.028,0,1,0,5.0278,10.3868,-5.359,1,head_b_v3,v3,21.0,0,nfl_data_py,0,0,proxy_draft_year_age,,1,,1,0,proxy_age_at_draft,20.0,0,proxy_age_at_draft,74.0,0,nfl_combine,212.0,0,nfl_combine,,1,,,1,,,1,,,1,,,1,,,1,,,1,,,1,,,1,,26,0,nfl_data_py,1,0,nfl_data_py,,1,,,1,,0.3662961752206604,0,cfbd,,1,,,1,,0.3273,0,cfbd,,1,,0.3887,0,cfbd,20.0,0,cfbd_proxy,,1,,,1,,,1,,,1,,,1,,,1,,,1,,20.07,0,cfbd,,1,,,1,,,1,,,1,,1,0,proxy_age_at_draft,0,0,,1,,2.1779,0,cfbd,,,,,,,,,,,,,,,,,,
00-0032208,Phillip Dorsett,WR,2015,29,1,IND,Miami (FL),22.0,15,98.80000000000001,9,32.1,11,81.9,35,212.8,6.08,0,1,0,6.08,10.2078,-4.1278,1,head_b_v3,v3,22.0,0,nfl_data_py,0,0,proxy_draft_year_age,,1,,0,0,proxy_age_at_draft,21.0,0,proxy_age_at_draft,70.0,0,nfl_combine,185.0,0,nfl_combine,37.0,0,nfl_combine,1,0,nfl_combine_szekely2023_proxy,,1,,,1,,,1,,,1,,,1,,,1,,,1,,29,0,nfl_data_py,1,0,nfl_data_py,,1,,,1,,0.32634893576721835,0,cfbd,,1,,,1,,0.3125,0,cfbd,,1,,0.3608,0,cfbd,19.0,0,cfbd_proxy,,1,,,1,,,1,,,1,,,1,,,1,,,1,,17.99,0,cfbd,,1,,,1,,,1,,,1,,0,0,proxy_age_at_draft,0,0,,1,,2.1125,0,cfbd,,,,,,,,,,,,,,,,,,
00-0032209,T.J. Yeldon,RB,2015,36,2,JAX,Alabama,21.0,15,137.7,10,87.7,14,173.1,39,398.5,10.218,0,1,0,10.2179,12.444,-2.2261,1,head_b_v3,v3,21.0,0,nfl_data_py,0,0,proxy_draft_year_age,,1,,1,0,proxy_age_at_draft,20.0,0,proxy_age_at_draft,73.0,0,nfl_combine,226.0,0,nfl_combine,,1,,,1,,100.08,0,combine_barnwell2008,226.0,0,nfl_combine,7.19,0,nfl_combine,1,0,combine_szekely2023_proxy,,1,,,1,,,1,,36,0,nfl_data_py,2,0,nfl_data_py,21.0,0,nfl_data_py,,1,,,1,,0.32634437805540467,0,cfbd,,1,,,1,,,1,,,1,,,1,,,1,,0.1742,0,cfbd,,1,,,1,,,1,,,1,,,1,,,1,,,1,,,1,,,1,,34.3,0,cfbd_sp_plus,,1,,0,0,,,,,,,,,,,,,,,,,,,5.0652,0,cfbd,10.9535,0,cfbd
00-0031934,Devin Smith,WR,2015,37,2,NYJ,Ohio St.,23.0,1,3.0,0,0.0,0,0.0,1,3.0,3.0,1,1,1,,9.8012,,0,head_b_v3,v3,23.0,0,nfl_data_py,0,0,proxy_draft_year_age,,1,,0,0,proxy_age_at_draft,22.0,0,proxy_age_at_draft,72.0,0,nfl_combine,196.0,0,nfl_combine,39.0,0,nfl_combine,1,0,nfl_combine_szekely2023_proxy,,1,,,1,,,1,,,1,,,1,,,1,,,1,,37,0,nfl_data_py,2,0,nfl_data_py,,1,,,1,,0.2684303826737061,0,cfbd,,1,,,1,,0.249,0,cfbd,,1,,0.2655,0,cfbd,19.0,0,cfbd_proxy,,1,,,1,,,1,,,1,,,1,,,1,,,1,,20.34,0,cfbd,,1,,,1,,,1,,,1,,0,0,proxy_age_at_draft,0,0,,1,,1.9535,0,cfbd,,,,,,,,,,,,,,,,,,
00-0032218,Dorial Green-Beckham,WR,2015,40,2,TEN,Oklahoma,22.0,14,87.2,0,0.0,0,0.0,14,87.2,6.229,1,1,0,6.2286,9.8012,-3.5726,1,head_b_v3,v3,22.0,0,nfl_data_py,0,0,proxy_draft_year_age,,1,,0,0,proxy_age_at_draft,21.0,0,proxy_age_at_draft,77.0,0,nfl_combine,237.0,0,nfl_combine,33.5,0,nfl_combine,1,0,nfl_combine_szekely2023_proxy,,1,,,1,,,1,,,1,,,1,,,1,,,1,,40,0,nfl_data_py,2,0,nfl_data_py,,1,,,1,,,1,,,1,,,1,,,1,,,1,,,1,,,1,,,1,,,1,,,1,,,1,,,1,,,1,,,1,,,1,,,1,,,1,,,1,,,1,,0,0,proxy_age_at_draft,0,0,,1,,,1,,,,,,,,,,,,,,,,,,,
00-0032055,Devin Funchess,WR,2015,41,2,CAR,Michigan,21.0,14,86.10000000000001,16,195.0,14,122.9,44,404.0,9.182,0,1,0,9.1818,9.8012,-0.6194,1,head_b_v3,v3,21.0,0,nfl_data_py,0,0,proxy_draft_year_age,,1,,1,0,proxy_age_at_draft,20.0,0,proxy_age_at_draft,76.0,0,nfl_combine,232.0,0,nfl_combine,38.5,0,nfl_combine,1,0,nfl_combine_szekely2023_proxy,,1,,,1,,,1,,,1,,,1,,,1,,,1,,41,0,nfl_data_py,2,0,nfl_data_py,,1,,,1,,0.37948090107737514,0,cfbd,,1,,,1,,0.359,0,cfbd,,1,,0.3795,0,cfbd,19.0,0,cfbd_proxy,,1,,,1,,,1,,,1,,,1,,,1,,,1,,13.74,0,cfbd,,1,,,1,,,1,,,1,,1,0,proxy_age_at_draft,0,0,,1,,2.2485,0,cfbd,,,,,,,,,,,,,,,,,,
00-0032104,Ameer Abdullah,RB,2015,54,2,DET,Nebraska,22.0,2,26.8,14,124.4,4,5.9,20,157.1,7.855,0,1,0,7.855,11.6922,-3.8372,1,head_b_v3,v3,22.0,0,nfl_data_py,0,0,proxy_draft_year_age,,1,,0,0,proxy_age_at_draft,21.0,0,proxy_age_at_draft,69.0,0,nfl_combine,205.0,0,nfl_combine,,1,,,1,,91.57,0,combine_barnwell2008,205.0,0,nfl_combine,6.79,0,nfl_combine,1,0,combine_szekely2023_proxy,,1,,,1,,,1,,54,0,nfl_data_py,2,0,nfl_data_py,22.0,0,nfl_data_py,,1,,,1,,0.5293536434746808,0,cfbd,,1,,,1,,,1,,,1,,,1,,,1,,0.3217,0,cfbd,,1,,,1,,,1,,,1,,,1,,,1,,,1,,,1,,,1,,13.1,0,cfbd_sp_plus,,1,,0,0,,,,,,,,,,,,,,,,,,,6.4262,0,cfbd,9.3881,0,cfbd
00-0031558,Maxx Williams,TE,2015,55,2,BAL,Minnesota,21.0,0,0.0,9,28.200000000000003,9,37.1,18,65.3,3.628,0,1,0,3.6278,8.8173,-5.1895,1,head_b_v3,v3,21.0,0,nfl_data_py,0,0,proxy_draft_year_age,,1,,1,0,proxy_age_at_draft,20.0,0,proxy_age_at_draft,76.0,0,nfl_combine,249.0,0,nfl_combine,,1,,,1,,,1,,,1,,,1,,,1,,249.0,0,nfl_combine,30.31,0,nfl_combine_derived,95.39,0,combine_pp_hass_approx,55,0,nfl_data_py,2,0,nfl_data_py,,1,,21.0,0,nfl_data_py,,1,,,1,,0.48761749819233546,0,cfbd,,1,,,1,,,1,,,1,,,1,,,1,,,1,,1.8543,0,cfbd,,1,,,1,,,1,,,1,,16.57,0,cfbd,,1,,,1,,,1,,,1,,0,0,,,,,,,,,,,,,,,,,,,,,,,,
00-0032256,Clive Walford,TE,2015,68,3,OAK,Miami (FL),23.0,15,86.9,6,17.0,0,0.0,21,103.9,4.948,0,1,0,4.9476,8.082,-3.1344,1,head_b_v3,v3,23.0,0,nfl_data_py,0,0,proxy_draft_year_age,,1,,0,0,proxy_age_at_draft,22.0,0,proxy_age_at_draft,76.0,0,nfl_combine,251.0,0,nfl_combine,,1,,,1,,,1,,,1,,,1,,,1,,251.0,0,nfl_combine,30.55,0,nfl_combine_derived,95.36,0,combine_pp_hass_approx,68,0,nfl_data_py,3,0,nfl_data_py,,1,,23.0,0,nfl_data_py,,1,,,1,,0.23864739446456898,0,cfbd,,1,,,1,,,1,,,1,,,1,,,1,,,1,,1.7289,0,cfbd,,1,,,1,,,1,,,1,,14.28,0,cfbd,,1,,,1,,,1,,,1,,0,0,,,,,,,,,,,,,,,,,,,,,,,,
00-0032211,Tyler Lockett,WR,2015,69,3,SEA,Kansas St.,22.0,14,124.1,16,124.3,16,222.4,46,470.8,10.235,0,1,0,10.2348,8.5194,1.7154,1,head_b_v3,v3,22.0,0,nfl_data_py,0,0,proxy_draft_year_age,,1,,0,0,proxy_age_at_draft,21.0,0,proxy_age_at_draft,70.0,0,nfl_combine,182.0,0,nfl_combine,35.5,0,nfl_combine,1,0,nfl_combine_szekely2023_proxy,,1,,,1,,,1,,,1,,,1,,,1,,,1,,69,0,nfl_data_py,3,0,nfl_data_py,,1,,,1,,0.44188739409738387,0,cfbd,,1,,,1,,0.3976,0,cfbd,,1,,0.4131,0,cfbd,19.0,0,cfbd_proxy,,1,,,1,,,1,,,1,,,1,,,1,,,1,,15.29,0,cfbd,,1,,,1,,,1,,,1,,0,0,proxy_age_at_draft,0,0,,1,,3.2554,0,cfbd,,,,,,,,,,,,,,,,,,
00-0031560,Jaelen Strong,WR,2015,70,3,HOU,Arizona St.,21.0,6,27.1,1,12.8,0,0.0,7,39.9,5.7,1,1,1,,8.5194,,0,head_b_v3,v3,21.0,0,nfl_data_py,0,0,proxy_draft_year_age,,1,,1,0,proxy_age_at_draft,20.0,0,proxy_age_at_draft,74.0,0,nfl_combine,217.0,0,nfl_combine,42.0,0,nfl_combine,1,0,nfl_combine_szekely2023_proxy,,1,,,1,,,1,,,1,,,1,,,1,,,1,,70,0,nfl_data_py,3,0,nfl_data_py,,1,,,1,,0.31086647257328126,0,cfbd,,1,,,1,,0.3203,0,cfbd,,1,,0.3164,0,cfbd,19.0,0,cfbd_proxy,,1,,,1,,,1,,,1,,,1,,,1,,,1,,14.77,0,cfbd,,1,,,1,,,1,,,1,,1,0,proxy_age_at_draft,0,0,,1,,2.2741,0,cfbd,,,,,,,,,,,,,,,,,,
00-0032058,Tevin Coleman,RB,2015,73,3,ATL,Indiana,22.0,13,191.10000000000002,15,167.70000000000002,16,193.60000000000002,44,552.4,12.555,0,1,0,12.5545,11.2764,1.2781,1,head_b_v3,v3,22.0,0,nfl_data_py,0,0,proxy_draft_year_age,,1,,0,0,proxy_age_at_draft,21.0,0,proxy_age_at_draft,71.0,0,nfl_combine,206.0,0,nfl_combine,,1,,,1,,109.92,0,combine_barnwell2008,206.0,0,nfl_combine,,1,,1,0,combine_szekely2023_proxy,,1,,,1,,,1,,73,0,nfl_data_py,3,0,nfl_data_py,22.0,0,nfl_data_py,,1,,,1,,0.5804670380585869,0,cfbd,,1,,,1,,,1,,,1,,,1,,,1,,0.4474,0,cfbd,,1,,,1,,,1,,,1,,,1,,,1,,,1,,,1,,,1,,1.8,0,cfbd_sp_plus,,1,,0,0,,,,,,,,,,,,,,,,,,,7.5407,0,cfbd,7.0926,0,cfbd
00-0032148,Garrett Grayson,QB,2015,75,3,NOR,Colorado St.,24.0,0,0.0,0,0.0,0,0.0,0,0.0,0.0,1,1,1,,,,0,head_b_v3,v3,24.0,0,nfl_data_py,0,0,proxy_draft_year_age,,1,,0,0,proxy_age_at_draft,23.0,0,proxy_age_at_draft,74.0,0,nfl_combine,213.0,0,nfl_combine,,1,,,1,,,1,,,1,,,1,,,1,,,1,,,1,,,1,,75,0,nfl_data_py,3,0,nfl_data_py,,1,,,1,,,1,,,1,,,1,,,1,,,1,,,1,,,1,,,1,,,1,,,1,,,1,,,1,,,1,,,1,,,1,,,1,,,1,,,1,,,1,,,1,,0,0,,,,,,,0.643,0,cfbd,9.5,0,cfbd,4.571429,0,cfbd,,1,,,,,,,
00-0032128,Chris Conley,WR,2015,76,3,KAN,Georgia,22.0,16,97.0,5,28.5,15,91.39999999999999,36,216.9,6.025,0,1,0,6.025,8.5194,-2.4944,1,head_b_v3,v3,22.0,0,nfl_data_py,0,0,proxy_draft_year_age,,1,,0,0,proxy_age_at_draft,21.0,0,proxy_age_at_draft,74.0,0,nfl_combine,213.0,0,nfl_combine,45.0,0,nfl_combine,1,0,nfl_combine_szekely2023_proxy,,1,,,1,,,1,,,1,,,1,,,1,,,1,,76,0,nfl_data_py,3,0,nfl_data_py,,1,,,1,,0.2930614338848275,0,cfbd,,1,,,1,,0.2464,0,cfbd,,1,,0.2754,0,cfbd,21.0,0,cfbd_proxy,,1,,,1,,,1,,,1,,,1,,,1,,,1,,15.52,0,cfbd,,1,,,1,,,1,,,1,,0,0,proxy_age_at_draft,0,0,,1,,1.7919,0,cfbd,,,,,,,,,,,,,,,,,,
00-0032257,Duke Johnson,RB,2015,77,3,CLE,Miami (FL),21.0,16,144.20000000000002,16,216.10000000000002,16,132.0,48,492.3,10.256,0,1,0,10.2562,11.2764,-1.0202,1,head_b_v3,v3,21.0,0,nfl_data_py,0,0,proxy_draft_year_age,,1,,1,0,proxy_age_at_draft,20.0,0,proxy_age_at_draft,69.0,0,nfl_combine,207.0,0,nfl_combine,,1,,,1,,97.45,0,combine_barnwell2008,207.0,0,nfl_combine,,1,,1,0,combine_szekely2023_proxy,,1,,,1,,,1,,77,0,nfl_data_py,3,0,nfl_data_py,21.0,0,nfl_data_py,,1,,,1,,,1,,,1,,,1,,,1,,,1,,,1,,,1,,,1,,,1,,,1,,,1,,,1,,,1,,,1,,,1,,,1,,,1,,13.9,0,cfbd_sp_plus,,1,,0,0,,,,,,,,,,,,,,,,,,,,1,,,1,
00-0032214,Tyler Kroft,TE,2015,85,3,CIN,Rutgers,22.0,6,19.2,15,124.4,5,7.6,26,151.2,5.815,0,1,0,5.8154,8.082,-2.2666,1,head_b_v3,v3,22.0,0,nfl_data_py,0,0,proxy_draft_year_age,,1,,0,0,proxy_age_at_draft,21.0,0,proxy_age_at_draft,77.0,0,nfl_combine,246.0,0,nfl_combine,,1,,,1,,,1,,,1,,,1,,,1,,246.0,0,nfl_combine,29.17,0,nfl_combine_derived,97.92,0,combine_pp_hass_approx,85,0,nfl_data_py,3,0,nfl_data_py,,1,,22.0,0,nfl_data_py,,1,,,1,,0.045500676589986466,0,cfbd,,1,,,1,,,1,,,1,,,1,,,1,,,1,,0.6919,0,cfbd,,1,,,1,,,1,,,1,,12.67,0,cfbd,,1,,,1,,,1,,,1,,0,0,,,,,,,,,,,,,,,,,,,,,,,,
00-0032187,David Johnson,RB,2015,86,3,ARI,Northern Iowa,23.0,16,407.8,1,13.0,16,246.60000000000002,33,667.4,20.224,0,1,0,20.2242,11.2764,8.9478,1,head_b_v3,v3,23.0,0,nfl_data_py,0,0,proxy_draft_year_age,,1,,0,0,proxy_age_at_draft,22.0,0,proxy_age_at_draft,73.0,0,nfl_combine,224.0,0,nfl_combine,,1,,,1,,109.25,0,combine_barnwell2008,224.0,0,nfl_combine,6.82,0,nfl_combine,1,0,combine_szekely2023_proxy,,1,,,1,,,1,,86,0,nfl_data_py,3,0,nfl_data_py,23.0,0,nfl_data_py,,1,,,1,,,1,,,1,,,1,,,1,,,1,,,1,,,1,,0.4772,0,cfbd,,1,,,1,,,1,,,1,,,1,,,1,,,1,,,1,,,1,,,1,,,1,,0,0,,,,,,,,,,,,,,,,,,,,1,below_volume_gate,22.4615,0,cfbd
00-0032166,Sammie Coates,WR,2015,87,3,PIT,Auburn,22.0,11,77.9,5,13.000000000000002,2,2.2,18,93.1,5.172,0,1,0,5.1722,8.2367,-3.0645,1,head_b_v3,v3,22.0,0,nfl_data_py,0,0,proxy_draft_year_age,,1,,0,0,proxy_age_at_draft,21.0,0,proxy_age_at_draft,73.0,0,nfl_combine,212.0,0,nfl_combine,41.0,0,nfl_combine,1,0,nfl_combine_szekely2023_proxy,,1,,,1,,,1,,,1,,,1,,,1,,,1,,87,0,nfl_data_py,3,0,nfl_data_py,,1,,,1,,0.21111872013055133,0,cfbd,,1,,,1,,0.3518,0,cfbd,,1,,0.3009,0,cfbd,20.0,0,cfbd_proxy,,1,,,1,,,1,,,1,,,1,,,1,,,1,,22.59,0,cfbd,,1,,,1,,,1,,,1,,0,0,proxy_age_at_draft,0,0,,1,,2.1596,0,cfbd,,,,,,,,,,,,,,,,,,
00-0032245,Sean Mannion,QB,2015,89,3,STL,Oregon St.,23.0,1,-1.34,5,5.2,3,0.01999999999999999,9,3.88,0.431,1,1,0,0.4311,,,0,head_b_v3,v3,23.0,0,nfl_data_py,0,0,proxy_draft_year_age,,1,,0,0,proxy_age_at_draft,22.0,0,proxy_age_at_draft,78.0,0,nfl_combine,229.0,0,nfl_combine,,1,,,1,,,1,,,1,,,1,,,1,,,1,,,1,,,1,,89,0,nfl_data_py,3,0,nfl_data_py,,1,,,1,,,1,,,1,,,1,,,1,,,1,,,1,,,1,,,1,,,1,,,1,,,1,,,1,,,1,,,1,,,1,,,1,,,1,,,1,,,1,,,1,,0,0,,,,,,,0.623,0,cfbd,7.0,0,cfbd,1.875,0,cfbd,,1,,,,,,,
00-0032227,Jeff Heuerman,TE,2015,92,3,DEN,Ohio St.,22.0,6,23.1,10,35.2,10,71.1,26,129.4,4.977,0,1,0,4.9769,7.6934,-2.7165,1,head_b_v3,v3,22.0,0,nfl_data_py,0,0,proxy_draft_year_age,,1,,0,0,proxy_age_at_draft,21.0,0,proxy_age_at_draft,77.0,0,nfl_combine,254.0,0,nfl_combine,,1,,,1,,,1,,,1,,,1,,,1,,254.0,0,nfl_combine,30.12,0,nfl_combine_derived,96.15,0,combine_pp_hass_approx,92,0,nfl_data_py,3,0,nfl_data_py,,1,,22.0,0,nfl_data_py,,1,,,1,,0.05172967487507547,0,cfbd,,1,,,1,,,1,,,1,,,1,,,1,,,1,,0.5061,0,cfbd,,1,,,1,,,1,,,1,,14.2,0,cfbd,,1,,,1,,,1,,,1,,0,0,,,,,,,,,,,,,,,,,,,,,,,,
00-0032200,Ty Montgomery,WR,2015,94,3,GNB,Stanford,22.0,13,140.5,8,91.6,12,72.8,33,304.9,9.239,0,1,0,9.2394,8.2367,1.0027,1,head_b_v3,v3,22.0,0,nfl_data_py,0,0,proxy_draft_year_age,,1,,0,0,proxy_age_at_draft,21.0,0,proxy_age_at_draft,72.0,0,nfl_combine,221.0,0,nfl_combine,40.5,0,nfl_combine,1,0,nfl_combine_szekely2023_proxy,,1,,,1,,,1,,,1,,,1,,,1,,,1,,94,0,nfl_data_py,3,0,nfl_data_py,,1,,,1,,0.17607095046854082,0,cfbd,,1,,,1,,0.2173,0,cfbd,,1,,0.192,0,cfbd,20.0,0,cfbd_proxy,,1,,,1,,,1,,,1,,,1,,,1,,,1,,12.31,0,cfbd,,1,,,1,,,1,,,1,,0,0,proxy_age_at_draft,0,0,,1,,1.5853,0,cfbd,,,,,,,,,,,,,,,,,,
00-0031939,Matt Jones,RB,2015,95,3,WAS,Florida,22.0,7,75.3,2,1.4000000000000001,0,0.0,9,76.7,8.522,1,1,0,8.5222,7.3666,1.1556,1,head_b_v3,v3,22.0,0,nfl_data_py,0,0,proxy_draft_year_age,,1,,0,0,proxy_age_at_draft,21.0,0,proxy_age_at_draft,74.0,0,nfl_combine,231.0,0,nfl_combine,,1,,,1,,102.29,0,combine_barnwell2008,231.0,0,nfl_combine,,1,,1,0,combine_szekely2023_proxy,,1,,,1,,,1,,95,0,nfl_data_py,3,0,nfl_data_py,22.0,0,nfl_data_py,,1,,,1,,0.31775795252704664,0,cfbd,,1,,,1,,,1,,,1,,,1,,,1,,0.2133,0,cfbd,,1,,,1,,,1,,,1,,,1,,,1,,,1,,,1,,,1,,17.3,0,cfbd_sp_plus,,1,,0,0,,,,,,,,,,,,,,,,,,,4.9217,0,cfbd,5.2632,0,cfbd
00-0031568,Bryce Petty,QB,2015,103,4,NYJ,Baylor,24.0,6,32.26,4,25.259999999999998,0,0.0,10,57.52,5.752,1,1,0,5.752,,,0,head_b_v3,v3,24.0,0,nfl_data_py,0,0,proxy_draft_year_age,,1,,0,0,proxy_age_at_draft,23.0,0,proxy_age_at_draft,75.0,0,nfl_combine,230.0,0,nfl_combine,,1,,,1,,,1,,,1,,,1,,,1,,,1,,,1,,,1,,103,0,nfl_data_py,4,0,nfl_data_py,,1,,,1,,,1,,,1,,,1,,,1,,,1,,,1,,,1,,,1,,,1,,,1,,,1,,,1,,,1,,,1,,,1,,,1,,,1,,,1,,,1,,,1,,0,0,,,,,,,0.631,0,cfbd,9.0,0,cfbd,4.142857,0,cfbd,,1,,,,,,,
00-0031941,Jamison Crowder,WR,2015,105,4,WAS,Duke,22.0,16,197.5,15,166.3,9,82.80000000000001,40,446.6,11.165,0,1,0,11.165,8.2367,2.9283,1,head_b_v3,v3,22.0,0,nfl_data_py,0,0,proxy_draft_year_age,,1,,0,0,proxy_age_at_draft,21.0,0,proxy_age_at_draft,68.0,0,nfl_combine,185.0,0,nfl_combine,37.0,0,nfl_combine,1,0,nfl_combine_szekely2023_proxy,,1,,,1,,,1,,,1,,,1,,,1,,,1,,105,0,nfl_data_py,4,0,nfl_data_py,,1,,,1,,0.3159358487067767,0,cfbd,,1,,,1,,0.3653,0,cfbd,,1,,0.3326,0,cfbd,19.0,0,cfbd_proxy,,1,,,1,,,1,,,1,,,1,,,1,,,1,,12.9,0,cfbd,,1,,,1,,,1,,,1,,0,0,proxy_age_at_draft,0,0,,1,,2.0,0,cfbd,,,,,,,,,,,,,,,,,,
00-0031569,Jeremy Langford,RB,2015,106,4,CHI,Michigan St.,23.0,12,73.2,0,0.0,1,2.5,13,75.7,5.823,1,1,0,5.8231,7.3384,-1.5153,1,head_b_v3,v3,23.0,0,nfl_data_py,0,0,proxy_draft_year_age,,1,,0,0,proxy_age_at_draft,22.0,0,proxy_age_at_draft,72.0,0,nfl_combine,208.0,0,nfl_combine,,1,,,1,,108.99,0,combine_barnwell2008,208.0,0,nfl_combine,7.22,0,nfl_combine,1,0,combine_szekely2023_proxy,,1,,,1,,,1,,106,0,nfl_data_py,4,0,nfl_data_py,23.0,0,nfl_data_py,,1,,,1,,0.49893686620870137,0,cfbd,,1,,,1,,,1,,,1,,,1,,,1,,0.2369,0,cfbd,,1,,,1,,,1,,,1,,,1,,,1,,,1,,,1,,,1,,24.1,0,cfbd_sp_plus,,1,,0,0,,,,,,,,,,,,,,,,,,,5.4618,0,cfbd,6.0938,0,cfbd
00-0031570,Justin Hardy,WR,2015,107,4,ATL,East Carolina,23.0,11,65.3,10,60.1,8,39.300000000000004,29,164.7,5.679,0,1,0,5.6793,8.2367,-2.5574,1,head_b_v3,v3,23.0,0,nfl_data_py,0,0,proxy_draft_year_age,,1,,0,0,proxy_age_at_draft,22.0,0,proxy_age_at_draft,70.0,0,nfl_combine,192.0,0,nfl_combine,36.5,0,nfl_combine,1,0,nfl_combine_szekely2023_proxy,,1,,,1,,,1,,,1,,,1,,,1,,,1,,107,0,nfl_data_py,4,0,nfl_data_py,,1,,,1,,0.31578877139140005,0,cfbd,,1,,,1,,0.3026,0,cfbd,,1,,0.3065,0,cfbd,19.0,0,cfbd_proxy,,1,,,1,,,1,,,1,,,1,,,1,,,1,,11.76,0,cfbd,,1,,,1,,,1,,,1,,0,0,proxy_age_at_draft,0,0,,1,,2.0942,0,cfbd,,,,,,,,,,,,,,,,,,
00-0032062,Blake Bell,TE,2015,117,4,SFO,Oklahoma,24.0,6,12.5,3,6.9,7,14.7,16,34.1,2.131,0,1,0,2.1313,6.2285,-4.0972,1,head_b_v3,v3,24.0,0,nfl_data_py,0,0,proxy_draft_year_age,,1,,0,0,proxy_age_at_draft,23.0,0,proxy_age_at_draft,78.0,0,nfl_combine,252.0,0,nfl_combine,,1,,,1,,,1,,,1,,,1,,,1,,252.0,0,nfl_combine,29.12,0,nfl_combine_derived,97.44,0,combine_pp_hass_approx,117,0,nfl_data_py,4,0,nfl_data_py,,1,,24.0,0,nfl_data_py,,1,,,1,,0.15808545640478414,0,cfbd,,1,,,1,,,1,,,1,,,1,,,1,,,1,,0.5518,0,cfbd,,1,,,1,,,1,,,1,,14.2,0,cfbd,,1,,,1,,,1,,,1,,0,0,,,,,,,,,,,,,,,,,,,,,,,,
00-0032188,Vince Mayle,WR,2015,123,4,CLE,Washington St.,24.0,0,0.0,3,6.2,0,0.0,3,6.2,2.067,1,1,1,,6.5416,,0,head_b_v3,v3,24.0,0,nfl_data_py,0,0,proxy_draft_year_age,,1,,0,0,proxy_age_at_draft,23.0,0,proxy_age_at_draft,74.0,0,nfl_combine,224.0,0,nfl_combine,35.5,0,nfl_combine,1,0,nfl_combine_szekely2023_proxy,,1,,,1,,,1,,,1,,,1,,,1,,,1,,123,0,nfl_data_py,4,0,nfl_data_py,,1,,,1,,0.22936147941381718,0,cfbd,,1,,,1,,0.2587,0,cfbd,,1,,0.2294,0,cfbd,23.0,0,cfbd_proxy,,1,,,1,,,1,,,1,,,1,,,1,,,1,,13.59,0,cfbd,,1,,,1,,,1,,,1,,0,0,proxy_age_at_draft,0,0,,1,,1.9235,0,cfbd,,,,,,,,,,,,,,,,,,
00-0031577,Javorius Allen,RB,2015,125,4,BAL,USC,24.0,3,7.9,16,166.10000000000002,11,93.60000000000001,30,267.6,8.92,0,1,0,8.92,7.3384,1.5816,1,head_b_v3,v3,24.0,0,nfl_data_py,0,0,proxy_draft_year_age,,1,,0,0,proxy_age_at_draft,23.0,0,proxy_age_at_draft,72.0,0,nfl_combine,221.0,0,nfl_combine,,1,,,1,,104.96,0,combine_barnwell2008,221.0,0,nfl_combine,6.96,0,nfl_combine,1,0,combine_szekely2023_proxy,,1,,,1,,,1,,125,0,nfl_data_py,4,0,nfl_data_py,24.0,0,nfl_data_py,,1,,,1,,0.6614350966645421,0,cfbd,,1,,,1,,,1,,,1,,,1,,,1,,0.326,0,cfbd,,1,,,1,,,1,,,1,,,1,,,1,,,1,,,1,,,1,,17.1,0,cfbd_sp_plus,,1,,0,0,,,,,,,,,,,,,,,,,,,5.348,0,cfbd,11.3966,0,cfbd
00-0032063,Mike Davis,RB,2015,126,4,SFO,South Carolina,22.0,6,14.5,6,52.1,15,136.8,27,203.4,7.533,0,1,0,7.5333,7.3384,0.1949,1,head_b_v3,v3,22.0,0,nfl_data_py,0,0,proxy_draft_year_age,,1,,0,0,proxy_age_at_draft,21.0,0,proxy_age_at_draft,69.0,0,nfl_combine,217.0,0,nfl_combine,,1,,,1,,96.09,0,combine_barnwell2008,217.0,0,nfl_combine,7.0,0,nfl_combine,1,0,combine_szekely2023_proxy,,1,,,1,,,1,,126,0,nfl_data_py,4,0,nfl_data_py,22.0,0,nfl_data_py,,1,,,1,,0.4302436693741042,0,cfbd,,1,,,1,,,1,,,1,,,1,,,1,,0.2348,0,cfbd,,1,,,1,,,1,,,1,,,1,,,1,,,1,,,1,,,1,,17.4,0,cfbd_sp_plus,,1,,0,0,,,,,,,,,,,,,,,,,,,4.9839,0,cfbd,11.0923,0,cfbd
00-0032064,DeAndre Smelter,WR,2015,132,4,SFO,Georgia Tech,23.0,1,3.3000000000000003,0,0.0,0,0.0,1,3.3,3.3,1,1,1,,6.5416,,0,head_b_v3,v3,23.0,0,nfl_data_py,0,0,proxy_draft_year_age,,1,,0,0,proxy_age_at_draft,22.0,0,proxy_age_at_draft,74.0,0,nfl_combine,226.0,0,nfl_combine,,1,,,1,,,1,,,1,,,1,,,1,,,1,,,1,,,1,,132,0,nfl_data_py,4,0,nfl_data_py,,1,,,1,,0.37416801834554503,0,cfbd,,1,,,1,,0.415,0,cfbd,,1,,0.4019,0,cfbd,21.0,0,cfbd_proxy,,1,,,1,,,1,,,1,,,1,,,1,,,1,,18.93,0,cfbd,,1,,,1,,,1,,,1,,0,0,proxy_age_at_draft,0,0,,1,,3.5222,0,cfbd,,,,,,,,,,,,,,,,,,
00-0032133,David Cobb,RB,2015,138,5,TEN,Minnesota,22.0,0,0.0,0,0.0,0,0.0,0,0.0,0.0,1,1,1,,7.3384,,0,head_b_v3,v3,22.0,0,nfl_data_py,0,0,proxy_draft_year_age,,1,,0,0,proxy_age_at_draft,21.0,0,proxy_age_at_draft,71.0,0,nfl_combine,229.0,0,nfl_combine,,1,,,1,,85.56,0,combine_barnwell2008,229.0,0,nfl_combine,,1,,1,0,combine_szekely2023_proxy,,1,,,1,,,1,,138,0,nfl_data_py,5,0,nfl_data_py,22.0,0,nfl_data_py,,1,,,1,,0.4939140039271689,0,cfbd,,1,,,1,,,1,,,1,,,1,,,1,,0.4261,0,cfbd,,1,,,1,,,1,,,1,,,1,,,1,,,1,,,1,,,1,,6.8,0,cfbd_sp_plus,,1,,0,0,,,,,,,,,,,,,,,,,,,5.2653,0,cfbd,10.1379,0,cfbd
00-0032170,Rashad Greene,WR,2015,139,5,JAX,Florida St.,22.0,4,8.2,0,0.0,5,10.0,9,18.2,2.022,1,1,0,2.0222,6.5416,-4.5194,1,head_b_v3,v3,22.0,0,nfl_data_py,0,0,proxy_draft_year_age,,1,,0,0,proxy_age_at_draft,21.0,0,proxy_age_at_draft,71.0,0,nfl_combine,182.0,0,nfl_combine,36.5,0,nfl_combine,1,0,nfl_combine_szekely2023_proxy,,1,,,1,,,1,,,1,,,1,,,1,,,1,,139,0,nfl_data_py,5,0,nfl_data_py,,1,,,1,,,1,,,1,,,1,,,1,,,1,,,1,,,1,,,1,,,1,,,1,,,1,,,1,,,1,,,1,,,1,,,1,,,1,,,1,,,1,,0,0,proxy_age_at_draft,0,0,,1,,,1,,,,,,,,,,,,,,,,,,,
00-0031585,MyCole Pruitt,TE,2015,143,5,MIN,Southern Illinois,23.0,2,3.3000000000000003,0,0.0,7,25.2,9,28.5,3.167,1,1,0,3.1667,6.2285,-3.0618,1,head_b_v3,v3,23.0,0,nfl_data_py,0,0,proxy_draft_year_age,,1,,0,0,proxy_age_at_draft,22.0,0,proxy_age_at_draft,74.0,0,nfl_combine,251.0,0,nfl_combine,,1,,,1,,,1,,,1,,,1,,,1,,251.0,0,nfl_combine,32.22,0,nfl_combine_derived,111.09,0,combine_pp_hass_approx,143,0,nfl_data_py,5,0,nfl_data_py,,1,,23.0,0,nfl_data_py,,1,,,1,,,1,,,1,,,1,,,1,,,1,,,1,,,1,,,1,,,1,,,1,,,1,,,1,,,1,,13.0,0,cfbd,,1,,,1,,,1,,,1,,0,0,,,,,,,,,,,,,,,,,,,,,,,,
00-0031588,Stefon Diggs,WR,2015,146,5,MIN,Maryland,21.0,13,193.3,14,198.2,15,266.3,42,657.8,15.662,0,1,0,15.6619,6.5416,9.1203,1,head_b_v3,v3,21.0,0,nfl_data_py,0,0,proxy_draft_year_age,,1,,1,0,proxy_age_at_draft,20.0,0,proxy_age_at_draft,72.0,0,nfl_combine,195.0,0,nfl_combine,35.0,0,nfl_combine,1,0,nfl_combine_szekely2023_proxy,,1,,,1,,,1,,,1,,,1,,,1,,,1,,146,0,nfl_data_py,5,0,nfl_data_py,,1,,,1,,0.2698953986433075,0,cfbd,,1,,,1,,0.246,0,cfbd,,1,,0.2546,0,cfbd,18.0,0,cfbd_proxy,,1,,,1,,,1,,,1,,,1,,,1,,,1,,14.92,0,cfbd,,1,,,1,,,1,,,1,,1,0,proxy_age_at_draft,0,0,,1,,1.5646,0,cfbd,,,,,,,,,,,,,,,,,,
00-0031589,Brett Hundley,QB,2015,147,5,GNB,UCLA,22.0,4,-1.52,11,124.44000000000001,0,0.0,15,122.92,8.195,1,1,0,8.1947,,,0,head_b_v3,v3,22.0,0,nfl_data_py,0,0,proxy_draft_year_age,,1,,0,0,proxy_age_at_draft,21.0,0,proxy_age_at_draft,75.0,0,nfl_combine,226.0,0,nfl_combine,,1,,,1,,,1,,,1,,,1,,,1,,,1,,,1,,,1,,147,0,nfl_data_py,5,0,nfl_data_py,,1,,,1,,,1,,,1,,,1,,,1,,,1,,,1,,,1,,,1,,,1,,,1,,,1,,,1,,,1,,,1,,,1,,,1,,,1,,,1,,,1,,,1,,0,0,,,,,,,0.691,0,cfbd,8.0,0,cfbd,4.4,0,cfbd,,1,,,,,,,
00-0031590,Jay Ajayi,RB,2015,149,5,MIA,Boise St.,22.0,15,215.3,14,135.1,4,43.4,33,393.8,11.933,0,1,0,11.9333,7.0626,4.8707,1,head_b_v3,v3,22.0,0,nfl_data_py,0,0,proxy_draft_year_age,,1,,0,0,proxy_age_at_draft,21.0,0,proxy_age_at_draft,72.0,0,nfl_combine,221.0,0,nfl_combine,,1,,,1,,101.33,0,combine_barnwell2008,221.0,0,nfl_combine,7.1,0,nfl_combine,1,0,combine_szekely2023_proxy,,1,,,1,,,1,,149,0,nfl_data_py,5,0,nfl_data_py,22.0,0,nfl_data_py,,1,,,1,,0.6634165767432301,0,cfbd,,1,,,1,,,1,,,1,,,1,,,1,,0.3426,0,cfbd,,1,,,1,,,1,,,1,,,1,,,1,,,1,,,1,,,1,,11.6,0,cfbd_sp_plus,,1,,0,0,,,,,,,,,,,,,,,,,,,5.1969,0,cfbd,11.9194,0,cfbd
00-0032152,Karlos Williams,RB,2015,155,5,BUF,Florida St.,22.0,0,0.0,0,0.0,0,0.0,0,0.0,0.0,1,1,1,,6.9631,,0,head_b_v3,v3,22.0,0,nfl_data_py,0,0,proxy_draft_year_age,,1,,0,0,proxy_age_at_draft,21.0,0,proxy_age_at_draft,73.0,0,nfl_combine,230.0,0,nfl_combine,,1,,,1,,114.19,0,combine_barnwell2008,230.0,0,nfl_combine,7.16,0,nfl_combine,1,0,combine_szekely2023_proxy,,1,,,1,,,1,,155,0,nfl_data_py,5,0,nfl_data_py,22.0,0,nfl_data_py,,1,,,1,,0.38192408652832865,0,cfbd,,1,,,1,,,1,,,1,,,1,,,1,,0.1938,0,cfbd,,1,,,1,,,1,,,1,,,1,,,1,,,1,,,1,,,1,,28.5,0,cfbd_sp_plus,,1,,0,0,,,,,,,,,,,,,,,,,,,4.413,0,cfbd,8.6774,0,cfbd
00-0031594,Tony Lippett,WR,2015,156,5,MIA,Michigan St.,23.0,0,0.0,0,0.0,0,0.0,0,0.0,0.0,1,1,1,,6.5416,,0,head_b_v3,v3,23.0,0,nfl_data_py,0,0,proxy_draft_year_age,,1,,0,0,proxy_age_at_draft,22.0,0,proxy_age_at_draft,74.0,0,nfl_combine,192.0,0,nfl_combine,36.0,0,nfl_combine,1,0,nfl_combine_szekely2023_proxy,,1,,,1,,,1,,,1,,,1,,,1,,,1,,156,0,nfl_data_py,5,0,nfl_data_py,,1,,,1,,0.38501080442870195,0,cfbd,,1,,,1,,0.3611,0,cfbd,,1,,0.4097,0,cfbd,20.0,0,cfbd_proxy,,1,,,1,,,1,,,1,,,1,,,1,,,1,,14.98,0,cfbd,,1,,,1,,,1,,,1,,0,0,proxy_age_at_draft,0,0,,1,,2.81,0,cfbd,,,,,,,,,,,,,,,,,,
00-0032134,C.J. Uzomah,TE,2015,157,5,CIN,Auburn,22.0,8,54.400000000000006,9,25.2,16,104.9,33,184.5,5.591,0,1,0,5.5909,6.1922,-0.6013,1,head_b_v3,v3,22.0,0,nfl_data_py,0,0,proxy_draft_year_age,,1,,0,0,proxy_age_at_draft,21.0,0,proxy_age_at_draft,,1,,,1,,,1,,,1,,,1,,,1,,,1,,,1,,,1,,,1,,,1,,157,0,nfl_data_py,5,0,nfl_data_py,,1,,22.0,0,nfl_data_py,,1,,,1,,0.08951363795314139,0,cfbd,,1,,,1,,,1,,,1,,,1,,,1,,,1,,0.3765,0,cfbd,,1,,,1,,,1,,,1,,15.65,0,cfbd,,1,,,1,,,1,,,1,,0,0,,,,,,,,,,,,,,,,,,,,,,,,
00-0032112,JJ Nelson,WR,2015,159,5,ARI,Ala-Birmingham,23.0,14,139.1,16,95.5,9,13.4,39,248.0,6.359,0,1,0,6.359,6.5416,-0.1826,1,head_b_v3,v3,23.0,0,nfl_data_py,0,0,proxy_draft_year_age,,1,,0,0,proxy_age_at_draft,22.0,0,proxy_age_at_draft,70.0,0,nfl_combine,156.0,0,nfl_combine,36.0,0,nfl_combine,1,0,nfl_combine_szekely2023_proxy,,1,,,1,,,1,,,1,,,1,,,1,,,1,,159,0,nfl_data_py,5,0,nfl_data_py,,1,,,1,,,1,,,1,,,1,,0.2484,0,cfbd,,1,,0.2418,0,cfbd,19.0,0,cfbd_proxy,,1,,,1,,,1,,,1,,,1,,,1,,,1,,19.59,0,cfbd,,1,,,1,,,1,,,1,,0,0,proxy_age_at_draft,0,0,,1,,1.997,0,cfbd,,,,,,,,,,,,,,,,,,
00-0032135,Jesse James,TE,2015,160,5,PIT,Penn St.,21.0,16,90.8,14,98.2,14,84.3,44,273.3,6.211,0,1,0,6.2114,6.1922,0.0192,1,head_b_v3,v3,21.0,0,nfl_data_py,0,0,proxy_draft_year_age,,1,,1,0,proxy_age_at_draft,20.0,0,proxy_age_at_draft,79.0,0,nfl_combine,261.0,0,nfl_combine,,1,,,1,,,1,,,1,,,1,,,1,,261.0,0,nfl_combine,29.4,0,nfl_combine_derived,99.7,0,combine_pp_hass_approx,160,0,nfl_data_py,5,0,nfl_data_py,,1,,21.0,0,nfl_data_py,,1,,,1,,0.18064499771816844,0,cfbd,,1,,,1,,,1,,,1,,,1,,,1,,,1,,0.7425,0,cfbd,,1,,,1,,,1,,,1,,13.04,0,cfbd,,1,,,1,,,1,,,1,,0,0,,,,,,,,,,,,,,,,,,,,,,,,
00-0032113,Kenny Bell,WR,2015,162,5,TAM,Nebraska,23.0,0,0.0,0,0.0,0,0.0,0,0.0,0.0,1,1,1,,6.5416,,0,head_b_v3,v3,23.0,0,nfl_data_py,0,0,proxy_draft_year_age,,1,,0,0,proxy_age_at_draft,22.0,0,proxy_age_at_draft,73.0,0,nfl_combine,197.0,0,nfl_combine,41.5,0,nfl_combine,1,0,nfl_combine_szekely2023_proxy,,1,,,1,,,1,,,1,,,1,,,1,,,1,,162,0,nfl_data_py,5,0,nfl_data_py,,1,,,1,,0.2679089590134204,0,cfbd,,1,,,1,,0.3018,0,cfbd,,1,,0.2699,0,cfbd,20.0,0,cfbd_proxy,,1,,,1,,,1,,,1,,,1,,,1,,,1,,15.02,0,cfbd,,1,,,1,,,1,,,1,,0,0,proxy_age_at_draft,0,0,,1,,1.9972,0,cfbd,,,,,,,,,,,,,,,,,,
00-0031598,Nick Boyle,TE,2015,171,5,BAL,Delaware,22.0,3,10.4,15,50.300000000000004,12,44.3,30,105.0,3.5,0,1,0,3.5,6.0347,-2.5347,1,head_b_v3,v3,22.0,0,nfl_data_py,0,0,proxy_draft_year_age,,1,,0,0,proxy_age_at_draft,21.0,0,proxy_age_at_draft,76.0,0,nfl_combine,268.0,0,nfl_combine,,1,,,1,,,1,,,1,,,1,,,1,,268.0,0,nfl_combine,32.62,0,nfl_combine_derived,83.07,0,combine_pp_hass_approx,171,0,nfl_data_py,5,0,nfl_data_py,,1,,22.0,0,nfl_data_py,,1,,,1,,,1,,,1,,,1,,,1,,,1,,,1,,,1,,,1,,,1,,,1,,,1,,,1,,,1,,11.75,0,cfbd,,1,,,1,,,1,,,1,,0,0,,,,,,,,,,,,,,,,,,,,,,,,
00-0031951,James O'Shaughnessy,TE,2015,173,5,KAN,Illinois St.,23.0,3,1.9,14,34.900000000000006,13,45.400000000000006,30,82.2,2.74,0,1,0,2.74,5.908,-3.168,1,head_b_v3,v3,23.0,0,nfl_data_py,0,0,proxy_draft_year_age,,1,,0,0,proxy_age_at_draft,22.0,0,proxy_age_at_draft,,1,,,1,,,1,,,1,,,1,,,1,,,1,,,1,,,1,,,1,,,1,,173,0,nfl_data_py,5,0,nfl_data_py,,1,,23.0,0,nfl_data_py,,1,,,1,,,1,,,1,,,1,,,1,,,1,,,1,,,1,,,1,,,1,,,1,,,1,,,1,,,1,,,1,,,1,,,1,,,1,,,1,,0,0,,,,,,,,,,,,,,,,,,,,,,,,
00-0031599,Cameron Artis-Payne,RB,2015,174,5,CAR,Auburn,25.0,3,28.5,5,16.700000000000003,4,17.400000000000002,12,62.6,5.217,1,1,0,5.2167,6.9631,-1.7464,1,head_b_v3,v3,25.0,0,nfl_data_py,0,0,proxy_draft_year_age,,1,,0,0,proxy_age_at_draft,24.0,0,proxy_age_at_draft,70.0,0,nfl_combine,212.0,0,nfl_combine,,1,,,1,,100.69,0,combine_barnwell2008,212.0,0,nfl_combine,7.13,0,nfl_combine,1,0,combine_szekely2023_proxy,,1,,,1,,,1,,174,0,nfl_data_py,5,0,nfl_data_py,25.0,0,nfl_data_py,,1,,,1,,0.44522075429087626,0,cfbd,,1,,,1,,,1,,,1,,,1,,,1,,0.3131,0,cfbd,,1,,,1,,,1,,,1,,,1,,,1,,,1,,,1,,,1,,24.2,0,cfbd_sp_plus,,1,,0,0,,,,,,,,,,,,,,,,,,,5.3502,0,cfbd,10.2308,0,cfbd
00-0031600,Keith Mumphery,WR,2015,175,5,HOU,Michigan St.,23.0,5,16.900000000000002,0,0.0,0,0.0,5,16.9,3.38,1,1,1,,6.0142,,0,head_b_v3,v3,23.0,0,nfl_data_py,0,0,proxy_draft_year_age,,1,,0,0,proxy_age_at_draft,22.0,0,proxy_age_at_draft,72.0,0,nfl_combine,215.0,0,nfl_combine,32.5,0,nfl_combine,1,0,nfl_combine_szekely2023_proxy,,1,,,1,,,1,,,1,,,1,,,1,,,1,,175,0,nfl_data_py,5,0,nfl_data_py,,1,,,1,,0.12936911047249883,0,cfbd,,1,,,1,,0.1311,0,cfbd,,1,,0.1072,0,cfbd,,1,,,1,,,1,,,1,,,1,,,1,,,1,,,1,,15.09,0,cfbd,,1,,,1,,,1,,,1,,0,0,proxy_age_at_draft,0,0,,1,,1.02,0,cfbd,,,,,,,,,,,,,,,,,,
00-0032115,Kaelin Clay,WR,2015,184,6,TAM,Utah,23.0,0,0.0,11,23.200000000000003,0,0.0,11,23.2,2.109,1,1,0,2.1091,5.0759,-2.9668,1,head_b_v3,v3,23.0,0,nfl_data_py,0,0,proxy_draft_year_age,,1,,0,0,proxy_age_at_draft,22.0,0,proxy_age_at_draft,70.0,0,nfl_combine,195.0,0,nfl_combine,33.0,0,nfl_combine,1,0,nfl_combine_szekely2023_proxy,,1,,,1,,,1,,,1,,,1,,,1,,,1,,184,0,nfl_data_py,6,0,nfl_data_py,,1,,,1,,0.20175097276264592,0,cfbd,,1,,,1,,0.1932,0,cfbd,,1,,0.2019,0,cfbd,22.0,0,cfbd_proxy,,1,,,1,,,1,,,1,,,1,,,1,,,1,,11.79,0,cfbd,,1,,,1,,,1,,,1,,0,0,proxy_age_at_draft,0,0,,1,,1.2169,0,cfbd,,,,,,,,,,,,,,,,,,
00-0031953,Geremy Davis,WR,2015,186,6,NYG,Connecticut,23.0,2,0.0,0,0.0,1,0.0,3,0.0,0.0,1,1,1,,5.0759,,0,head_b_v3,v3,23.0,0,nfl_data_py,0,0,proxy_draft_year_age,,1,,0,0,proxy_age_at_draft,22.0,0,proxy_age_at_draft,74.0,0,nfl_combine,216.0,0,nfl_combine,36.5,0,nfl_combine,1,0,nfl_combine_szekely2023_proxy,,1,,,1,,,1,,,1,,,1,,,1,,,1,,186,0,nfl_data_py,6,0,nfl_data_py,,1,,,1,,,1,,,1,,,1,,0.2564,0,cfbd,,1,,0.2532,0,cfbd,21.0,0,cfbd_proxy,,1,,,1,,,1,,,1,,,1,,,1,,,1,,13.86,0,cfbd,,1,,,1,,,1,,,1,,0,0,proxy_age_at_draft,0,0,,1,,,1,,,,,,,,,,,,,,,,,,,
00-0031954,Evan Spencer,WR,2015,187,6,WAS,Ohio St.,22.0,0,0.0,0,0.0,0,0.0,0,0.0,0.0,1,1,1,,5.0759,,0,head_b_v3,v3,22.0,0,nfl_data_py,0,0,proxy_draft_year_age,,1,,0,0,proxy_age_at_draft,21.0,0,proxy_age_at_draft,,1,,,1,,,1,,,1,,,1,,,1,,,1,,,1,,,1,,,1,,,1,,187,0,nfl_data_py,6,0,nfl_data_py,,1,,,1,,0.05581139928320937,0,cfbd,,1,,,1,,0.0443,0,cfbd,,1,,0.0606,0,cfbd,,1,,,1,,,1,,,1,,,1,,,1,,,1,,,1,,11.22,0,cfbd,,1,,,1,,,1,,,1,,0,0,proxy_age_at_draft,0,0,,1,,0.3472,0,cfbd,,,,,,,,,,,,,,,,,,
00-0032117,Nick O'Leary,TE,2015,194,6,BUF,Florida St.,23.0,10,22.400000000000002,13,64.2,5,22.6,28,109.2,3.9,0,1,0,3.9,4.7182,-0.8182,1,head_b_v3,v3,23.0,0,nfl_data_py,0,0,proxy_draft_year_age,,1,,0,0,proxy_age_at_draft,22.0,0,proxy_age_at_draft,75.0,0,nfl_combine,252.0,0,nfl_combine,,1,,,1,,,1,,,1,,,1,,,1,,252.0,0,nfl_combine,31.49,0,nfl_combine_derived,84.2,0,combine_pp_hass_approx,194,0,nfl_data_py,6,0,nfl_data_py,,1,,23.0,0,nfl_data_py,,1,,,1,,0.18815899126779956,0,cfbd,,1,,,1,,,1,,,1,,,1,,,1,,,1,,1.1899,0,cfbd,,1,,,1,,,1,,,1,,14.04,0,cfbd,,1,,,1,,,1,,,1,,0,0,,,,,,,,,,,,,,,,,,,,,,,,
00-0032068,Malcolm Johnson,TE,2015,195,6,CLE,Mississippi St.,23.0,5,7.6,0,0.0,0,0.0,5,7.6,1.52,1,1,1,,4.7182,,0,head_b_v3,v3,23.0,0,nfl_data_py,0,0,proxy_draft_year_age,,1,,0,0,proxy_age_at_draft,22.0,0,proxy_age_at_draft,,1,,,1,,,1,,,1,,,1,,,1,,,1,,,1,,,1,,,1,,,1,,195,0,nfl_data_py,6,0,nfl_data_py,,1,,23.0,0,nfl_data_py,,1,,,1,,0.10045615679063641,0,cfbd,,1,,,1,,,1,,,1,,,1,,,1,,,1,,0.8132,0,cfbd,,1,,,1,,,1,,,1,,14.42,0,cfbd,,1,,,1,,,1,,,1,,0,0,,,,,,,,,,,,,,,,,,,,,,,,
00-0031533,Randall Telfer,TE,2015,198,6,CLE,USC,23.0,5,2.4000000000000004,3,6.6,0,0.0,8,9.0,1.125,1,1,0,1.125,4.7182,-3.5932,1,head_b_v3,v3,23.0,0,nfl_data_py,0,0,proxy_draft_year_age,,1,,0,0,proxy_age_at_draft,22.0,0,proxy_age_at_draft,76.0,0,nfl_combine,250.0,0,nfl_combine,,1,,,1,,,1,,,1,,,1,,,1,,250.0,0,nfl_combine,30.43,0,nfl_combine_derived,91.87,0,combine_pp_hass_approx,198,0,nfl_data_py,6,0,nfl_data_py,,1,,23.0,0,nfl_data_py,,1,,,1,,0.05118563145015427,0,cfbd,,1,,,1,,,1,,,1,,,1,,,1,,,1,,0.3891,0,cfbd,,1,,,1,,,1,,,1,,9.98,0,cfbd,,1,,,1,,,1,,,1,,0,0,,,,,,,,,,,,,,,,,,,,,,,,
00-0031609,A.J. Derby,TE,2015,202,6,NWE,Arkansas,23.0,6,30.0,11,55.4,3,13.8,20,99.2,4.96,0,1,0,4.96,4.7182,0.2418,1,head_b_v3,v3,23.0,0,nfl_data_py,0,0,proxy_draft_year_age,,1,,0,0,proxy_age_at_draft,22.0,0,proxy_age_at_draft,,1,,,1,,,1,,,1,,,1,,,1,,,1,,,1,,,1,,,1,,,1,,202,0,nfl_data_py,6,0,nfl_data_py,,1,,23.0,0,nfl_data_py,,1,,,1,,,1,,,1,,,1,,,1,,,1,,,1,,,1,,,1,,,1,,,1,,,1,,,1,,,1,,,1,,,1,,,1,,,1,,,1,,0,0,,,,,,,,,,,,,,,,,,,,,,,,
00-0031610,Darren Waller,WR,2015,204,6,BAL,Georgia Tech,22.0,8,30.5,0,0.0,3,15.600000000000001,11,46.1,4.191,1,1,0,4.1909,5.0759,-0.885,1,head_b_v3,v3,22.0,0,nfl_data_py,0,0,proxy_draft_year_age,,1,,0,0,proxy_age_at_draft,21.0,0,proxy_age_at_draft,78.0,0,nfl_combine,238.0,0,nfl_combine,37.0,0,nfl_combine,1,0,nfl_combine_szekely2023_proxy,,1,,,1,,,1,,,1,,,1,,,1,,,1,,204,0,nfl_data_py,6,0,nfl_data_py,,1,,,1,,0.2753230046423178,0,cfbd,,1,,,1,,0.1904,0,cfbd,,1,,0.2341,0,cfbd,21.0,0,cfbd_proxy,,1,,,1,,,1,,,1,,,1,,,1,,,1,,17.68,0,cfbd,,1,,,1,,,1,,,1,,0,0,proxy_age_at_draft,0,0,,1,,1.6158,0,cfbd,,,,,,,,,,,,,,,,,,
00-0031611,Josh Robinson,RB,2015,205,6,IND,Mississippi St.,23.0,0,0.0,0,0.0,0,0.0,0,0.0,0.0,1,1,1,,6.9631,,0,head_b_v3,v3,23.0,0,nfl_data_py,0,0,proxy_draft_year_age,,1,,0,0,proxy_age_at_draft,22.0,0,proxy_age_at_draft,68.0,0,nfl_combine,217.0,0,nfl_combine,,1,,,1,,88.94,0,combine_barnwell2008,217.0,0,nfl_combine,,1,,1,0,combine_szekely2023_proxy,,1,,,1,,,1,,205,0,nfl_data_py,6,0,nfl_data_py,23.0,0,nfl_data_py,,1,,,1,,0.3881700238989416,0,cfbd,,1,,,1,,,1,,,1,,,1,,,1,,0.2445,0,cfbd,,1,,,1,,,1,,,1,,,1,,,1,,,1,,,1,,,1,,22.2,0,cfbd_sp_plus,,1,,0,0,,,,,,,,,,,,,,,,,,,6.3729,0,cfbd,12.0244,0,cfbd
00-0031617,Kennard Backman,TE,2015,213,6,GNB,Ala-Birmingham,22.0,0,0.0,0,0.0,0,0.0,0,0.0,0.0,1,1,1,,4.601,,0,head_b_v3,v3,22.0,0,nfl_data_py,0,0,proxy_draft_year_age,,1,,0,0,proxy_age_at_draft,21.0,0,proxy_age_at_draft,,1,,,1,,,1,,,1,,,1,,,1,,,1,,,1,,,1,,,1,,,1,,213,0,nfl_data_py,6,0,nfl_data_py,,1,,22.0,0,nfl_data_py,,1,,,1,,0.16388944656360838,0,cfbd,,1,,,1,,,1,,,1,,,1,,,1,,,1,,1.2165,0,cfbd,,1,,,1,,,1,,,1,,10.2,0,cfbd,,1,,,1,,,1,,,1,,0,0,,,,,,,,,,,,,,,,,,,,,,,,
00-0032120,Neal Sterling,WR,2015,220,7,JAX,Monmouth,23.0,5,23.0,4,14.200000000000001,4,10.7,13,47.9,3.685,1,1,0,3.6846,4.8253,-1.1407,1,head_b_v3,v3,23.0,0,nfl_data_py,0,0,proxy_draft_year_age,,1,,0,0,proxy_age_at_draft,22.0,0,proxy_age_at_draft,,1,,,1,,,1,,,1,,,1,,,1,,,1,,,1,,,1,,,1,,,1,,220,0,nfl_data_py,7,0,nfl_data_py,,1,,,1,,,1,,,1,,,1,,,1,,,1,,,1,,,1,,,1,,,1,,,1,,,1,,,1,,,1,,,1,,,1,,,1,,,1,,,1,,,1,,0,0,proxy_age_at_draft,0,0,,1,,,1,,,,,,,,,,,,,,,,,,,
00-0032121,Andre Debose,WR,2015,221,7,OAK,Florida,,0,0.0,0,0.0,0,0.0,0,0.0,0.0,1,1,1,,4.8253,,0,head_b_v3,v3,,1,,,1,,,1,,,1,,,1,,,1,,,1,,,1,,,1,,,1,,,1,,,1,,,1,,,1,,,1,,,1,,221,0,nfl_data_py,7,0,nfl_data_py,,1,,,1,,-0.0006947660954145438,0,cfbd,,1,,,1,,-0.0015,0,cfbd,,1,,-0.0008,0,cfbd,-4.0,0,cfbd_proxy,,1,,,1,,,1,,,1,,,1,,,1,,,1,,23.94,0,cfbd,,1,,,1,,,1,,,1,,,1,,0,0,,1,,,1,,,,,,,,,,,,,,,,,,,
00-0032139,Ben Koyack,TE,2015,229,7,JAX,Notre Dame,22.0,9,41.1,6,10.8,0,0.0,15,51.9,3.46,1,1,0,3.46,4.601,-1.141,1,head_b_v3,v3,22.0,0,nfl_data_py,0,0,proxy_draft_year_age,,1,,0,0,proxy_age_at_draft,21.0,0,proxy_age_at_draft,77.0,0,nfl_combine,255.0,0,nfl_combine,,1,,,1,,,1,,,1,,,1,,,1,,255.0,0,nfl_combine,30.24,0,nfl_combine_derived,98.15,0,combine_pp_hass_approx,229,0,nfl_data_py,7,0,nfl_data_py,,1,,22.0,0,nfl_data_py,,1,,,1,,0.07604419293990838,0,cfbd,,1,,,1,,,1,,,1,,,1,,,1,,,1,,0.6587,0,cfbd,,1,,,1,,,1,,,1,,12.07,0,cfbd,,1,,,1,,,1,,,1,,0,0,,,,,,,,,,,,,,,,,,,,,,,,
00-0031959,Marcus Murphy,RB,2015,230,7,NOR,Missouri,23.0,1,1.3,1,6.800000000000001,9,38.6,11,46.7,4.245,1,1,0,4.2455,6.9631,-2.7176,1,head_b_v3,v3,23.0,0,nfl_data_py,0,0,proxy_draft_year_age,,1,,0,0,proxy_age_at_draft,22.0,0,proxy_age_at_draft,69.0,0,nfl_combine,198.0,0,nfl_combine,,1,,,1,,87.68,0,combine_barnwell2008,198.0,0,nfl_combine,,1,,1,0,combine_szekely2023_proxy,,1,,,1,,,1,,230,0,nfl_data_py,7,0,nfl_data_py,23.0,0,nfl_data_py,,1,,,1,,0.3031892274982282,0,cfbd,,1,,,1,,,1,,,1,,,1,,,1,,0.2036,0,cfbd,,1,,,1,,,1,,,1,,,1,,,1,,,1,,,1,,,1,,19.3,0,cfbd_sp_plus,,1,,0,0,,,,,,,,,,,,,,,,,,,4.6485,0,cfbd,6.4222,0,cfbd
00-0031960,Da'Ron Brown,WR,2015,233,7,KAN,Northern Illinois,23.0,0,0.0,0,0.0,0,0.0,0,0.0,0.0,1,1,1,,4.8253,,0,head_b_v3,v3,23.0,0,nfl_data_py,0,0,proxy_draft_year_age,,1,,0,0,proxy_age_at_draft,22.0,0,proxy_age_at_draft,72.0,0,nfl_combine,205.0,0,nfl_combine,37.0,0,nfl_combine,1,0,nfl_combine_szekely2023_proxy,,1,,,1,,,1,,,1,,,1,,,1,,,1,,233,0,nfl_data_py,7,0,nfl_data_py,,1,,,1,,0.35592374390792897,0,cfbd,,1,,,1,,0.4067,0,cfbd,,1,,0.37,0,cfbd,21.0,0,cfbd_proxy,,1,,,1,,,1,,,1,,,1,,,1,,,1,,14.82,0,cfbd,,1,,,1,,,1,,,1,,0,0,proxy_age_at_draft,0,0,,1,,2.6026,0,cfbd,,,,,,,,,,,,,,,,,,
00-0032070,Dezmin Lewis,WR,2015,234,7,BUF,Central Arkansas,22.0,1,0.0,0,0.0,0,0.0,1,0.0,0.0,1,1,1,,4.8253,,0,head_b_v3,v3,22.0,0,nfl_data_py,0,0,proxy_draft_year_age,,1,,0,0,proxy_age_at_draft,21.0,0,proxy_age_at_draft,,1,,,1,,,1,,,1,,,1,,,1,,,1,,,1,,,1,,,1,,,1,,234,0,nfl_data_py,7,0,nfl_data_py,,1,,,1,,,1,,,1,,,1,,0.4605,0,cfbd,,1,,0.2303,0,cfbd,19.0,0,cfbd_proxy,,1,,,1,,,1,,,1,,,1,,,1,,,1,,11.16,0,cfbd,,1,,,1,,,1,,,1,,0,0,proxy_age_at_draft,0,0,,1,,,1,,,,,,,,,,,,,,,,,,,
00-0031625,Kenny Hilliard,RB,2015,235,7,HOU,LSU,23.0,0,0.0,0,0.0,0,0.0,0,0.0,0.0,1,1,1,,6.9631,,0,head_b_v3,v3,23.0,0,nfl_data_py,0,0,proxy_draft_year_age,,1,,0,0,proxy_age_at_draft,22.0,0,proxy_age_at_draft,72.0,0,nfl_combine,226.0,0,nfl_combine,,1,,,1,,83.05,0,combine_barnwell2008,226.0,0,nfl_combine,7.17,0,nfl_combine,1,0,combine_szekely2023_proxy,,1,,,1,,,1,,235,0,nfl_data_py,7,0,nfl_data_py,23.0,0,nfl_data_py,,1,,,1,,0.19656731757451182,0,cfbd,,1,,,1,,,1,,,1,,,1,,,1,,0.1,0,cfbd,,1,,,1,,,1,,,1,,,1,,,1,,,1,,,1,,,1,,21.5,0,cfbd_sp_plus,,1,,0,0,,,,,,,,,,,,,,,,,,,4.954,0,cfbd,6.2727,0,cfbd
00-0031962,Mario Alford,WR,2015,238,7,CIN,West Virginia,23.0,0,0.0,0,0.0,0,0.0,0,0.0,0.0,1,1,1,,4.8253,,0,head_b_v3,v3,23.0,0,nfl_data_py,0,0,proxy_draft_year_age,,1,,0,0,proxy_age_at_draft,22.0,0,proxy_age_at_draft,68.0,0,nfl_combine,180.0,0,nfl_combine,34.0,0,nfl_combine,1,0,nfl_combine_szekely2023_proxy,,1,,,1,,,1,,,1,,,1,,,1,,,1,,238,0,nfl_data_py,7,0,nfl_data_py,,1,,,1,,0.32619509827711723,0,cfbd,,1,,,1,,0.2352,0,cfbd,,1,,0.335,0,cfbd,22.0,0,cfbd_proxy,,1,,,1,,,1,,,1,,,1,,,1,,,1,,16.18,0,cfbd,,1,,,1,,,1,,,1,,0,0,proxy_age_at_draft,0,0,,1,,1.6629,0,cfbd,,,,,,,,,,,,,,,,,,
00-0032123,Tre McBride,WR,2015,245,7,TEN,William & Mary,22.0,0,0.0,5,22.400000000000002,0,0.0,5,22.4,4.48,1,1,1,,4.8253,,0,head_b_v3,v3,22.0,0,nfl_data_py,0,0,proxy_draft_year_age,,1,,0,0,proxy_age_at_draft,21.0,0,proxy_age_at_draft,72.0,0,nfl_combine,210.0,0,nfl_combine,38.0,0,nfl_combine,1,0,nfl_combine_szekely2023_proxy,,1,,,1,,,1,,,1,,,1,,,1,,,1,,245,0,nfl_data_py,7,0,nfl_data_py,,1,,,1,,,1,,,1,,,1,,,1,,,1,,,1,,,1,,,1,,,1,,,1,,,1,,,1,,,1,,,1,,,1,,,1,,,1,,,1,,,1,,0,0,proxy_age_at_draft,0,0,,1,,,1,,,,,,,,,,,,,,,,,,,
00-0032141,Geoff Swaim,TE,2015,246,7,DAL,Texas,21.0,6,12.9,2,4.5,8,56.2,16,73.6,4.6,0,1,0,4.6,4.601,-0.001,1,head_b_v3,v3,21.0,0,nfl_data_py,0,0,proxy_draft_year_age,,1,,1,0,proxy_age_at_draft,20.0,0,proxy_age_at_draft,,1,,,1,,,1,,,1,,,1,,,1,,,1,,,1,,,1,,,1,,,1,,246,0,nfl_data_py,7,0,nfl_data_py,,1,,21.0,0,nfl_data_py,,1,,,1,,0.04918100368273512,0,cfbd,,1,,,1,,,1,,,1,,,1,,,1,,,1,,0.1675,0,cfbd,,1,,,1,,,1,,,1,,6.83,0,cfbd,,1,,,1,,,1,,,1,,0,0,,,,,,,,,,,,,,,,,,,,,,,,
00-0032156,Trevor Siemian,QB,2015,250,7,DEN,Northwestern,23.0,14,191.74,11,126.1,0,0.0,25,317.84,12.714,0,1,0,12.7136,,,0,head_b_v3,v3,23.0,0,nfl_data_py,0,0,proxy_draft_year_age,,1,,0,0,proxy_age_at_draft,22.0,0,proxy_age_at_draft,,1,,,1,,,1,,,1,,,1,,,1,,,1,,,1,,,1,,,1,,,1,,250,0,nfl_data_py,7,0,nfl_data_py,,1,,,1,,,1,,,1,,,1,,,1,,,1,,,1,,,1,,,1,,,1,,,1,,,1,,,1,,,1,,,1,,,1,,,1,,,1,,,1,,,1,,,1,,0,0,,,,,,,0.582,0,cfbd,5.6,0,cfbd,0.636364,0,cfbd,,1,,,,,,,
00-0032072,Rory Anderson,TE,2015,254,7,SFO,South Carolina,22.0,0,0.0,0,0.0,0,0.0,0,0.0,0.0,1,1,1,,4.3667,,0,head_b_v3,v3,22.0,0,nfl_data_py,0,0,proxy_draft_year_age,,1,,0,0,proxy_age_at_draft,21.0,0,proxy_age_at_draft,77.0,0,nfl_combine,244.0,0,nfl_combine,,1,,,1,,,1,,,1,,,1,,,1,,244.0,0,nfl_combine,28.93,0,nfl_combine_derived,98.77,0,combine_pp_hass_approx,254,0,nfl_data_py,7,0,nfl_data_py,,1,,22.0,0,nfl_data_py,,1,,,1,,0.053366566511882,0,cfbd,,1,,,1,,,1,,,1,,,1,,,1,,,1,,0.5556,0,cfbd,,1,,,1,,,1,,,1,,15.69,0,cfbd,,1,,,1,,,1,,,1,,0,0,,,,,,,,,,,,,,,,,,,,,,,,
00-0032190,Gerald Christian,TE,2015,256,7,ARI,Louisville,24.0,1,2.4000000000000004,0,0.0,0,0.0,1,2.4,2.4,1,1,1,,4.3667,,0,head_b_v3,v3,24.0,0,nfl_data_py,0,0,proxy_draft_year_age,,1,,0,0,proxy_age_at_draft,23.0,0,proxy_age_at_draft,75.0,0,nfl_combine,244.0,0,nfl_combine,,1,,,1,,,1,,,1,,,1,,,1,,244.0,0,nfl_combine,30.49,0,nfl_combine_derived,85.62,0,combine_pp_hass_approx,256,0,nfl_data_py,7,0,nfl_data_py,,1,,24.0,0,nfl_data_py,,1,,,1,,0.17765567765567764,0,cfbd,,1,,,1,,,1,,,1,,,1,,,1,,,1,,0.8388,0,cfbd,,1,,,1,,,1,,,1,,13.57,0,cfbd,,1,,,1,,,1,,,1,,0,0,,,,,,,,,,,,,,,,,,,,,,,,
00-0033106,Jared Goff,QB,2016,1,1,LAR,California,21.0,15,255.26,16,312.32,16,247.52,47,815.1,17.343,0,1,0,17.3426,,,0,head_b_v3,v3,21.0,0,nfl_data_py,0,0,proxy_draft_year_age,,1,,1,0,proxy_age_at_draft,20.0,0,proxy_age_at_draft,76.0,0,nfl_combine,215.0,0,nfl_combine,,1,,,1,,,1,,,1,,,1,,,1,,,1,,,1,,,1,,1,0,nfl_data_py,1,0,nfl_data_py,,1,,,1,,,1,,,1,,,1,,,1,,,1,,,1,,,1,,,1,,,1,,,1,,,1,,,1,,,1,,,1,,,1,,,1,,,1,,,1,,,1,,,1,,0,0,,,,,,,0.645,0,cfbd,8.9,0,cfbd,3.307692,0,cfbd,,1,,,,,,,
00-0032950,Carson Wentz,QB,2016,2,1,PHI,North Dakota St.,23.0,13,283.74,11,193.66,16,275.86,40,753.26,18.832,0,1,0,18.8315,,,0,head_b_v3,v3,23.0,0,nfl_data_py,0,0,proxy_draft_year_age,,1,,0,0,proxy_age_at_draft,22.0,0,proxy_age_at_draft,77.0,0,nfl_combine,237.0,0,nfl_combine,,1,,,1,,,1,,,1,,,1,,,1,,,1,,,1,,,1,,2,0,nfl_data_py,1,0,nfl_data_py,,1,,,1,,,1,,,1,,,1,,,1,,,1,,,1,,,1,,,1,,,1,,,1,,,1,,,1,,,1,,,1,,,1,,,1,,,1,,,1,,,1,,,1,,0,0,,,,,,,,1,,,1,,,1,,,1,,,,,,,
00-0033045,Ezekiel Elliott,RB,2016,4,1,DAL,Ohio St.,21.0,10,203.2,15,329.1,16,311.70000000000005,41,844.0,20.585,0,1,0,20.5854,19.6562,0.9292,1,head_b_v3,v3,21.0,0,nfl_data_py,0,0,proxy_draft_year_age,,1,,1,0,proxy_age_at_draft,20.0,0,proxy_age_at_draft,72.0,0,nfl_combine,225.0,0,nfl_combine,,1,,,1,,112.72,0,combine_barnwell2008,225.0,0,nfl_combine,,1,,1,0,combine_szekely2023_proxy,,1,,,1,,,1,,4,0,nfl_data_py,1,0,nfl_data_py,21.0,0,nfl_data_py,,1,,,1,,0.5804740533410546,0,cfbd,,1,,,1,,,1,,,1,,,1,,,1,,0.3557,0,cfbd,,1,,,1,,,1,,,1,,,1,,,1,,,1,,,1,,,1,,29.5,0,cfbd_sp_plus,,1,,0,0,,,,,,,,,,,,,,,,,,,6.3817,0,cfbd,7.4,0,cfbd
00-0032966,Corey Coleman,WR,2016,15,1,CLE,Baylor,22.0,9,65.5,6,12.6,0,0.0,15,78.1,5.207,1,1,0,5.2067,10.4961,-5.2894,1,head_b_v3,v3,22.0,0,nfl_data_py,0,0,proxy_draft_year_age,,1,,0,0,proxy_age_at_draft,21.0,0,proxy_age_at_draft,71.0,0,nfl_combine,194.0,0,nfl_combine,40.5,0,nfl_combine,1,0,nfl_combine_szekely2023_proxy,,1,,,1,,,1,,,1,,,1,,,1,,,1,,15,0,nfl_data_py,1,0,nfl_data_py,,1,,,1,,0.40833011303255723,0,cfbd,,1,,,1,,0.3731,0,cfbd,,1,,0.4138,0,cfbd,20.0,0,cfbd_proxy,,1,,,1,,,1,,,1,,,1,,,1,,,1,,17.43,0,cfbd,,1,,,1,,,1,,,1,,0,0,proxy_age_at_draft,0,0,,1,,3.5039,0,cfbd,,,,,,,,,,,,,,,,,,
00-0033127,Will Fuller,WR,2016,21,1,HOU,Notre Dame,22.0,10,113.2,7,106.30000000000001,11,134.0,28,353.5,12.625,0,1,0,12.625,10.3868,2.2382,1,head_b_v3,v3,22.0,0,nfl_data_py,0,0,proxy_draft_year_age,,1,,0,0,proxy_age_at_draft,21.0,0,proxy_age_at_draft,72.0,0,nfl_combine,186.0,0,nfl_combine,33.5,0,nfl_combine,1,0,nfl_combine_szekely2023_proxy,,1,,,1,,,1,,,1,,,1,,,1,,,1,,21,0,nfl_data_py,1,0,nfl_data_py,,1,,,1,,,1,,,1,,,1,,,1,,,1,,,1,,,1,,,1,,,1,,,1,,,1,,,1,,,1,,,1,,,1,,,1,,,1,,,1,,,1,,0,0,proxy_age_at_draft,0,0,,1,,,1,,,,,,,,,,,,,,,,,,,
00-0032760,Josh Doctson,WR,2016,22,1,WAS,TCU,23.0,15,119.8,15,109.2,0,0.0,30,229.0,7.633,0,1,0,7.6333,10.3868,-2.7535,1,head_b_v3,v3,23.0,0,nfl_data_py,0,0,proxy_draft_year_age,,1,,0,0,proxy_age_at_draft,22.0,0,proxy_age_at_draft,74.0,0,nfl_combine,202.0,0,nfl_combine,41.0,0,nfl_combine,1,0,nfl_combine_szekely2023_proxy,,1,,,1,,,1,,,1,,,1,,,1,,,1,,22,0,nfl_data_py,1,0,nfl_data_py,,1,,,1,,0.3263767079352645,0,cfbd,,1,,,1,,0.3201,0,cfbd,,1,,0.3492,0,cfbd,20.0,0,cfbd_proxy,,1,,,1,,,1,,,1,,,1,,,1,,,1,,15.67,0,cfbd,,1,,,1,,,1,,,1,,0,0,proxy_age_at_draft,0,0,,1,,2.5667,0,cfbd,,,,,,,,,,,,,,,,,,
00-0032951,Laquon Treadwell,WR,2016,23,1,MIN,Mississippi,21.0,13,40.0,15,71.2,9,33.4,37,144.6,3.908,0,1,0,3.9081,10.3868,-6.4787,1,head_b_v3,v3,21.0,0,nfl_data_py,0,0,proxy_draft_year_age,,1,,1,0,proxy_age_at_draft,20.0,0,proxy_age_at_draft,74.0,0,nfl_combine,221.0,0,nfl_combine,33.0,0,nfl_combine,1,0,nfl_combine_szekely2023_proxy,,1,,,1,,,1,,,1,,,1,,,1,,,1,,23,0,nfl_data_py,1,0,nfl_data_py,,1,,,1,,0.2896411334011886,0,cfbd,,1,,,1,,,1,,,1,,,1,,,1,,,1,,,1,,,1,,,1,,,1,,,1,,,1,,,1,,,1,,,1,,,1,,,1,,1,0,proxy_age_at_draft,0,0,,1,,,1,,,,,,,,,,,,,,,,,,,
00-0033108,Paxton Lynch,QB,2016,26,1,DEN,Memphis,22.0,2,14.8,0,0.0,0,0.0,2,14.8,7.4,1,1,1,,,,0,head_b_v3,v3,22.0,0,nfl_data_py,0,0,proxy_draft_year_age,,1,,0,0,proxy_age_at_draft,21.0,0,proxy_age_at_draft,79.0,0,nfl_combine,244.0,0,nfl_combine,,1,,,1,,,1,,,1,,,1,,,1,,,1,,,1,,,1,,26,0,nfl_data_py,1,0,nfl_data_py,,1,,,1,,,1,,,1,,,1,,,1,,,1,,,1,,,1,,,1,,,1,,,1,,,1,,,1,,,1,,,1,,,1,,,1,,,1,,,1,,,1,,,1,,0,0,,,,,,,0.668,0,cfbd,8.5,0,cfbd,7.0,0,cfbd,,1,,,,,,,
00-0033090,Hunter Henry,TE,2016,35,2,SDG,Arkansas,21.0,12,126.9,0,0.0,12,150.2,24,277.1,11.546,0,1,0,11.5458,9.9687,1.5771,1,head_b_v3,v3,21.0,0,nfl_data_py,0,0,proxy_draft_year_age,,1,,1,0,proxy_age_at_draft,20.0,0,proxy_age_at_draft,77.0,0,nfl_combine,250.0,0,nfl_combine,,1,,,1,,,1,,,1,,,1,,,1,,250.0,0,nfl_combine,29.64,0,nfl_combine_derived,96.23,0,combine_pp_hass_approx,35,0,nfl_data_py,2,0,nfl_data_py,,1,,21.0,0,nfl_data_py,,1,,,1,,0.1543825069864712,0,cfbd,,1,,,1,,,1,,,1,,,1,,,1,,,1,,1.7299,0,cfbd,,1,,,1,,,1,,,1,,14.1,0,cfbd,,1,,,1,,,1,,,1,,0,0,,,,,,,,,,,,,,,,,,,,,,,,
00-0032385,Sterling Shepard,WR,2016,40,2,NYG,Oklahoma,23.0,11,144.5,16,182.5,10,141.8,37,468.8,12.67,0,1,0,12.6703,9.8012,2.8691,1,head_b_v3,v3,23.0,0,nfl_data_py,0,0,proxy_draft_year_age,,1,,0,0,proxy_age_at_draft,22.0,0,proxy_age_at_draft,70.0,0,nfl_combine,194.0,0,nfl_combine,41.0,0,nfl_combine,1,0,nfl_combine_szekely2023_proxy,,1,,,1,,,1,,,1,,,1,,,1,,,1,,40,0,nfl_data_py,2,0,nfl_data_py,,1,,,1,,0.30549570381270197,0,cfbd,,1,,,1,,0.325,0,cfbd,,1,,0.3112,0,cfbd,20.0,0,cfbd_proxy,,1,,,1,,,1,,,1,,,1,,,1,,,1,,15.31,0,cfbd,,1,,,1,,,1,,,1,,0,0,proxy_age_at_draft,0,0,,1,,2.7358,0,cfbd,,,,,,,,,,,,,,,,,,
00-0032764,Derrick Henry,RB,2016,45,2,TEN,Alabama,22.0,16,135.0,16,201.36,15,294.6,47,630.96,13.425,0,1,0,13.4247,12.1136,1.3111,1,head_b_v3,v3,22.0,0,nfl_data_py,0,0,proxy_draft_year_age,,1,,0,0,proxy_age_at_draft,21.0,0,proxy_age_at_draft,75.0,0,nfl_combine,247.0,0,nfl_combine,,1,,,1,,116.28,0,combine_barnwell2008,247.0,0,nfl_combine,7.2,0,nfl_combine,1,0,combine_szekely2023_proxy,,1,,,1,,,1,,45,0,nfl_data_py,2,0,nfl_data_py,22.0,0,nfl_data_py,,1,,,1,,0.7941990764598301,0,cfbd,,1,,,1,,,1,,,1,,,1,,,1,,0.3782,0,cfbd,,1,,,1,,,1,,,1,,,1,,,1,,,1,,,1,,,1,,29.0,0,cfbd_sp_plus,,1,,0,0,,,,,,,,,,,,,,,,,,,5.8584,0,cfbd,13.5385,0,cfbd
00-0032765,Michael Thomas,WR,2016,47,2,NOR,Ohio St.,23.0,16,258.5,16,315.5,16,374.6,48,948.6,19.762,0,1,0,19.7625,9.8012,9.9613,1,head_b_v3,v3,23.0,0,nfl_data_py,0,0,proxy_draft_year_age,,1,,0,0,proxy_age_at_draft,22.0,0,proxy_age_at_draft,75.0,0,nfl_combine,212.0,0,nfl_combine,35.0,0,nfl_combine,1,0,nfl_combine_szekely2023_proxy,,1,,,1,,,1,,,1,,,1,,,1,,,1,,47,0,nfl_data_py,2,0,nfl_data_py,,1,,,1,,0.3959052417193697,0,cfbd,,1,,,1,,0.316,0,cfbd,,1,,0.3802,0,cfbd,21.0,0,cfbd_proxy,,1,,,1,,,1,,,1,,,1,,,1,,,1,,14.85,0,cfbd,,1,,,1,,,1,,,1,,0,0,proxy_age_at_draft,0,0,,1,,2.1815,0,cfbd,,,,,,,,,,,,,,,,,,
00-0032953,Christian Hackenberg,QB,2016,51,2,NYJ,Penn St.,21.0,0,0.0,0,0.0,0,0.0,0,0.0,0.0,1,1,1,,,,0,head_b_v3,v3,21.0,0,nfl_data_py,0,0,proxy_draft_year_age,,1,,1,0,proxy_age_at_draft,20.0,0,proxy_age_at_draft,76.0,0,nfl_combine,223.0,0,nfl_combine,,1,,,1,,,1,,,1,,,1,,,1,,,1,,,1,,,1,,51,0,nfl_data_py,2,0,nfl_data_py,,1,,,1,,,1,,,1,,,1,,,1,,,1,,,1,,,1,,,1,,,1,,,1,,,1,,,1,,,1,,,1,,,1,,,1,,,1,,,1,,,1,,,1,,0,0,,,,,,,0.535,0,cfbd,7.0,0,cfbd,2.666667,0,cfbd,,1,,,,,,,
00-0033009,Tyler Boyd,WR,2016,55,2,CIN,Pittsburgh,21.0,10,56.5,14,221.10000000000002,16,222.9,40,500.5,12.512,0,1,0,12.5125,9.8012,2.7113,1,head_b_v3,v3,21.0,0,nfl_data_py,0,0,proxy_draft_year_age,,1,,1,0,proxy_age_at_draft,20.0,0,proxy_age_at_draft,73.0,0,nfl_combine,197.0,0,nfl_combine,34.0,0,nfl_combine,1,0,nfl_combine_szekely2023_proxy,,1,,,1,,,1,,,1,,,1,,,1,,,1,,55,0,nfl_data_py,2,0,nfl_data_py,,1,,,1,,,1,,,1,,,1,,0.3729,0,cfbd,,1,,0.3365,0,cfbd,18.0,0,cfbd_proxy,,1,,,1,,,1,,,1,,,1,,,1,,,1,,13.09,0,cfbd,,1,,,1,,,1,,,1,,1,0,proxy_age_at_draft,0,0,,1,,2.5452,0,cfbd,,,,,,,,,,,,,,,,,,
00-0033118,Kenyan Drake,RB,2016,73,3,MIA,Alabama,22.0,14,142.3,16,206.20000000000002,14,217.0,44,565.5,12.852,0,1,0,12.8523,11.2764,1.5759,1,head_b_v3,v3,22.0,0,nfl_data_py,0,0,proxy_draft_year_age,,1,,0,0,proxy_age_at_draft,21.0,0,proxy_age_at_draft,73.0,0,nfl_combine,210.0,0,nfl_combine,,1,,,1,,107.1,0,combine_barnwell2008,210.0,0,nfl_combine,7.04,0,nfl_combine,1,0,combine_szekely2023_proxy,,1,,,1,,,1,,73,0,nfl_data_py,3,0,nfl_data_py,22.0,0,nfl_data_py,,1,,,1,,0.08317418937625673,0,cfbd,,1,,,1,,,1,,,1,,,1,,,1,,0.1084,0,cfbd,,1,,,1,,,1,,,1,,,1,,,1,,,1,,,1,,,1,,29.0,0,cfbd_sp_plus,,1,,0,0,,,,,,,,,,,,,,,,,,,4.8194,0,cfbd,13.2683,0,cfbd
00-0032392,Austin Hooper,TE,2016,81,3,ATL,Stanford,21.0,16,119.6,16,163.0,13,191.70000000000002,45,474.3,10.54,0,1,0,10.54,8.082,2.458,1,head_b_v3,v3,21.0,0,nfl_data_py,0,0,proxy_draft_year_age,,1,,1,0,proxy_age_at_draft,20.0,0,proxy_age_at_draft,76.0,0,nfl_combine,254.0,0,nfl_combine,,1,,,1,,,1,,,1,,,1,,,1,,254.0,0,nfl_combine,30.91,0,nfl_combine_derived,102.35,0,combine_pp_hass_approx,81,0,nfl_data_py,3,0,nfl_data_py,,1,,21.0,0,nfl_data_py,,1,,,1,,0.17386172006745365,0,cfbd,,1,,,1,,,1,,,1,,,1,,,1,,,1,,1.305,0,cfbd,,1,,,1,,,1,,,1,,12.77,0,cfbd,,1,,,1,,,1,,,1,,0,0,,,,,,,,,,,,,,,,,,,,,,,,
00-0033069,Braxton Miller,WR,2016,85,3,HOU,Ohio St.,23.0,10,41.300000000000004,0,0.0,0,0.0,10,41.3,4.13,1,1,0,4.13,8.2367,-4.1067,1,head_b_v3,v3,23.0,0,nfl_data_py,0,0,proxy_draft_year_age,,1,,0,0,proxy_age_at_draft,22.0,0,proxy_age_at_draft,73.0,0,nfl_combine,201.0,0,nfl_combine,35.0,0,nfl_combine,1,0,nfl_combine_szekely2023_proxy,,1,,,1,,,1,,,1,,,1,,,1,,,1,,85,0,nfl_data_py,3,0,nfl_data_py,,1,,,1,,0.14839747025404654,0,cfbd,,1,,,1,,0.1466,0,cfbd,,1,,0.1566,0,cfbd,,1,,,1,,,1,,,1,,,1,,,1,,,1,,,1,,13.71,0,cfbd,,1,,,1,,,1,,,1,,0,0,proxy_age_at_draft,0,0,,1,,1.0123,0,cfbd,,,,,,,,,,,,,,,,,,
00-0033060,Leonte Carroo,WR,2016,86,3,MIA,Rutgers,22.0,4,13.9,3,18.8,0,0.0,7,32.7,4.671,1,1,1,,8.2367,,0,head_b_v3,v3,22.0,0,nfl_data_py,0,0,proxy_draft_year_age,,1,,0,0,proxy_age_at_draft,21.0,0,proxy_age_at_draft,72.0,0,nfl_combine,211.0,0,nfl_combine,35.5,0,nfl_combine,1,0,nfl_combine_szekely2023_proxy,,1,,,1,,,1,,,1,,,1,,,1,,,1,,86,0,nfl_data_py,3,0,nfl_data_py,,1,,,1,,0.42593455469660063,0,cfbd,,1,,,1,,0.3256,0,cfbd,,1,,0.4259,0,cfbd,19.0,0,cfbd_proxy,,1,,,1,,,1,,,1,,,1,,,1,,,1,,19.42,0,cfbd,,1,,,1,,,1,,,1,,0,0,proxy_age_at_draft,0,0,,1,,2.4006,0,cfbd,,,,,,,,,,,,,,,,,,
00-0032393,C.J. Prosise,RB,2016,90,3,SEA,Notre Dame,22.0,4,17.0,2,4.9,8,28.8,14,50.7,3.621,1,1,0,3.6214,7.3666,-3.7452,1,head_b_v3,v3,22.0,0,nfl_data_py,0,0,proxy_draft_year_age,,1,,0,0,proxy_age_at_draft,21.0,0,proxy_age_at_draft,72.0,0,nfl_combine,220.0,0,nfl_combine,,1,,,1,,109.23,0,combine_barnwell2008,220.0,0,nfl_combine,,1,,1,0,combine_szekely2023_proxy,,1,,,1,,,1,,90,0,nfl_data_py,3,0,nfl_data_py,22.0,0,nfl_data_py,,1,,,1,,0.3808370916431373,0,cfbd,,1,,,1,,,1,,,1,,,1,,,1,,0.2945,0,cfbd,,1,,,1,,,1,,,1,,,1,,,1,,,1,,,1,,,1,,22.4,0,cfbd_sp_plus,,1,,0,0,,,,,,,,,,,,,,,,,,,6.6154,0,cfbd,14.6842,0,cfbd
00-0033119,Jacoby Brissett,QB,2016,91,3,NWE,North Carolina St.,23.0,16,205.92000000000002,4,-0.6200000000000001,15,217.68,35,422.98,12.085,0,1,0,12.0851,,,0,head_b_v3,v3,23.0,0,nfl_data_py,0,0,proxy_draft_year_age,,1,,0,0,proxy_age_at_draft,22.0,0,proxy_age_at_draft,76.0,0,nfl_combine,231.0,0,nfl_combine,,1,,,1,,,1,,,1,,,1,,,1,,,1,,,1,,,1,,91,0,nfl_data_py,3,0,nfl_data_py,,1,,,1,,,1,,,1,,,1,,,1,,,1,,,1,,,1,,,1,,,1,,,1,,,1,,,1,,,1,,,1,,,1,,,1,,,1,,,1,,,1,,,1,,0,0,,,,,,,0.6,0,cfbd,6.7,0,cfbd,3.333333,0,cfbd,,1,,,,,,,
00-0033104,Cody Kessler,QB,2016,93,3,CLE,USC,23.0,3,2.94,5,38.660000000000004,0,0.0,8,41.6,5.2,1,1,0,5.2,,,0,head_b_v3,v3,23.0,0,nfl_data_py,0,0,proxy_draft_year_age,,1,,0,0,proxy_age_at_draft,22.0,0,proxy_age_at_draft,73.0,0,nfl_combine,220.0,0,nfl_combine,,1,,,1,,,1,,,1,,,1,,,1,,,1,,,1,,,1,,93,0,nfl_data_py,3,0,nfl_data_py,,1,,,1,,,1,,,1,,,1,,,1,,,1,,,1,,,1,,,1,,,1,,,1,,,1,,,1,,,1,,,1,,,1,,,1,,,1,,,1,,,1,,,1,,0,0,,,,,,,0.668,0,cfbd,7.9,0,cfbd,4.142857,0,cfbd,,1,,,,,,,
00-0032394,Nick Vannett,TE,2016,94,3,SEA,Ohio St.,23.0,8,30.4,15,73.9,13,33.6,36,137.9,3.831,0,1,0,3.8306,7.674,-3.8434,1,head_b_v3,v3,23.0,0,nfl_data_py,0,0,proxy_draft_year_age,,1,,0,0,proxy_age_at_draft,22.0,0,proxy_age_at_draft,78.0,0,nfl_combine,257.0,0,nfl_combine,,1,,,1,,,1,,,1,,,1,,,1,,257.0,0,nfl_combine,29.7,0,nfl_combine_derived,102.75,0,combine_pp_hass_approx,94,0,nfl_data_py,3,0,nfl_data_py,,1,,23.0,0,nfl_data_py,,1,,,1,,0.0329938900203666,0,cfbd,,1,,,1,,,1,,,1,,,1,,,1,,,1,,0.4554,0,cfbd,,1,,,1,,,1,,,1,,10.77,0,cfbd,,1,,,1,,,1,,,1,,0,0,,,,,,,,,,,,,,,,,,,,,,,,
00-0032893,Connor Cook,QB,2016,100,4,OAK,Michigan St.,23.0,0,0.0,0,0.0,0,0.0,0,0.0,0.0,1,1,1,,,,0,head_b_v3,v3,23.0,0,nfl_data_py,0,0,proxy_draft_year_age,,1,,0,0,proxy_age_at_draft,22.0,0,proxy_age_at_draft,76.0,0,nfl_combine,217.0,0,nfl_combine,,1,,,1,,,1,,,1,,,1,,,1,,,1,,,1,,,1,,100,0,nfl_data_py,4,0,nfl_data_py,,1,,,1,,,1,,,1,,,1,,,1,,,1,,,1,,,1,,,1,,,1,,,1,,,1,,,1,,,1,,,1,,,1,,,1,,,1,,,1,,,1,,,1,,0,0,,,,,,,0.561,0,cfbd,7.7,0,cfbd,3.428571,0,cfbd,,1,,,,,,,
00-0032398,Chris Moore,WR,2016,107,4,BAL,Cincinnati,23.0,10,59.900000000000006,15,46.300000000000004,4,5.1,29,111.3,3.838,0,1,0,3.8379,8.2367,-4.3988,1,head_b_v3,v3,23.0,0,nfl_data_py,0,0,proxy_draft_year_age,,1,,0,0,proxy_age_at_draft,22.0,0,proxy_age_at_draft,73.0,0,nfl_combine,206.0,0,nfl_combine,37.0,0,nfl_combine,1,0,nfl_combine_szekely2023_proxy,,1,,,1,,,1,,,1,,,1,,,1,,,1,,107,0,nfl_data_py,4,0,nfl_data_py,,1,,,1,,0.2136582382029759,0,cfbd,,1,,,1,,0.1838,0,cfbd,,1,,0.2126,0,cfbd,20.0,0,cfbd_proxy,,1,,,1,,,1,,,1,,,1,,,1,,,1,,18.74,0,cfbd,,1,,,1,,,1,,,1,,0,0,proxy_age_at_draft,0,0,,1,,1.5046,0,cfbd,,,,,,,,,,,,,,,,,,
00-0033110,Tyler Higbee,TE,2016,110,4,LAR,Western Kentucky,23.0,14,60.5,14,65.2,14,160.4,42,286.1,6.812,0,1,0,6.8119,7.674,-0.8621,1,head_b_v3,v3,23.0,0,nfl_data_py,0,0,proxy_draft_year_age,,1,,0,0,proxy_age_at_draft,22.0,0,proxy_age_at_draft,78.0,0,nfl_combine,249.0,0,nfl_combine,,1,,,1,,,1,,,1,,,1,,,1,,249.0,0,nfl_combine,28.77,0,nfl_combine_derived,98.73,0,combine_pp_hass_approx,110,0,nfl_data_py,4,0,nfl_data_py,,1,,23.0,0,nfl_data_py,,1,,,1,,0.13402034158510842,0,cfbd,,1,,,1,,,1,,,1,,,1,,,1,,,1,,1.0162,0,cfbd,,1,,,1,,,1,,,1,,15.67,0,cfbd,,1,,,1,,,1,,,1,,0,0,,,,,,,,,,,,,,,,,,,,,,,,
00-0032400,Malcolm Mitchell,WR,2016,112,4,NWE,Georgia,24.0,0,0.0,0,0.0,0,0.0,0,0.0,0.0,1,1,1,,8.2367,,0,head_b_v3,v3,24.0,0,nfl_data_py,0,0,proxy_draft_year_age,,1,,0,0,proxy_age_at_draft,23.0,0,proxy_age_at_draft,72.0,0,nfl_combine,198.0,0,nfl_combine,36.0,0,nfl_combine,1,0,nfl_combine_szekely2023_proxy,,1,,,1,,,1,,,1,,,1,,,1,,,1,,112,0,nfl_data_py,4,0,nfl_data_py,,1,,,1,,0.3583303645647785,0,cfbd,,1,,,1,,0.3345,0,cfbd,,1,,0.3339,0,cfbd,23.0,0,cfbd_proxy,,1,,,1,,,1,,,1,,,1,,,1,,,1,,13.62,0,cfbd,,1,,,1,,,1,,,1,,0,0,proxy_age_at_draft,0,0,,1,,2.2966,0,cfbd,,,,,,,,,,,,,,,,,,
00-0033079,Ricardo Louis,WR,2016,114,4,CLE,Auburn,22.0,14,62.7,0,0.0,0,0.0,14,62.7,4.479,1,1,0,4.4786,6.5416,-2.063,1,head_b_v3,v3,22.0,0,nfl_data_py,0,0,proxy_draft_year_age,,1,,0,0,proxy_age_at_draft,21.0,0,proxy_age_at_draft,74.0,0,nfl_combine,215.0,0,nfl_combine,38.0,0,nfl_combine,1,0,nfl_combine_szekely2023_proxy,,1,,,1,,,1,,,1,,,1,,,1,,,1,,114,0,nfl_data_py,4,0,nfl_data_py,,1,,,1,,0.29498127039110644,0,cfbd,,1,,,1,,0.3561,0,cfbd,,1,,0.3447,0,cfbd,21.0,0,cfbd_proxy,,1,,,1,,,1,,,1,,,1,,,1,,,1,,13.05,0,cfbd,,1,,,1,,,1,,,1,,0,0,proxy_age_at_draft,0,0,,1,,2.2843,0,cfbd,,,,,,,,,,,,,,,,,,
00-0033111,Pharoh Cooper,WR,2016,117,4,LAR,South Carolina,21.0,11,26.0,1,0.0,11,55.5,23,81.5,3.543,0,1,0,3.5435,6.5416,-2.9981,1,head_b_v3,v3,21.0,0,nfl_data_py,0,0,proxy_draft_year_age,,1,,1,0,proxy_age_at_draft,20.0,0,proxy_age_at_draft,71.0,0,nfl_combine,203.0,0,nfl_combine,31.0,0,nfl_combine,1,0,nfl_combine_szekely2023_proxy,,1,,,1,,,1,,,1,,,1,,,1,,,1,,117,0,nfl_data_py,4,0,nfl_data_py,,1,,,1,,0.4306756437514765,0,cfbd,,1,,,1,,0.3908,0,cfbd,,1,,0.4307,0,cfbd,19.0,0,cfbd_proxy,,1,,,1,,,1,,,1,,,1,,,1,,,1,,15.45,0,cfbd,,1,,,1,,,1,,,1,,1,0,proxy_age_at_draft,0,0,,1,,2.7721,0,cfbd,,,,,,,,,,,,,,,,,,
00-0032404,Tyler Ervin,RB,2016,119,4,HOU,San Jose St.,22.0,3,13.0,3,6.5,2,4.1,8,23.6,2.95,1,1,0,2.95,7.3384,-4.3884,1,head_b_v3,v3,22.0,0,nfl_data_py,0,0,proxy_draft_year_age,,1,,0,0,proxy_age_at_draft,21.0,0,proxy_age_at_draft,70.0,0,nfl_combine,192.0,0,nfl_combine,,1,,,1,,101.53,0,combine_barnwell2008,192.0,0,nfl_combine,,1,,1,0,combine_szekely2023_proxy,,1,,,1,,,1,,119,0,nfl_data_py,4,0,nfl_data_py,22.0,0,nfl_data_py,,1,,,1,,,1,,,1,,,1,,,1,,,1,,,1,,,1,,,1,,,1,,,1,,,1,,,1,,,1,,,1,,,1,,,1,,,1,,,1,,,1,,0,0,,,,,,,,,,,,,,,,,,,,1,,,1,
00-0032775,Demarcus Robinson,WR,2016,126,4,KAN,Florida,21.0,10,42.2,14,74.8,15,100.9,39,217.9,5.587,0,1,0,5.5872,6.5416,-0.9544,1,head_b_v3,v3,21.0,0,nfl_data_py,0,0,proxy_draft_year_age,,1,,1,0,proxy_age_at_draft,20.0,0,proxy_age_at_draft,73.0,0,nfl_combine,203.0,0,nfl_combine,34.5,0,nfl_combine,1,0,nfl_combine_szekely2023_proxy,,1,,,1,,,1,,,1,,,1,,,1,,,1,,126,0,nfl_data_py,4,0,nfl_data_py,,1,,,1,,0.14003104518799586,0,cfbd,,1,,,1,,0.184,0,cfbd,,1,,0.1447,0,cfbd,19.0,0,cfbd_proxy,,1,,,1,,,1,,,1,,,1,,,1,,,1,,13.15,0,cfbd,,1,,,1,,,1,,,1,,1,0,proxy_age_at_draft,0,0,,1,,1.2469,0,cfbd,,,,,,,,,,,,,,,,,,
00-0032411,Kenneth Dixon,RB,2016,134,4,BAL,Louisiana Tech,22.0,0,0.0,6,54.4,0,0.0,6,54.4,9.067,1,1,1,,7.3384,,0,head_b_v3,v3,22.0,0,nfl_data_py,0,0,proxy_draft_year_age,,1,,0,0,proxy_age_at_draft,21.0,0,proxy_age_at_draft,70.0,0,nfl_combine,215.0,0,nfl_combine,,1,,,1,,99.45,0,combine_barnwell2008,215.0,0,nfl_combine,6.97,0,nfl_combine,1,0,combine_szekely2023_proxy,,1,,,1,,,1,,134,0,nfl_data_py,4,0,nfl_data_py,22.0,0,nfl_data_py,,1,,,1,,0.6096831771530566,0,cfbd,,1,,,1,,,1,,,1,,,1,,,1,,0.2357,0,cfbd,,1,,,1,,,1,,,1,,,1,,,1,,,1,,,1,,,1,,8.3,0,cfbd_sp_plus,,1,,0,0,,,,,,,,,,,,,,,,,,,5.5,0,cfbd,10.0,0,cfbd
00-0033077,Dak Prescott,QB,2016,135,4,DAL,Mississippi St.,23.0,16,260.66,16,285.90000000000003,16,337.78000000000003,48,884.34,18.424,0,1,0,18.4238,,,0,head_b_v3,v3,23.0,0,nfl_data_py,0,0,proxy_draft_year_age,,1,,0,0,proxy_age_at_draft,22.0,0,proxy_age_at_draft,74.0,0,nfl_combine,226.0,0,nfl_combine,,1,,,1,,,1,,,1,,,1,,,1,,,1,,,1,,,1,,135,0,nfl_data_py,4,0,nfl_data_py,,1,,,1,,,1,,,1,,,1,,,1,,,1,,,1,,,1,,,1,,,1,,,1,,,1,,,1,,,1,,,1,,,1,,,1,,,1,,,1,,,1,,,1,,0,0,,,,,,,0.662,0,cfbd,8.0,0,cfbd,5.8,0,cfbd,,1,,,,,,,
00-0032972,Devontae Booker,RB,2016,136,4,DEN,Utah,24.0,13,91.4,16,87.80000000000001,6,12.600000000000001,35,191.8,5.48,0,1,0,5.48,7.3384,-1.8584,1,head_b_v3,v3,24.0,0,nfl_data_py,0,0,proxy_draft_year_age,,1,,0,0,proxy_age_at_draft,23.0,0,proxy_age_at_draft,71.0,0,nfl_combine,219.0,0,nfl_combine,,1,,,1,,101.3,0,combine_barnwell2008,219.0,0,nfl_combine,,1,,1,0,combine_szekely2023_proxy,,1,,,1,,,1,,136,0,nfl_data_py,4,0,nfl_data_py,24.0,0,nfl_data_py,,1,,,1,,0.4941939890710383,0,cfbd,,1,,,1,,,1,,,1,,,1,,,1,,0.3478,0,cfbd,,1,,,1,,,1,,,1,,,1,,,1,,,1,,,1,,,1,,11.0,0,cfbd_sp_plus,,1,,0,0,,,,,,,,,,,,,,,,,,,4.7052,0,cfbd,7.8947,0,cfbd
00-0033080,Seth Devalve,TE,2016,138,4,CLE,Princeton,23.0,16,76.5,5,18.400000000000002,7,26.0,28,120.9,4.318,0,1,0,4.3179,6.2285,-1.9106,1,head_b_v3,v3,23.0,0,nfl_data_py,0,0,proxy_draft_year_age,,1,,0,0,proxy_age_at_draft,22.0,0,proxy_age_at_draft,,1,,,1,,,1,,,1,,,1,,,1,,,1,,,1,,,1,,,1,,,1,,138,0,nfl_data_py,4,0,nfl_data_py,,1,,23.0,0,nfl_data_py,,1,,,1,,,1,,,1,,,1,,,1,,,1,,,1,,,1,,,1,,,1,,,1,,,1,,,1,,,1,,,1,,,1,,,1,,,1,,,1,,0,0,,,,,,,,,,,,,,,,,,,,,,,,
00-0033098,Cardale Jones,QB,2016,139,4,BUF,Ohio St.,23.0,0,0.0,0,0.0,0,0.0,0,0.0,0.0,1,1,1,,,,0,head_b_v3,v3,23.0,0,nfl_data_py,0,0,proxy_draft_year_age,,1,,0,0,proxy_age_at_draft,22.0,0,proxy_age_at_draft,77.0,0,nfl_combine,253.0,0,nfl_combine,,1,,,1,,,1,,,1,,,1,,,1,,,1,,,1,,,1,,139,0,nfl_data_py,4,0,nfl_data_py,,1,,,1,,,1,,,1,,,1,,,1,,,1,,,1,,,1,,,1,,,1,,,1,,,1,,,1,,,1,,,1,,,1,,,1,,,1,,,1,,,1,,,1,,0,0,,,,,,,0.625,0,cfbd,8.3,0,cfbd,1.6,0,cfbd,,1,,,,,,,
00-0032778,Tajae Sharpe,WR,2016,140,5,TEN,Massachusetts,21.0,0,0.0,14,71.2,13,81.9,27,153.1,5.67,0,1,0,5.6704,6.5416,-0.8712,1,head_b_v3,v3,21.0,0,nfl_data_py,0,0,proxy_draft_year_age,,1,,1,0,proxy_age_at_draft,20.0,0,proxy_age_at_draft,74.0,0,nfl_combine,194.0,0,nfl_combine,33.5,0,nfl_combine,1,0,nfl_combine_szekely2023_proxy,,1,,,1,,,1,,,1,,,1,,,1,,,1,,140,0,nfl_data_py,5,0,nfl_data_py,,1,,,1,,0.352319309600863,0,cfbd,,1,,,1,,0.4269,0,cfbd,,1,,0.3523,0,cfbd,18.0,0,cfbd_proxy,,1,,,1,,,1,,,1,,,1,,,1,,,1,,12.58,0,cfbd,,1,,,1,,,1,,,1,,1,0,proxy_age_at_draft,0,0,,1,,2.6646,0,cfbd,,,,,,,,,,,,,,,,,,
00-0032940,DeAndre Washington,RB,2016,143,5,OAK,Texas Tech,23.0,15,85.0,8,11.4,16,121.9,39,218.3,5.597,0,1,0,5.5974,7.3384,-1.741,1,head_b_v3,v3,23.0,0,nfl_data_py,0,0,proxy_draft_year_age,,1,,0,0,proxy_age_at_draft,22.0,0,proxy_age_at_draft,68.0,0,nfl_combine,204.0,0,nfl_combine,,1,,,1,,100.39,0,combine_barnwell2008,204.0,0,nfl_combine,7.03,0,nfl_combine,1,0,combine_szekely2023_proxy,,1,,,1,,,1,,143,0,nfl_data_py,5,0,nfl_data_py,23.0,0,nfl_data_py,,1,,,1,,0.5058421438539227,0,cfbd,,1,,,1,,,1,,,1,,,1,,,1,,0.2453,0,cfbd,,1,,,1,,,1,,,1,,,1,,,1,,,1,,,1,,,1,,4.5,0,cfbd_sp_plus,,1,,0,0,,,,,,,,,,,,,,,,,,,6.5247,0,cfbd,8.5776,0,cfbd
00-0032417,Paul Perkins,RB,2016,149,5,NYG,UCLA,21.0,7,21.6,0,0.0,3,4.8,10,26.4,2.64,1,1,0,2.64,7.0626,-4.4226,1,head_b_v3,v3,21.0,0,nfl_data_py,0,0,proxy_draft_year_age,,1,,1,0,proxy_age_at_draft,20.0,0,proxy_age_at_draft,70.0,0,nfl_combine,208.0,0,nfl_combine,,1,,,1,,97.92,0,combine_barnwell2008,208.0,0,nfl_combine,,1,,1,0,combine_szekely2023_proxy,,1,,,1,,,1,,149,0,nfl_data_py,5,0,nfl_data_py,21.0,0,nfl_data_py,,1,,,1,,0.5601753099586722,0,cfbd,,1,,,1,,,1,,,1,,,1,,,1,,0.2768,0,cfbd,,1,,,1,,,1,,,1,,,1,,,1,,,1,,,1,,,1,,18.6,0,cfbd_sp_plus,,1,,0,0,,,,,,,,,,,,,,,,,,,5.6667,0,cfbd,9.4868,0,cfbd
00-0032780,Jordan Howard,RB,2016,150,5,CHI,Indiana,21.0,16,199.70000000000002,16,180.0,9,111.4,41,491.1,11.978,0,1,0,11.978,7.0626,4.9154,1,head_b_v3,v3,21.0,0,nfl_data_py,0,0,proxy_draft_year_age,,1,,1,0,proxy_age_at_draft,20.0,0,proxy_age_at_draft,72.0,0,nfl_combine,230.0,0,nfl_combine,,1,,,1,,105.46,0,combine_barnwell2008,230.0,0,nfl_combine,,1,,1,0,combine_szekely2023_proxy,,1,,,1,,,1,,150,0,nfl_data_py,5,0,nfl_data_py,21.0,0,nfl_data_py,,1,,,1,,0.3883406432748538,0,cfbd,,1,,,1,,,1,,,1,,,1,,,1,,0.2218,0,cfbd,,1,,,1,,,1,,,1,,,1,,,1,,,1,,,1,,,1,,0.4,0,cfbd_sp_plus,,1,,0,0,,,,,,,,,,,,,,,,,,,6.1888,0,cfbd,9.6364,0,cfbd
00-0032782,Wendell Smallwood,RB,2016,153,5,PHI,West Virginia,22.0,8,46.7,13,117.4,11,23.5,32,187.6,5.863,0,1,0,5.8625,6.9631,-1.1006,1,head_b_v3,v3,22.0,0,nfl_data_py,0,0,proxy_draft_year_age,,1,,0,0,proxy_age_at_draft,21.0,0,proxy_age_at_draft,70.0,0,nfl_combine,208.0,0,nfl_combine,,1,,,1,,104.2,0,combine_barnwell2008,208.0,0,nfl_combine,6.83,0,nfl_combine,1,0,combine_szekely2023_proxy,,1,,,1,,,1,,153,0,nfl_data_py,5,0,nfl_data_py,22.0,0,nfl_data_py,,1,,,1,,0.4359824738793394,0,cfbd,,1,,,1,,,1,,,1,,,1,,,1,,0.2874,0,cfbd,,1,,,1,,,1,,,1,,,1,,,1,,,1,,,1,,,1,,12.9,0,cfbd_sp_plus,,1,,0,0,,,,,,,,,,,,,,,,,,,6.4311,0,cfbd,9.5,0,cfbd
00-0032974,Jordan Payton,WR,2016,154,5,CLE,UCLA,23.0,0,0.0,0,0.0,0,0.0,0,0.0,0.0,1,1,1,,6.5416,,0,head_b_v3,v3,23.0,0,nfl_data_py,0,0,proxy_draft_year_age,,1,,0,0,proxy_age_at_draft,22.0,0,proxy_age_at_draft,73.0,0,nfl_combine,207.0,0,nfl_combine,34.5,0,nfl_combine,1,0,nfl_combine_szekely2023_proxy,,1,,,1,,,1,,,1,,,1,,,1,,,1,,154,0,nfl_data_py,5,0,nfl_data_py,,1,,,1,,0.25620165377433984,0,cfbd,,1,,,1,,0.3379,0,cfbd,,1,,0.2866,0,cfbd,21.0,0,cfbd_proxy,,1,,,1,,,1,,,1,,,1,,,1,,,1,,13.51,0,cfbd,,1,,,1,,,1,,,1,,0,0,proxy_age_at_draft,0,0,,1,,2.0961,0,cfbd,,,,,,,,,,,,,,,,,,
00-0032975,Jonathan Williams,RB,2016,156,5,BUF,Arkansas,22.0,0,0.0,3,1.0999999999999999,4,40.400000000000006,7,41.5,5.929,1,1,1,,6.9631,,0,head_b_v3,v3,22.0,0,nfl_data_py,0,0,proxy_draft_year_age,,1,,0,0,proxy_age_at_draft,21.0,0,proxy_age_at_draft,71.0,0,nfl_combine,220.0,0,nfl_combine,,1,,,1,,101.76,0,combine_barnwell2008,220.0,0,nfl_combine,,1,,1,0,combine_szekely2023_proxy,,1,,,1,,,1,,156,0,nfl_data_py,5,0,nfl_data_py,22.0,0,nfl_data_py,,1,,,1,,,1,,,1,,,1,,,1,,,1,,,1,,,1,,,1,,,1,,,1,,,1,,,1,,,1,,,1,,,1,,,1,,,1,,19.2,0,cfbd_sp_plus,,1,,0,0,,,,,,,,,,,,,,,,,,,,1,,13.2692,0,cfbd
00-0032784,Kevin Hogan,QB,2016,162,5,KAN,Stanford,23.0,4,33.78,0,0.0,0,0.0,4,33.78,8.445,1,1,1,,,,0,head_b_v3,v3,23.0,0,nfl_data_py,0,0,proxy_draft_year_age,,1,,0,0,proxy_age_at_draft,22.0,0,proxy_age_at_draft,75.0,0,nfl_combine,218.0,0,nfl_combine,,1,,,1,,,1,,,1,,,1,,,1,,,1,,,1,,,1,,162,0,nfl_data_py,5,0,nfl_data_py,,1,,,1,,,1,,,1,,,1,,,1,,,1,,,1,,,1,,,1,,,1,,,1,,,1,,,1,,,1,,,1,,,1,,,1,,,1,,,1,,,1,,,1,,0,0,,,,,,,0.678,0,cfbd,9.4,0,cfbd,3.375,0,cfbd,,1,,,,,,,
00-0032423,Trevor Davis,WR,2016,163,5,GNB,California,23.0,6,13.3,0,0.0,7,30.400000000000002,13,43.7,3.362,1,1,0,3.3615,6.5416,-3.1801,1,head_b_v3,v3,23.0,0,nfl_data_py,0,0,proxy_draft_year_age,,1,,0,0,proxy_age_at_draft,22.0,0,proxy_age_at_draft,73.0,0,nfl_combine,188.0,0,nfl_combine,38.5,0,nfl_combine,1,0,nfl_combine_szekely2023_proxy,,1,,,1,,,1,,,1,,,1,,,1,,,1,,163,0,nfl_data_py,5,0,nfl_data_py,,1,,,1,,0.09141083773136102,0,cfbd,,1,,,1,,0.1704,0,cfbd,,1,,0.1174,0,cfbd,,1,,,1,,,1,,,1,,,1,,,1,,,1,,,1,,16.97,0,cfbd,,1,,,1,,,1,,,1,,0,0,proxy_age_at_draft,0,0,,1,,1.1873,0,cfbd,,,,,,,,,,,,,,,,,,
00-0033040,Tyreek Hill,WR,2016,165,5,KAN,West Alabama,22.0,15,245.20000000000002,16,334.0,12,188.3,43,767.5,17.849,0,1,0,17.8488,6.5416,11.3072,1,head_b_v3,v3,22.0,0,nfl_data_py,0,0,proxy_draft_year_age,,1,,0,0,proxy_age_at_draft,21.0,0,proxy_age_at_draft,,1,,,1,,,1,,,1,,,1,,,1,,,1,,,1,,,1,,,1,,,1,,165,0,nfl_data_py,5,0,nfl_data_py,,1,,,1,,,1,,,1,,,1,,,1,,,1,,,1,,,1,,,1,,,1,,,1,,,1,,,1,,,1,,,1,,,1,,,1,,,1,,,1,,,1,,0,0,proxy_age_at_draft,0,0,,1,,,1,,,,,,,,,,,,,,,,,,,
00-0032426,Alex Collins,RB,2016,171,5,SEA,Arkansas,22.0,15,171.0,10,108.6,0,0.0,25,279.6,11.184,0,1,0,11.184,6.9631,4.2209,1,head_b_v3,v3,22.0,0,nfl_data_py,0,0,proxy_draft_year_age,,1,,0,0,proxy_age_at_draft,21.0,0,proxy_age_at_draft,70.0,0,nfl_combine,217.0,0,nfl_combine,,1,,,1,,97.78,0,combine_barnwell2008,217.0,0,nfl_combine,,1,,1,0,combine_szekely2023_proxy,,1,,,1,,,1,,171,0,nfl_data_py,5,0,nfl_data_py,22.0,0,nfl_data_py,,1,,,1,,0.6299880525686977,0,cfbd,,1,,,1,,,1,,,1,,,1,,,1,,0.2704,0,cfbd,,1,,,1,,,1,,,1,,,1,,,1,,,1,,,1,,,1,,19.2,0,cfbd_sp_plus,,1,,0,0,,,,,,,,,,,,,,,,,,,5.6129,0,cfbd,6.1852,0,cfbd
00-0032977,Rashard Higgins,WR,2016,172,5,CLE,Colorado St.,21.0,14,68.6,13,118.2,6,15.5,33,202.3,6.13,0,1,0,6.1303,6.5416,-0.4113,1,head_b_v3,v3,21.0,0,nfl_data_py,0,0,proxy_draft_year_age,,1,,1,0,proxy_age_at_draft,20.0,0,proxy_age_at_draft,73.0,0,nfl_combine,196.0,0,nfl_combine,32.0,0,nfl_combine,1,0,nfl_combine_szekely2023_proxy,,1,,,1,,,1,,,1,,,1,,,1,,,1,,172,0,nfl_data_py,5,0,nfl_data_py,,1,,,1,,0.34575604272062954,0,cfbd,,1,,,1,,0.3514,0,cfbd,,1,,0.3424,0,cfbd,18.0,0,cfbd_proxy,,1,,,1,,,1,,,1,,,1,,,1,,,1,,15.38,0,cfbd,,1,,,1,,,1,,,1,,1,0,proxy_age_at_draft,0,0,,1,,2.3801,0,cfbd,,,,,,,,,,,,,,,,,,
00-0033112,Temarrick Hemingway,TE,2016,177,6,LAR,South Carolina St.,23.0,0,0.0,0,0.0,0,0.0,0,0.0,0.0,1,1,1,,5.2966,,0,head_b_v3,v3,23.0,0,nfl_data_py,0,0,proxy_draft_year_age,,1,,0,0,proxy_age_at_draft,22.0,0,proxy_age_at_draft,77.0,0,nfl_combine,244.0,0,nfl_combine,,1,,,1,,,1,,,1,,,1,,,1,,244.0,0,nfl_combine,28.93,0,nfl_combine_derived,100.46,0,combine_pp_hass_approx,177,0,nfl_data_py,6,0,nfl_data_py,,1,,23.0,0,nfl_data_py,,1,,,1,,,1,,,1,,,1,,,1,,,1,,,1,,,1,,,1,,,1,,,1,,,1,,,1,,,1,,,1,,,1,,,1,,,1,,,1,,0,0,,,,,,,,,,,,,,,,,,,,,,,,
00-0032341,Moritz Boehringer,WR,2016,180,6,MIN,,22.0,0,0.0,0,0.0,0,0.0,0,0.0,0.0,1,1,1,,5.0759,,0,head_b_v3,v3,22.0,0,nfl_data_py,0,0,proxy_draft_year_age,,1,,0,0,proxy_age_at_draft,21.0,0,proxy_age_at_draft,,1,,,1,,,1,,,1,,,1,,,1,,,1,,,1,,,1,,,1,,,1,,180,0,nfl_data_py,6,0,nfl_data_py,,1,,,1,,,1,,,1,,,1,,,1,,,1,,,1,,,1,,,1,,,1,,,1,,,1,,,1,,,1,,,1,,,1,,,1,,,1,,,1,,,1,,0,0,proxy_age_at_draft,0,0,,1,,,1,,,,,,,,,,,,,,,,,,,
00-0033078,Keenan Reynolds,RB,2016,182,6,BAL,Navy,22.0,0,0.0,0,0.0,0,0.0,0,0.0,0.0,1,1,1,,6.9631,,0,head_b_v3,v3,22.0,0,nfl_data_py,0,0,proxy_draft_year_age,,1,,0,0,proxy_age_at_draft,21.0,0,proxy_age_at_draft,,1,,,1,,,1,,,1,,,1,,,1,,,1,,,1,,,1,,,1,,,1,,182,0,nfl_data_py,6,0,nfl_data_py,22.0,0,nfl_data_py,,1,,,1,,0.3880586074076707,0,cfbd,,1,,,1,,,1,,,1,,,1,,,1,,0.248,0,cfbd,,1,,,1,,,1,,,1,,,1,,,1,,,1,,,1,,,1,,12.1,0,cfbd_sp_plus,,1,,0,0,,,,,,,,,,,,,,,,,,,5.0996,0,cfbd,,1,
00-0032429,Jerell Adams,TE,2016,184,6,NYG,South Carolina,23.0,6,17.200000000000003,0,0.0,0,0.0,6,17.2,2.867,1,1,1,,4.9285,,0,head_b_v3,v3,23.0,0,nfl_data_py,0,0,proxy_draft_year_age,,1,,0,0,proxy_age_at_draft,22.0,0,proxy_age_at_draft,77.0,0,nfl_combine,247.0,0,nfl_combine,,1,,,1,,,1,,,1,,,1,,,1,,247.0,0,nfl_combine,29.29,0,nfl_combine_derived,107.97,0,combine_pp_hass_approx,184,0,nfl_data_py,6,0,nfl_data_py,,1,,23.0,0,nfl_data_py,,1,,,1,,0.17277344672808884,0,cfbd,,1,,,1,,,1,,,1,,,1,,,1,,,1,,1.1994,0,cfbd,,1,,,1,,,1,,,1,,15.4,0,cfbd,,1,,,1,,,1,,,1,,0,0,,,,,,,,,,,,,,,,,,,,,,,,
00-0032791,Jakeem Grant,WR,2016,186,6,MIA,Texas Tech,23.0,9,46.5,10,72.3,9,47.9,28,166.7,5.954,0,1,0,5.9536,5.0759,0.8777,1,head_b_v3,v3,23.0,0,nfl_data_py,0,0,proxy_draft_year_age,,1,,0,0,proxy_age_at_draft,22.0,0,proxy_age_at_draft,,1,,,1,,,1,,,1,,,1,,,1,,,1,,,1,,,1,,,1,,,1,,186,0,nfl_data_py,6,0,nfl_data_py,,1,,,1,,0.2538492027195951,0,cfbd,,1,,,1,,0.2444,0,cfbd,,1,,0.2222,0,cfbd,22.0,0,cfbd_proxy,,1,,,1,,,1,,,1,,,1,,,1,,,1,,12.91,0,cfbd,,1,,,1,,,1,,,1,,0,0,proxy_age_at_draft,0,0,,1,,1.8435,0,cfbd,,,,,,,,,,,,,,,,,,
00-0032792,Nate Sudfeld,QB,2016,187,6,WAS,Indiana,22.0,1,7.5600000000000005,2,4.68,0,0.0,3,12.24,4.08,1,1,1,,,,0,head_b_v3,v3,22.0,0,nfl_data_py,0,0,proxy_draft_year_age,,1,,0,0,proxy_age_at_draft,21.0,0,proxy_age_at_draft,78.0,0,nfl_combine,234.0,0,nfl_combine,,1,,,1,,,1,,,1,,,1,,,1,,,1,,,1,,,1,,187,0,nfl_data_py,6,0,nfl_data_py,,1,,,1,,,1,,,1,,,1,,,1,,,1,,,1,,,1,,,1,,,1,,,1,,,1,,,1,,,1,,,1,,,1,,,1,,,1,,,1,,,1,,,1,,0,0,,,,,,,0.6,0,cfbd,8.7,0,cfbd,3.857143,0,cfbd,,1,,,,,,,
00-0032430,David Morgan,TE,2016,188,6,MIN,Texas-San Antonio,23.0,7,25.5,5,8.6,0,0.0,12,34.1,2.842,1,1,0,2.8417,4.7182,-1.8765,1,head_b_v3,v3,23.0,0,nfl_data_py,0,0,proxy_draft_year_age,,1,,0,0,proxy_age_at_draft,22.0,0,proxy_age_at_draft,76.0,0,nfl_combine,262.0,0,nfl_combine,,1,,,1,,,1,,,1,,,1,,,1,,262.0,0,nfl_combine,31.89,0,nfl_combine_derived,,1,,188,0,nfl_data_py,6,0,nfl_data_py,,1,,23.0,0,nfl_data_py,,1,,,1,,,1,,,1,,,1,,,1,,,1,,,1,,,1,,,1,,,1,,,1,,,1,,,1,,,1,,,1,,,1,,,1,,,1,,,1,,0,0,,,,,,,,,,,,,,,,,,,,,,,,
00-0032431,Jake Rudock,QB,2016,191,6,DET,Michigan,23.0,1,-1.04,0,0.0,0,0.0,1,-1.04,-1.04,1,1,1,,,,0,head_b_v3,v3,23.0,0,nfl_data_py,0,0,proxy_draft_year_age,,1,,0,0,proxy_age_at_draft,22.0,0,proxy_age_at_draft,,1,,,1,,,1,,,1,,,1,,,1,,,1,,,1,,,1,,,1,,,1,,191,0,nfl_data_py,6,0,nfl_data_py,,1,,,1,,,1,,,1,,,1,,,1,,,1,,,1,,,1,,,1,,,1,,,1,,,1,,,1,,,1,,,1,,,1,,,1,,,1,,,1,,,1,,,1,,0,0,,,,,,,0.64,0,cfbd,7.8,0,cfbd,2.222222,0,cfbd,,1,,,,,,,
00-0032957,Kolby Listenbee,WR,2016,192,6,BUF,TCU,22.0,0,0.0,0,0.0,0,0.0,0,0.0,0.0,1,1,1,,5.0759,,0,head_b_v3,v3,22.0,0,nfl_data_py,0,0,proxy_draft_year_age,,1,,0,0,proxy_age_at_draft,21.0,0,proxy_age_at_draft,72.0,0,nfl_combine,197.0,0,nfl_combine,35.5,0,nfl_combine,1,0,nfl_combine_szekely2023_proxy,,1,,,1,,,1,,,1,,,1,,,1,,,1,,192,0,nfl_data_py,6,0,nfl_data_py,,1,,,1,,0.13018624796353379,0,cfbd,,1,,,1,,0.1442,0,cfbd,,1,,0.1397,0,cfbd,,1,,,1,,,1,,,1,,,1,,,1,,,1,,,1,,19.28,0,cfbd,,1,,,1,,,1,,,1,,0,0,proxy_age_at_draft,0,0,,1,,1.1567,0,cfbd,,,,,,,,,,,,,,,,,,
00-0032795,Cody Core,WR,2016,199,6,CIN,Mississippi,22.0,2,0.0,10,37.0,1,5.800000000000001,13,42.8,3.292,1,1,0,3.2923,5.0759,-1.7836,1,head_b_v3,v3,22.0,0,nfl_data_py,0,0,proxy_draft_year_age,,1,,0,0,proxy_age_at_draft,21.0,0,proxy_age_at_draft,75.0,0,nfl_combine,205.0,0,nfl_combine,31.5,0,nfl_combine,1,0,nfl_combine_szekely2023_proxy,,1,,,1,,,1,,,1,,,1,,,1,,,1,,199,0,nfl_data_py,6,0,nfl_data_py,,1,,,1,,0.13114883278064157,0,cfbd,,1,,,1,,,1,,,1,,,1,,,1,,,1,,,1,,,1,,,1,,,1,,,1,,,1,,,1,,,1,,,1,,,1,,,1,,0,0,proxy_age_at_draft,0,0,,1,,,1,,,,,,,,,,,,,,,,,,,
00-0032434,Brandon Allen,QB,2016,201,6,JAX,Arkansas,24.0,0,0.0,0,0.0,3,32.5,3,32.5,10.833,1,1,1,,,,0,head_b_v3,v3,24.0,0,nfl_data_py,0,0,proxy_draft_year_age,,1,,0,0,proxy_age_at_draft,23.0,0,proxy_age_at_draft,73.0,0,nfl_combine,217.0,0,nfl_combine,,1,,,1,,,1,,,1,,,1,,,1,,,1,,,1,,,1,,201,0,nfl_data_py,6,0,nfl_data_py,,1,,,1,,,1,,,1,,,1,,,1,,,1,,,1,,,1,,,1,,,1,,,1,,,1,,,1,,,1,,,1,,,1,,,1,,,1,,,1,,,1,,,1,,0,0,,,,,,,0.659,0,cfbd,9.3,0,cfbd,3.75,0,cfbd,,1,,,,,,,
00-0033114,Mike Thomas,WR,2016,206,6,LAR,Southern Miss,22.0,4,14.3,0,0.0,3,3.4,7,17.7,2.529,1,1,1,,5.0759,,0,head_b_v3,v3,22.0,0,nfl_data_py,0,0,proxy_draft_year_age,,1,,0,0,proxy_age_at_draft,21.0,0,proxy_age_at_draft,,1,,,1,,,1,,,1,,,1,,,1,,,1,,,1,,,1,,,1,,,1,,206,0,nfl_data_py,6,0,nfl_data_py,,1,,,1,,,1,,,1,,,1,,,1,,,1,,,1,,,1,,,1,,,1,,,1,,,1,,,1,,,1,,,1,,,1,,,1,,,1,,,1,,,1,,0,0,proxy_age_at_draft,0,0,,1,,,1,,,,,,,,,,,,,,,,,,,
00-0032436,Jeff Driskel,QB,2016,207,6,SFO,Louisiana Tech,23.0,0,0.0,8,85.12,3,58.1,11,143.22,13.02,1,1,0,13.02,,,0,head_b_v3,v3,23.0,0,nfl_data_py,0,0,proxy_draft_year_age,,1,,0,0,proxy_age_at_draft,22.0,0,proxy_age_at_draft,76.0,0,nfl_combine,234.0,0,nfl_combine,,1,,,1,,,1,,,1,,,1,,,1,,,1,,,1,,,1,,207,0,nfl_data_py,6,0,nfl_data_py,,1,,,1,,,1,,,1,,,1,,,1,,,1,,,1,,,1,,,1,,,1,,,1,,,1,,,1,,,1,,,1,,,1,,,1,,,1,,,1,,,1,,,1,,0,0,,,,,,,0.624,0,cfbd,9.0,0,cfbd,3.375,0,cfbd,,1,,,,,,,
00-0032440,Kelvin Taylor,RB,2016,211,6,SFO,Florida,22.0,0,0.0,0,0.0,0,0.0,0,0.0,0.0,1,1,1,,6.9631,,0,head_b_v3,v3,22.0,0,nfl_data_py,0,0,proxy_draft_year_age,,1,,0,0,proxy_age_at_draft,21.0,0,proxy_age_at_draft,70.0,0,nfl_combine,207.0,0,nfl_combine,,1,,,1,,92.46,0,combine_barnwell2008,207.0,0,nfl_combine,,1,,1,0,combine_szekely2023_proxy,,1,,,1,,,1,,211,0,nfl_data_py,6,0,nfl_data_py,22.0,0,nfl_data_py,,1,,,1,,0.6333264224150698,0,cfbd,,1,,,1,,,1,,,1,,,1,,,1,,0.2552,0,cfbd,,1,,,1,,,1,,,1,,,1,,,1,,,1,,,1,,,1,,13.8,0,cfbd_sp_plus,,1,,0,0,,,,,,,,,,,,,,,,,,,3.9718,0,cfbd,7.4583,0,cfbd
00-0032441,Aaron Burbridge,WR,2016,213,6,SFO,Michigan St.,22.0,0,0.0,0,0.0,0,0.0,0,0.0,0.0,1,1,1,,5.0759,,0,head_b_v3,v3,22.0,0,nfl_data_py,0,0,proxy_draft_year_age,,1,,0,0,proxy_age_at_draft,21.0,0,proxy_age_at_draft,72.0,0,nfl_combine,206.0,0,nfl_combine,30.5,0,nfl_combine,1,0,nfl_combine_szekely2023_proxy,,1,,,1,,,1,,,1,,,1,,,1,,,1,,213,0,nfl_data_py,6,0,nfl_data_py,,1,,,1,,0.3264421610716213,0,cfbd,,1,,,1,,0.3972,0,cfbd,,1,,0.3332,0,cfbd,21.0,0,cfbd_proxy,,1,,,1,,,1,,,1,,,1,,,1,,,1,,13.44,0,cfbd,,1,,,1,,,1,,,1,,0,0,proxy_age_at_draft,0,0,,1,,2.7705,0,cfbd,,,,,,,,,,,,,,,,,,
00-0033049,Darius Jackson,RB,2016,216,6,DAL,Eastern Michigan,22.0,0,0.0,1,1.6,0,0.0,1,1.6,1.6,1,1,1,,6.9631,,0,head_b_v3,v3,22.0,0,nfl_data_py,0,0,proxy_draft_year_age,,1,,0,0,proxy_age_at_draft,21.0,0,proxy_age_at_draft,,1,,,1,,,1,,,1,,,1,,,1,,,1,,,1,,,1,,,1,,,1,,216,0,nfl_data_py,6,0,nfl_data_py,22.0,0,nfl_data_py,,1,,,1,,0.6345828933474129,0,cfbd,,1,,,1,,,1,,,1,,,1,,,1,,0.2784,0,cfbd,,1,,,1,,,1,,,1,,,1,,,1,,,1,,,1,,,1,,-19.7,0,cfbd_sp_plus,,1,,0,0,,,,,,,,,,,,,,,,,,,5.1827,0,cfbd,9.0513,0,cfbd
00-0033054,Rico Gathers,TE,2016,217,6,DAL,Baylor,22.0,0,0.0,6,7.500000000000001,0,0.0,6,7.5,1.25,1,1,1,,4.601,,0,head_b_v3,v3,22.0,0,nfl_data_py,0,0,proxy_draft_year_age,,1,,0,0,proxy_age_at_draft,21.0,0,proxy_age_at_draft,,1,,,1,,,1,,,1,,,1,,,1,,,1,,,1,,,1,,,1,,,1,,217,0,nfl_data_py,6,0,nfl_data_py,,1,,22.0,0,nfl_data_py,,1,,,1,,,1,,,1,,,1,,,1,,,1,,,1,,,1,,,1,,,1,,,1,,,1,,,1,,,1,,,1,,,1,,,1,,,1,,,1,,0,0,,,,,,,,,,,,,,,,,,,,,,,,
00-0032446,Brandon Doughty,QB,2016,223,7,MIA,Western Kentucky,24.0,0,0.0,0,0.0,0,0.0,0,0.0,0.0,1,1,1,,,,0,head_b_v3,v3,24.0,0,nfl_data_py,0,0,proxy_draft_year_age,,1,,0,0,proxy_age_at_draft,23.0,0,proxy_age_at_draft,75.0,0,nfl_combine,213.0,0,nfl_combine,,1,,,1,,,1,,,1,,,1,,,1,,,1,,,1,,,1,,223,0,nfl_data_py,7,0,nfl_data_py,,1,,,1,,,1,,,1,,,1,,,1,,,1,,,1,,,1,,,1,,,1,,,1,,,1,,,1,,,1,,,1,,,1,,,1,,,1,,,1,,,1,,,1,,0,0,,,,,,,0.719,0,cfbd,9.4,0,cfbd,5.333333,0,cfbd,,1,,,,,,,
00-0032447,Devin Lucien,WR,2016,225,7,NWE,Arizona St.,23.0,0,0.0,0,0.0,0,0.0,0,0.0,0.0,1,1,1,,4.8253,,0,head_b_v3,v3,23.0,0,nfl_data_py,0,0,proxy_draft_year_age,,1,,0,0,proxy_age_at_draft,22.0,0,proxy_age_at_draft,,1,,,1,,,1,,,1,,,1,,,1,,,1,,,1,,,1,,,1,,,1,,225,0,nfl_data_py,7,0,nfl_data_py,,1,,,1,,0.2714861504159163,0,cfbd,,1,,,1,,0.2681,0,cfbd,,1,,0.2687,0,cfbd,22.0,0,cfbd_proxy,,1,,,1,,,1,,,1,,,1,,,1,,,1,,16.32,0,cfbd,,1,,,1,,,1,,,1,,0,0,proxy_age_at_draft,0,0,,1,,1.7416,0,cfbd,,,,,,,,,,,,,,,,,,
00-0032365,Demarcus Ayers,WR,2016,229,7,PIT,Houston,22.0,0,0.0,0,0.0,0,0.0,0,0.0,0.0,1,1,1,,4.8253,,0,head_b_v3,v3,22.0,0,nfl_data_py,0,0,proxy_draft_year_age,,1,,0,0,proxy_age_at_draft,21.0,0,proxy_age_at_draft,69.0,0,nfl_combine,182.0,0,nfl_combine,33.0,0,nfl_combine,1,0,nfl_combine_szekely2023_proxy,,1,,,1,,,1,,,1,,,1,,,1,,,1,,229,0,nfl_data_py,7,0,nfl_data_py,,1,,,1,,0.3120898371114074,0,cfbd,,1,,,1,,0.3545,0,cfbd,,1,,0.3272,0,cfbd,21.0,0,cfbd_proxy,,1,,,1,,,1,,,1,,,1,,,1,,,1,,12.11,0,cfbd,,1,,,1,,,1,,,1,,0,0,proxy_age_at_draft,0,0,,1,,2.6389,0,cfbd,,,,,,,,,,,,,,,,,,
00-0032801,Daniel Braverman,WR,2016,230,7,CHI,Western Michigan,22.0,0,0.0,0,0.0,0,0.0,0,0.0,0.0,1,1,1,,4.8253,,0,head_b_v3,v3,22.0,0,nfl_data_py,0,0,proxy_draft_year_age,,1,,0,0,proxy_age_at_draft,21.0,0,proxy_age_at_draft,,1,,,1,,,1,,,1,,,1,,,1,,,1,,,1,,,1,,,1,,,1,,230,0,nfl_data_py,7,0,nfl_data_py,,1,,,1,,0.3998124330117899,0,cfbd,,1,,,1,,0.3715,0,cfbd,,1,,0.4,0,cfbd,20.0,0,cfbd_proxy,,1,,,1,,,1,,,1,,,1,,,1,,,1,,11.56,0,cfbd,,1,,,1,,,1,,,1,,0,0,proxy_age_at_draft,0,0,,1,,3.1337,0,cfbd,,,,,,,,,,,,,,,,,,
00-0033061,Thomas Duarte,TE,2016,231,7,MIA,UCLA,21.0,0,0.0,0,0.0,0,0.0,0,0.0,0.0,1,1,1,,4.601,,0,head_b_v3,v3,21.0,0,nfl_data_py,0,0,proxy_draft_year_age,,1,,1,0,proxy_age_at_draft,20.0,0,proxy_age_at_draft,74.0,0,nfl_combine,231.0,0,nfl_combine,,1,,,1,,,1,,,1,,,1,,,1,,231.0,0,nfl_combine,29.66,0,nfl_combine_derived,90.63,0,combine_pp_hass_approx,231,0,nfl_data_py,7,0,nfl_data_py,,1,,21.0,0,nfl_data_py,,1,,,1,,0.33368898372899436,0,cfbd,,1,,,1,,,1,,,1,,,1,,,1,,,1,,1.6078,0,cfbd,,1,,,1,,,1,,,1,,17.0,0,cfbd,,1,,,1,,,1,,,1,,0,0,,,,,,,,,,,,,,,,,,,,,,,,
00-0032450,Dwayne Washington,RB,2016,236,7,DET,Washington,22.0,5,7.800000000000001,4,15.400000000000002,4,7.6000000000000005,13,30.8,2.369,1,1,0,2.3692,6.9631,-4.5939,1,head_b_v3,v3,22.0,0,nfl_data_py,0,0,proxy_draft_year_age,,1,,0,0,proxy_age_at_draft,21.0,0,proxy_age_at_draft,,1,,,1,,,1,,,1,,,1,,,1,,,1,,,1,,,1,,,1,,,1,,236,0,nfl_data_py,7,0,nfl_data_py,22.0,0,nfl_data_py,,1,,,1,,0.14027125717266561,0,cfbd,,1,,,1,,,1,,,1,,,1,,,1,,0.1275,0,cfbd,,1,,,1,,,1,,,1,,,1,,,1,,,1,,,1,,,1,,9.7,0,cfbd_sp_plus,,1,,0,0,,,,,,,,,,,,,,,,,,,,1,below_volume_gate,10.5405,0,cfbd
00-0032804,Daniel Lasco,RB,2016,237,7,NOR,California,23.0,0,0.0,0,0.0,0,0.0,0,0.0,0.0,1,1,1,,6.9631,,0,head_b_v3,v3,23.0,0,nfl_data_py,0,0,proxy_draft_year_age,,1,,0,0,proxy_age_at_draft,22.0,0,proxy_age_at_draft,72.0,0,nfl_combine,209.0,0,nfl_combine,,1,,,1,,105.64,0,combine_barnwell2008,209.0,0,nfl_combine,7.22,0,nfl_combine,1,0,combine_szekely2023_proxy,,1,,,1,,,1,,237,0,nfl_data_py,7,0,nfl_data_py,23.0,0,nfl_data_py,,1,,,1,,0.1770413940613991,0,cfbd,,1,,,1,,,1,,,1,,,1,,,1,,0.062,0,cfbd,,1,,,1,,,1,,,1,,,1,,,1,,,1,,,1,,,1,,12.1,0,cfbd_sp_plus,,1,,0,0,,,,,,,,,,,,,,,,,,,5.0923,0,cfbd,9.5417,0,cfbd
00-0032451,Devin Fuller,WR,2016,238,7,ATL,UCLA,22.0,0,0.0,0,0.0,0,0.0,0,0.0,0.0,1,1,1,,4.8253,,0,head_b_v3,v3,22.0,0,nfl_data_py,0,0,proxy_draft_year_age,,1,,0,0,proxy_age_at_draft,21.0,0,proxy_age_at_draft,,1,,,1,,,1,,,1,,,1,,,1,,,1,,,1,,,1,,,1,,,1,,238,0,nfl_data_py,7,0,nfl_data_py,,1,,,1,,,1,,,1,,,1,,,1,,,1,,,1,,,1,,,1,,,1,,,1,,,1,,,1,,,1,,,1,,,1,,,1,,,1,,,1,,,1,,0,0,proxy_age_at_draft,0,0,,1,,,1,,,,,,,,,,,,,,,,,,,
00-0032959,Charone Peake,WR,2016,241,7,NYJ,Clemson,23.0,1,1.3,3,4.5,0,0.0,4,5.8,1.45,1,1,1,,4.8253,,0,head_b_v3,v3,23.0,0,nfl_data_py,0,0,proxy_draft_year_age,,1,,0,0,proxy_age_at_draft,22.0,0,proxy_age_at_draft,74.0,0,nfl_combine,209.0,0,nfl_combine,35.5,0,nfl_combine,1,0,nfl_combine_szekely2023_proxy,,1,,,1,,,1,,,1,,,1,,,1,,,1,,241,0,nfl_data_py,7,0,nfl_data_py,,1,,,1,,0.15329456731240404,0,cfbd,,1,,,1,,0.1501,0,cfbd,,1,,0.1584,0,cfbd,,1,,,1,,,1,,,1,,,1,,,1,,,1,,,1,,11.37,0,cfbd,,1,,,1,,,1,,,1,,0,0,proxy_age_at_draft,0,0,,1,,1.0663,0,cfbd,,,,,,,,,,,,,,,,,,
00-0032806,Keith Marshall,RB,2016,242,7,WAS,Georgia,22.0,0,0.0,0,0.0,0,0.0,0,0.0,0.0,1,1,1,,6.9631,,0,head_b_v3,v3,22.0,0,nfl_data_py,0,0,proxy_draft_year_age,,1,,0,0,proxy_age_at_draft,21.0,0,proxy_age_at_draft,71.0,0,nfl_combine,219.0,0,nfl_combine,,1,,,1,,126.93,0,combine_barnwell2008,219.0,0,nfl_combine,,1,,1,0,combine_szekely2023_proxy,,1,,,1,,,1,,242,0,nfl_data_py,7,0,nfl_data_py,22.0,0,nfl_data_py,,1,,,1,,0.13823786301768687,0,cfbd,,1,,,1,,,1,,,1,,,1,,,1,,0.0689,0,cfbd,,1,,,1,,,1,,,1,,,1,,,1,,,1,,,1,,,1,,16.8,0,cfbd_sp_plus,,1,,0,0,,,,,,,,,,,,,,,,,,,5.3333,0,cfbd,8.8571,0,cfbd
00-0032453,Kenny Lawler,WR,2016,243,7,SEA,California,22.0,0,0.0,0,0.0,0,0.0,0,0.0,0.0,1,1,1,,4.8253,,0,head_b_v3,v3,22.0,0,nfl_data_py,0,0,proxy_draft_year_age,,1,,0,0,proxy_age_at_draft,21.0,0,proxy_age_at_draft,74.0,0,nfl_combine,203.0,0,nfl_combine,31.0,0,nfl_combine,1,0,nfl_combine_szekely2023_proxy,,1,,,1,,,1,,,1,,,1,,,1,,,1,,243,0,nfl_data_py,7,0,nfl_data_py,,1,,,1,,0.2149799301271092,0,cfbd,,1,,,1,,0.1521,0,cfbd,,1,,0.2373,0,cfbd,20.0,0,cfbd_proxy,,1,,,1,,,1,,,1,,,1,,,1,,,1,,11.82,0,cfbd,,1,,,1,,,1,,,1,,0,0,proxy_age_at_draft,0,0,,1,,1.06,0,cfbd,,,,,,,,,,,,,,,,,,
00-0032808,Zac Brooks,RB,2016,247,7,SEA,Clemson,23.0,0,0.0,0,0.0,0,0.0,0,0.0,0.0,1,1,1,,6.9631,,0,head_b_v3,v3,23.0,0,nfl_data_py,0,0,proxy_draft_year_age,,1,,0,0,proxy_age_at_draft,22.0,0,proxy_age_at_draft,,1,,,1,,,1,,,1,,,1,,,1,,,1,,,1,,,1,,,1,,,1,,247,0,nfl_data_py,7,0,nfl_data_py,23.0,0,nfl_data_py,,1,,,1,,0.07909522553415985,0,cfbd,,1,,,1,,,1,,,1,,,1,,,1,,0.0426,0,cfbd,,1,,,1,,,1,,,1,,,1,,,1,,,1,,,1,,,1,,24.0,0,cfbd_sp_plus,,1,,0,0,,,,,,,,,,,,,,,,,,,,1,below_volume_gate,11.8571,0,cfbd
00-0032900,Beau Sandland,TE,2016,252,7,CAR,Montana St.,23.0,0,0.0,0,0.0,0,0.0,0,0.0,0.0,1,1,1,,4.3667,,0,head_b_v3,v3,23.0,0,nfl_data_py,0,0,proxy_draft_year_age,,1,,0,0,proxy_age_at_draft,22.0,0,proxy_age_at_draft,76.0,0,nfl_combine,253.0,0,nfl_combine,,1,,,1,,,1,,,1,,,1,,,1,,253.0,0,nfl_combine,30.79,0,nfl_combine_derived,100.24,0,combine_pp_hass_approx,252,0,nfl_data_py,7,0,nfl_data_py,,1,,23.0,0,nfl_data_py,,1,,,1,,,1,,,1,,,1,,,1,,,1,,,1,,,1,,,1,,,1,,,1,,,1,,,1,,,1,,,1,,,1,,,1,,,1,,,1,,0,0,,,,,,,,,,,,,,,,,,,,,,,,
00-0033869,Mitchell Trubisky,QB,2017,2,1,CHI,North Carolina,23.0,14,263.02,15,202.82,10,153.70000000000002,39,619.54,15.886,0,1,0,15.8856,,,0,head_b_v3,v3,23.0,0,nfl_data_py,0,0,proxy_draft_year_age,,1,,0,0,proxy_age_at_draft,22.0,0,proxy_age_at_draft,74.0,0,nfl_combine,222.0,0,nfl_combine,,1,,,1,,,1,,,1,,,1,,,1,,,1,,,1,,,1,,2,0,nfl_data_py,1,0,nfl_data_py,,1,,,1,,,1,,,1,,,1,,,1,,,1,,,1,,,1,,,1,,,1,,,1,,,1,,,1,,,1,,,1,,,1,,,1,,,1,,,1,,,1,,,1,,0,0,,,,,,,,1,,,1,,,1,,,1,,,,,,,
00-0033856,Leonard Fournette,RB,2017,4,1,JAX,LSU,22.0,8,120.4,15,259.4,12,132.0,35,511.8,14.623,0,1,0,14.6229,19.6562,-5.0333,1,head_b_v3,v3,22.0,0,nfl_data_py,0,0,proxy_draft_year_age,,1,,0,0,proxy_age_at_draft,21.0,0,proxy_age_at_draft,72.0,0,nfl_combine,240.0,0,nfl_combine,,1,,,1,,116.02,0,combine_barnwell2008,240.0,0,nfl_combine,,1,,1,0,combine_szekely2023_proxy,,1,,,1,,,1,,4,0,nfl_data_py,1,0,nfl_data_py,22.0,0,nfl_data_py,,1,,,1,,0.2840844062947067,0,cfbd,,1,,,1,,,1,,,1,,,1,,,1,,0.2107,0,cfbd,,1,,,1,,,1,,,1,,,1,,,1,,,1,,,1,,,1,,25.3,0,cfbd_sp_plus,,1,,0,0,,,,,,,,,,,,,,,,,,,6.5349,0,cfbd,12.05,0,cfbd
00-0033871,Corey Davis,WR,2017,5,1,TEN,Western Michigan,22.0,16,183.60000000000002,15,115.10000000000001,14,191.4,45,490.1,10.891,0,1,0,10.8911,14.8475,-3.9564,1,head_b_v3,v3,22.0,0,nfl_data_py,0,0,proxy_draft_year_age,,1,,0,0,proxy_age_at_draft,21.0,0,proxy_age_at_draft,75.0,0,nfl_combine,209.0,0,nfl_combine,,1,,,1,,,1,,,1,,,1,,,1,,,1,,,1,,,1,,5,0,nfl_data_py,1,0,nfl_data_py,,1,,,1,,0.500162965631406,0,cfbd,,1,,,1,,0.4227,0,cfbd,,1,,0.4926,0,cfbd,18.0,0,cfbd_proxy,,1,,,1,,,1,,,1,,,1,,,1,,,1,,15.65,0,cfbd,,1,,,1,,,1,,,1,,0,0,proxy_age_at_draft,0,0,,1,,3.7751,0,cfbd,,,,,,,,,,,,,,,,,,
00-0033536,Mike Williams,WR,2017,7,1,LAC,Clemson,22.0,16,180.2,15,161.3,14,153.7,45,495.2,11.004,0,1,0,11.0044,10.4961,0.5083,1,head_b_v3,v3,22.0,0,nfl_data_py,0,0,proxy_draft_year_age,,1,,0,0,proxy_age_at_draft,21.0,0,proxy_age_at_draft,76.0,0,nfl_combine,218.0,0,nfl_combine,32.5,0,nfl_combine,1,0,nfl_combine_szekely2023_proxy,,1,,,1,,,1,,,1,,,1,,,1,,,1,,7,0,nfl_data_py,1,0,nfl_data_py,,1,,,1,,0.25807768239391315,0,cfbd,,1,,,1,,0.2708,0,cfbd,,1,,0.2574,0,cfbd,19.0,0,cfbd_proxy,,1,,,1,,,1,,,1,,,1,,,1,,,1,,15.75,0,cfbd,,1,,,1,,,1,,,1,,0,0,proxy_age_at_draft,0,0,,1,,1.8617,0,cfbd,,,,,,,,,,,,,,,,,,
00-0033280,Christian McCaffrey,RB,2017,8,1,CAR,Stanford,21.0,16,385.5,16,471.20000000000005,3,90.4,35,947.1,27.06,0,1,0,27.06,19.6562,7.4038,1,head_b_v3,v3,21.0,0,nfl_data_py,0,0,proxy_draft_year_age,,1,,1,0,proxy_age_at_draft,20.0,0,proxy_age_at_draft,71.0,0,nfl_combine,202.0,0,nfl_combine,,1,,,1,,100.29,0,combine_barnwell2008,202.0,0,nfl_combine,6.57,0,nfl_combine,1,0,combine_szekely2023_proxy,,1,,,1,,,1,,8,0,nfl_data_py,1,0,nfl_data_py,21.0,0,nfl_data_py,,1,,,1,,0.6196691176470588,0,cfbd,,1,,,1,,,1,,,1,,,1,,,1,,0.4243,0,cfbd,,1,,,1,,,1,,,1,,,1,,,1,,,1,,,1,,,1,,16.4,0,cfbd_sp_plus,,1,,0,0,,,,,,,,,,,,,,,,,,,6.336,0,cfbd,11.7128,0,cfbd
00-0033460,John Ross,WR,2017,9,1,CIN,Washington,21.0,13,84.89999999999999,8,95.0,2,3.7,23,183.6,7.983,0,1,0,7.9826,10.4961,-2.5135,1,head_b_v3,v3,21.0,0,nfl_data_py,0,0,proxy_draft_year_age,,1,,1,0,proxy_age_at_draft,20.0,0,proxy_age_at_draft,71.0,0,nfl_combine,188.0,0,nfl_combine,37.0,0,nfl_combine,1,0,nfl_combine_szekely2023_proxy,,1,,,1,,,1,,,1,,,1,,,1,,,1,,9,0,nfl_data_py,1,0,nfl_data_py,,1,,,1,,0.33955931665893435,0,cfbd,,1,,,1,,0.3231,0,cfbd,,1,,0.3463,0,cfbd,20.0,0,cfbd_proxy,,1,,,1,,,1,,,1,,,1,,,1,,,1,,15.61,0,cfbd,,1,,,1,,,1,,,1,,1,0,proxy_age_at_draft,0,0,,1,,2.75,0,cfbd,,,,,,,,,,,,,,,,,,
00-0033873,Patrick Mahomes,QB,2017,10,1,KAN,Texas Tech,21.0,16,417.08,14,287.04,15,374.4,45,1078.52,23.967,0,1,0,23.9671,,,0,head_b_v3,v3,21.0,0,nfl_data_py,0,0,proxy_draft_year_age,,1,,1,0,proxy_age_at_draft,20.0,0,proxy_age_at_draft,74.0,0,nfl_combine,225.0,0,nfl_combine,,1,,,1,,,1,,,1,,,1,,,1,,,1,,,1,,,1,,10,0,nfl_data_py,1,0,nfl_data_py,,1,,,1,,,1,,,1,,,1,,,1,,,1,,,1,,,1,,,1,,,1,,,1,,,1,,,1,,,1,,,1,,,1,,,1,,,1,,,1,,,1,,,1,,0,0,,,,,,,0.657,0,cfbd,8.5,0,cfbd,4.1,0,cfbd,0.043924,0,cfbd,,,,,,
00-0033537,Deshaun Watson,QB,2017,12,1,HOU,Clemson,21.0,16,331.7,15,320.98,16,369.32,47,1022.0,21.745,0,1,0,21.7447,,,0,head_b_v3,v3,21.0,0,nfl_data_py,0,0,proxy_draft_year_age,,1,,1,0,proxy_age_at_draft,20.0,0,proxy_age_at_draft,74.0,0,nfl_combine,221.0,0,nfl_combine,,1,,,1,,,1,,,1,,,1,,,1,,,1,,,1,,,1,,12,0,nfl_data_py,1,0,nfl_data_py,,1,,,1,,,1,,,1,,,1,,,1,,,1,,,1,,,1,,,1,,,1,,,1,,,1,,,1,,,1,,,1,,,1,,,1,,,1,,,1,,,1,,,1,,0,0,,,,,,,0.67,0,cfbd,7.9,0,cfbd,2.411765,0,cfbd,0.030817,0,cfbd,,,,,,
00-0033879,O.J. Howard,TE,2017,19,1,TAM,Alabama,22.0,10,120.5,12,83.9,4,37.6,26,242.0,9.308,0,1,0,9.3077,10.2902,-0.9825,1,head_b_v3,v3,22.0,0,nfl_data_py,0,0,proxy_draft_year_age,,1,,0,0,proxy_age_at_draft,21.0,0,proxy_age_at_draft,78.0,0,nfl_combine,251.0,0,nfl_combine,,1,,,1,,,1,,,1,,,1,,,1,,251.0,0,nfl_combine,29.0,0,nfl_combine_derived,124.53,0,combine_pp_hass_approx,19,0,nfl_data_py,1,0,nfl_data_py,,1,,22.0,0,nfl_data_py,,1,,,1,,0.15201697478171797,0,cfbd,,1,,,1,,,1,,,1,,,1,,,1,,,1,,1.0671,0,cfbd,,1,,,1,,,1,,,1,,13.49,0,cfbd,,1,,,1,,,1,,,1,,0,0,,,,,,,,,,,,,,,,,,,,,,,,
00-0033881,Evan Engram,TE,2017,23,1,NYG,Mississippi,23.0,11,126.30000000000001,8,109.4,16,141.0,35,376.7,10.763,0,1,0,10.7629,10.2902,0.4727,1,head_b_v3,v3,23.0,0,nfl_data_py,0,0,proxy_draft_year_age,,1,,0,0,proxy_age_at_draft,22.0,0,proxy_age_at_draft,75.0,0,nfl_combine,234.0,0,nfl_combine,,1,,,1,,,1,,,1,,,1,,,1,,234.0,0,nfl_combine,29.24,0,nfl_combine_derived,121.01,0,combine_pp_hass_approx,23,0,nfl_data_py,1,0,nfl_data_py,,1,,23.0,0,nfl_data_py,,1,,,1,,0.2706673331177168,0,cfbd,,1,,,1,,,1,,,1,,,1,,,1,,,1,,,1,,,1,,,1,,,1,,,1,,,1,,,1,,,1,,,1,,,1,,0,0,,,,,,,,,,,,,,,,,,,,,,,,
00-0033885,David Njoku,TE,2017,29,1,CLE,Miami (FL),21.0,15,143.9,3,15.1,11,52.3,29,211.3,7.286,0,1,0,7.2862,9.9687,-2.6825,1,head_b_v3,v3,21.0,0,nfl_data_py,0,0,proxy_draft_year_age,,1,,1,0,proxy_age_at_draft,20.0,0,proxy_age_at_draft,76.0,0,nfl_combine,246.0,0,nfl_combine,,1,,,1,,,1,,,1,,,1,,,1,,246.0,0,nfl_combine,29.94,0,nfl_combine_derived,106.14,0,combine_pp_hass_approx,29,0,nfl_data_py,1,0,nfl_data_py,,1,,21.0,0,nfl_data_py,,1,,,1,,0.24607182940516273,0,cfbd,,1,,,1,,,1,,,1,,,1,,,1,,,1,,1.5352,0,cfbd,,1,,,1,,,1,,,1,,17.5,0,cfbd,,1,,,1,,,1,,,1,,0,0,,,,,,,,,,,,,,,,,,,,,,,,
00-0033891,Zay Jones,WR,2017,37,2,BUF,East Carolina,22.0,16,165.2,14,48.900000000000006,11,36.56,41,250.66,6.114,0,1,0,6.1137,9.8012,-3.6875,1,head_b_v3,v3,22.0,0,nfl_data_py,0,0,proxy_draft_year_age,,1,,0,0,proxy_age_at_draft,21.0,0,proxy_age_at_draft,74.0,0,nfl_combine,201.0,0,nfl_combine,36.5,0,nfl_combine,1,0,nfl_combine_szekely2023_proxy,,1,,,1,,,1,,,1,,,1,,,1,,,1,,37,0,nfl_data_py,2,0,nfl_data_py,,1,,,1,,0.3693591020533252,0,cfbd,,1,,,1,,0.433,0,cfbd,,1,,0.3703,0,cfbd,20.0,0,cfbd_proxy,,1,,,1,,,1,,,1,,,1,,,1,,,1,,10.84,0,cfbd,,1,,,1,,,1,,,1,,0,0,proxy_age_at_draft,0,0,,1,,3.1245,0,cfbd,,,,,,,,,,,,,,,,,,
00-0033282,Curtis Samuel,WR,2017,40,2,CAR,Ohio St.,21.0,12,138.8,16,171.7,15,212.1,43,522.6,12.153,0,1,0,12.1535,9.8012,2.3523,1,head_b_v3,v3,21.0,0,nfl_data_py,0,0,proxy_draft_year_age,,1,,1,0,proxy_age_at_draft,20.0,0,proxy_age_at_draft,71.0,0,nfl_combine,196.0,0,nfl_combine,37.0,0,nfl_combine,1,0,nfl_combine_szekely2023_proxy,,1,,,1,,,1,,,1,,,1,,,1,,,1,,40,0,nfl_data_py,2,0,nfl_data_py,,1,,,1,,0.2901349818825547,0,cfbd,,1,,,1,,0.3097,0,cfbd,,1,,0.2895,0,cfbd,20.0,0,cfbd_proxy,,1,,,1,,,1,,,1,,,1,,,1,,,1,,12.33,0,cfbd,,1,,,1,,,1,,,1,,1,0,proxy_age_at_draft,0,0,,1,,2.0098,0,cfbd,,,,,,,,,,,,,,,,,,
00-0033893,Dalvin Cook,RB,2017,41,2,MIN,Florida St.,22.0,11,152.0,14,292.4,14,337.8,39,782.2,20.056,0,1,0,20.0564,12.444,7.6124,1,head_b_v3,v3,22.0,0,nfl_data_py,0,0,proxy_draft_year_age,,1,,0,0,proxy_age_at_draft,21.0,0,proxy_age_at_draft,70.0,0,nfl_combine,210.0,0,nfl_combine,,1,,,1,,103.34,0,combine_barnwell2008,210.0,0,nfl_combine,7.27,0,nfl_combine,1,0,combine_szekely2023_proxy,,1,,,1,,,1,,41,0,nfl_data_py,2,0,nfl_data_py,22.0,0,nfl_data_py,,1,,,1,,0.623430118677267,0,cfbd,,1,,,1,,,1,,,1,,,1,,,1,,0.3584,0,cfbd,,1,,,1,,,1,,,1,,,1,,,1,,,1,,,1,,,1,,24.0,0,cfbd_sp_plus,,1,,0,0,,,,,,,,,,,,,,,,,,,6.0448,0,cfbd,11.5915,0,cfbd
00-0033895,Gerald Everett,TE,2017,44,2,LAR,South Alabama,23.0,15,86.60000000000001,12,89.8,15,92.9,42,269.3,6.412,0,1,0,6.4119,9.329,-2.9171,1,head_b_v3,v3,23.0,0,nfl_data_py,0,0,proxy_draft_year_age,,1,,0,0,proxy_age_at_draft,22.0,0,proxy_age_at_draft,75.0,0,nfl_combine,239.0,0,nfl_combine,,1,,,1,,,1,,,1,,,1,,,1,,239.0,0,nfl_combine,29.87,0,nfl_combine_derived,103.54,0,combine_pp_hass_approx,44,0,nfl_data_py,2,0,nfl_data_py,,1,,23.0,0,nfl_data_py,,1,,,1,,0.2464605027874198,0,cfbd,,1,,,1,,,1,,,1,,,1,,,1,,,1,,1.7277,0,cfbd,,1,,,1,,,1,,,1,,14.36,0,cfbd,,1,,,1,,,1,,,1,,0,0,,,,,,,,,,,,,,,,,,,,,,,,
00-0033896,Adam Shaheen,TE,2017,45,2,CHI,Ashland,22.0,4,17.8,7,18.4,13,45.0,24,81.2,3.383,0,1,0,3.3833,9.329,-5.9457,1,head_b_v3,v3,22.0,0,nfl_data_py,0,0,proxy_draft_year_age,,1,,0,0,proxy_age_at_draft,21.0,0,proxy_age_at_draft,78.0,0,nfl_combine,278.0,0,nfl_combine,,1,,,1,,,1,,,1,,,1,,,1,,278.0,0,nfl_combine,32.12,0,nfl_combine_derived,108.4,0,combine_pp_hass_approx,45,0,nfl_data_py,2,0,nfl_data_py,,1,,22.0,0,nfl_data_py,,1,,,1,,,1,,,1,,,1,,,1,,,1,,,1,,,1,,,1,,,1,,,1,,,1,,,1,,,1,,,1,,,1,,,1,,,1,,,1,,0,0,,,,,,,,,,,,,,,,,,,,,,,,
00-0033897,Joe Mixon,RB,2017,48,2,CIN,Oklahoma,21.0,14,243.4,16,225.4,6,99.60000000000001,36,568.4,15.789,0,1,0,15.7889,12.1136,3.6753,1,head_b_v3,v3,21.0,0,nfl_data_py,0,0,proxy_draft_year_age,,1,,1,0,proxy_age_at_draft,20.0,0,proxy_age_at_draft,,1,,,1,,,1,,,1,,,1,,,1,,,1,,,1,,,1,,,1,,,1,,48,0,nfl_data_py,2,0,nfl_data_py,21.0,0,nfl_data_py,,1,,,1,,0.37361923326835605,0,cfbd,,1,,,1,,,1,,,1,,,1,,,1,,0.243,0,cfbd,,1,,,1,,,1,,,1,,,1,,,1,,,1,,,1,,,1,,26.1,0,cfbd_sp_plus,,1,,0,0,,,,,,,,,,,,,,,,,,,7.0417,0,cfbd,13.9298,0,cfbd
00-0033899,DeShone Kizer,QB,2017,52,2,CLE,Notre Dame,21.0,3,5.380000000000001,0,0.0,0,0.0,3,5.38,1.793,1,1,1,,,,0,head_b_v3,v3,21.0,0,nfl_data_py,0,0,proxy_draft_year_age,,1,,1,0,proxy_age_at_draft,20.0,0,proxy_age_at_draft,76.0,0,nfl_combine,233.0,0,nfl_combine,,1,,,1,,,1,,,1,,,1,,,1,,,1,,,1,,,1,,52,0,nfl_data_py,2,0,nfl_data_py,,1,,,1,,,1,,,1,,,1,,,1,,,1,,,1,,,1,,,1,,,1,,,1,,,1,,,1,,,1,,,1,,,1,,,1,,,1,,,1,,,1,,,1,,0,0,,,,,,,0.587,0,cfbd,8.1,0,cfbd,2.888889,0,cfbd,0.067308,0,cfbd,,,,,,
00-0033857,JuJu Smith-Schuster,WR,2017,62,2,PIT,USC,20.0,16,296.90000000000003,12,113.2,16,234.1,44,644.2,14.641,0,1,0,14.6409,8.5194,6.1215,1,head_b_v3,v3,20.0,0,nfl_data_py,0,0,proxy_draft_year_age,,1,,1,0,proxy_age_at_draft,19.0,0,proxy_age_at_draft,73.0,0,nfl_combine,215.0,0,nfl_combine,32.5,0,nfl_combine,1,0,nfl_combine_szekely2023_proxy,,1,,,1,,,1,,,1,,,1,,,1,,,1,,62,0,nfl_data_py,2,0,nfl_data_py,,1,,,1,,0.27870691327412733,0,cfbd,,1,,,1,,0.2487,0,cfbd,,1,,0.2851,0,cfbd,18.0,0,cfbd_proxy,,1,,,1,,,1,,,1,,,1,,,1,,,1,,14.21,0,cfbd,,1,,,1,,,1,,,1,,1,0,proxy_age_at_draft,0,0,,1,,1.6868,0,cfbd,,,,,,,,,,,,,,,,,,
00-0033906,Alvin Kamara,RB,2017,67,3,NOR,Tennessee,22.0,15,354.2,14,248.52,15,377.8,44,980.52,22.285,0,1,0,22.2845,11.6922,10.5923,1,head_b_v3,v3,22.0,0,nfl_data_py,0,0,proxy_draft_year_age,,1,,0,0,proxy_age_at_draft,21.0,0,proxy_age_at_draft,70.0,0,nfl_combine,214.0,0,nfl_combine,,1,,,1,,98.99,0,combine_barnwell2008,214.0,0,nfl_combine,,1,,1,0,combine_szekely2023_proxy,,1,,,1,,,1,,67,0,nfl_data_py,3,0,nfl_data_py,22.0,0,nfl_data_py,,1,,,1,,0.25685544324611886,0,cfbd,,1,,,1,,,1,,,1,,,1,,,1,,0.1729,0,cfbd,,1,,,1,,,1,,,1,,,1,,,1,,,1,,,1,,,1,,16.3,0,cfbd_sp_plus,,1,,0,0,,,,,,,,,,,,,,,,,,,5.8854,0,cfbd,9.6562,0,cfbd
00-0033908,Cooper Kupp,WR,2017,69,3,LAR,Eastern Washington,24.0,8,135.1,16,270.5,15,210.70000000000002,39,616.3,15.803,0,1,0,15.8026,8.5194,7.2832,1,head_b_v3,v3,24.0,0,nfl_data_py,0,0,proxy_draft_year_age,,1,,0,0,proxy_age_at_draft,23.0,0,proxy_age_at_draft,74.0,0,nfl_combine,204.0,0,nfl_combine,31.0,0,nfl_combine,1,0,nfl_combine_szekely2023_proxy,,1,,,1,,,1,,,1,,,1,,,1,,,1,,69,0,nfl_data_py,3,0,nfl_data_py,,1,,,1,,,1,,,1,,,1,,0.4104,0,cfbd,,1,,0.5052,0,cfbd,20.0,0,cfbd_proxy,,1,,,1,,,1,,,1,,,1,,,1,,,1,,17.47,0,cfbd,,1,,,1,,,1,,,1,,0,0,proxy_age_at_draft,0,0,,1,,,1,,,,,,,,,,,,,,,,,,,
00-0033911,Taywan Taylor,WR,2017,72,3,TEN,Western Kentucky,22.0,13,87.6,1,0.0,1,0.0,15,87.6,5.84,1,1,0,5.84,8.5194,-2.6794,1,head_b_v3,v3,22.0,0,nfl_data_py,0,0,proxy_draft_year_age,,1,,0,0,proxy_age_at_draft,21.0,0,proxy_age_at_draft,71.0,0,nfl_combine,203.0,0,nfl_combine,33.5,0,nfl_combine,1,0,nfl_combine_szekely2023_proxy,,1,,,1,,,1,,,1,,,1,,,1,,,1,,72,0,nfl_data_py,3,0,nfl_data_py,,1,,,1,,0.3858380043427764,0,cfbd,,1,,,1,,0.362,0,cfbd,,1,,0.3861,0,cfbd,20.0,0,cfbd_proxy,,1,,,1,,,1,,,1,,,1,,,1,,,1,,16.77,0,cfbd,,1,,,1,,,1,,,1,,0,0,proxy_age_at_draft,0,0,,1,,3.3673,0,cfbd,,,,,,,,,,,,,,,,,,
00-0033916,ArDarius Stewart,WR,2017,79,3,NYJ,Alabama,23.0,0,0.0,0,0.0,0,0.0,0,0.0,0.0,1,1,1,,8.3309,,0,head_b_v3,v3,23.0,0,nfl_data_py,0,0,proxy_draft_year_age,,1,,0,0,proxy_age_at_draft,22.0,0,proxy_age_at_draft,71.0,0,nfl_combine,204.0,0,nfl_combine,34.0,0,nfl_combine,1,0,nfl_combine_szekely2023_proxy,,1,,,1,,,1,,,1,,,1,,,1,,,1,,79,0,nfl_data_py,3,0,nfl_data_py,,1,,,1,,0.29081508219111263,0,cfbd,,1,,,1,,0.2896,0,cfbd,,1,,0.3048,0,cfbd,21.0,0,cfbd_proxy,,1,,,1,,,1,,,1,,,1,,,1,,,1,,13.57,0,cfbd,,1,,,1,,,1,,,1,,0,0,proxy_age_at_draft,0,0,,1,,2.0432,0,cfbd,,,,,,,,,,,,,,,,,,
00-0033919,Carlos Henderson,WR,2017,82,3,DEN,Louisiana Tech,22.0,0,0.0,0,0.0,0,0.0,0,0.0,0.0,1,1,1,,8.2367,,0,head_b_v3,v3,22.0,0,nfl_data_py,0,0,proxy_draft_year_age,,1,,0,0,proxy_age_at_draft,21.0,0,proxy_age_at_draft,71.0,0,nfl_combine,199.0,0,nfl_combine,36.0,0,nfl_combine,1,0,nfl_combine_szekely2023_proxy,,1,,,1,,,1,,,1,,,1,,,1,,,1,,82,0,nfl_data_py,3,0,nfl_data_py,,1,,,1,,0.3718050114061836,0,cfbd,,1,,,1,,0.3006,0,cfbd,,1,,0.3682,0,cfbd,21.0,0,cfbd_proxy,,1,,,1,,,1,,,1,,,1,,,1,,,1,,19.72,0,cfbd,,1,,,1,,,1,,,1,,0,0,proxy_age_at_draft,0,0,,1,,2.5893,0,cfbd,,,,,,,,,,,,,,,,,,
00-0033921,Chris Godwin,WR,2017,84,3,TAM,Penn St.,21.0,16,185.2,14,276.1,12,191.0,42,652.3,15.531,0,1,0,15.531,8.2367,7.2943,1,head_b_v3,v3,21.0,0,nfl_data_py,0,0,proxy_draft_year_age,,1,,1,0,proxy_age_at_draft,20.0,0,proxy_age_at_draft,73.0,0,nfl_combine,209.0,0,nfl_combine,36.0,0,nfl_combine,1,0,nfl_combine_szekely2023_proxy,,1,,,1,,,1,,,1,,,1,,,1,,,1,,84,0,nfl_data_py,3,0,nfl_data_py,,1,,,1,,0.32417572035899855,0,cfbd,,1,,,1,,0.2341,0,cfbd,,1,,0.297,0,cfbd,19.0,0,cfbd_proxy,,1,,,1,,,1,,,1,,,1,,,1,,,1,,14.86,0,cfbd,,1,,,1,,,1,,,1,,1,0,proxy_age_at_draft,0,0,,1,,2.0332,0,cfbd,,,,,,,,,,,,,,,,,,
00-0033923,Kareem Hunt,RB,2017,86,3,KAN,Toledo,22.0,11,230.2,8,101.4,16,218.5,35,550.1,15.717,0,1,0,15.7171,11.2764,4.4407,1,head_b_v3,v3,22.0,0,nfl_data_py,0,0,proxy_draft_year_age,,1,,0,0,proxy_age_at_draft,21.0,0,proxy_age_at_draft,70.0,0,nfl_combine,216.0,0,nfl_combine,,1,,,1,,94.82,0,combine_barnwell2008,216.0,0,nfl_combine,,1,,1,0,combine_szekely2023_proxy,,1,,,1,,,1,,86,0,nfl_data_py,3,0,nfl_data_py,22.0,0,nfl_data_py,,1,,,1,,0.585044668755076,0,cfbd,,1,,,1,,,1,,,1,,,1,,,1,,0.2712,0,cfbd,,1,,,1,,,1,,,1,,,1,,,1,,,1,,,1,,,1,,12.3,0,cfbd_sp_plus,,1,,0,0,,,,,,,,,,,,,,,,,,,5.6458,0,cfbd,7.8806,0,cfbd
00-0033550,Davis Webb,QB,2017,87,3,NYG,California,22.0,0,0.0,0,0.0,0,0.0,0,0.0,0.0,1,1,1,,,,0,head_b_v3,v3,22.0,0,nfl_data_py,0,0,proxy_draft_year_age,,1,,0,0,proxy_age_at_draft,21.0,0,proxy_age_at_draft,77.0,0,nfl_combine,229.0,0,nfl_combine,,1,,,1,,,1,,,1,,,1,,,1,,,1,,,1,,,1,,87,0,nfl_data_py,3,0,nfl_data_py,,1,,,1,,,1,,,1,,,1,,,1,,,1,,,1,,,1,,,1,,,1,,,1,,,1,,,1,,,1,,,1,,,1,,,1,,,1,,,1,,,1,,,1,,0,0,,,,,,,0.616,0,cfbd,6.9,0,cfbd,3.083333,0,cfbd,0.025118,0,cfbd,,,,,,
00-0033925,D'Onta Foreman,RB,2017,89,3,HOU,Texas,21.0,1,10.7,0,0.0,5,17.0,6,27.7,4.617,1,1,1,,7.3666,,0,head_b_v3,v3,21.0,0,nfl_data_py,0,0,proxy_draft_year_age,,1,,1,0,proxy_age_at_draft,20.0,0,proxy_age_at_draft,72.0,0,nfl_combine,233.0,0,nfl_combine,,1,,,1,,,1,,233.0,0,nfl_combine,,1,,,1,,,1,,,1,,,1,,89,0,nfl_data_py,3,0,nfl_data_py,21.0,0,nfl_data_py,,1,,,1,,0.630964820619993,0,cfbd,,1,,,1,,,1,,,1,,,1,,,1,,0.3544,0,cfbd,,1,,,1,,,1,,,1,,,1,,,1,,,1,,,1,,,1,,10.6,0,cfbd_sp_plus,,1,,0,0,,,,,,,,,,,,,,,,,,,6.2786,0,cfbd,11.2308,0,cfbd
00-0033932,Kenny Golladay,WR,2017,96,3,DET,Northern Illinois,23.0,15,207.1,16,248.0,5,65.8,36,520.9,14.469,0,1,0,14.4694,8.2367,6.2327,1,head_b_v3,v3,23.0,0,nfl_data_py,0,0,proxy_draft_year_age,,1,,0,0,proxy_age_at_draft,22.0,0,proxy_age_at_draft,76.0,0,nfl_combine,218.0,0,nfl_combine,35.5,0,nfl_combine,1,0,nfl_combine_szekely2023_proxy,,1,,,1,,,1,,,1,,,1,,,1,,,1,,96,0,nfl_data_py,3,0,nfl_data_py,,1,,,1,,0.41651785714285716,0,cfbd,,1,,,1,,0.4318,0,cfbd,,1,,0.4159,0,cfbd,21.0,0,cfbd_proxy,,1,,,1,,,1,,,1,,,1,,,1,,,1,,14.38,0,cfbd,,1,,,1,,,1,,,1,,0,0,proxy_age_at_draft,0,0,,1,,2.91,0,cfbd,,,,,,,,,,,,,,,,,,
00-0033933,Chad Williams,WR,2017,98,3,ARI,Grambling St.,22.0,10,41.0,1,0.0,0,0.0,11,41.0,3.727,1,1,0,3.7273,8.2367,-4.5094,1,head_b_v3,v3,22.0,0,nfl_data_py,0,0,proxy_draft_year_age,,1,,0,0,proxy_age_at_draft,21.0,0,proxy_age_at_draft,,1,,,1,,,1,,,1,,,1,,,1,,,1,,,1,,,1,,,1,,,1,,98,0,nfl_data_py,3,0,nfl_data_py,,1,,,1,,,1,,,1,,,1,,,1,,,1,,,1,,,1,,,1,,,1,,,1,,,1,,,1,,,1,,,1,,,1,,,1,,,1,,,1,,,1,,0,0,proxy_age_at_draft,0,0,,1,,,1,,,,,,,,,,,,,,,,,,,
00-0033858,Jonnu Smith,TE,2017,100,3,TEN,Florida International,22.0,11,63.800000000000004,15,104.7,14,140.2,40,308.7,7.717,0,1,0,7.7175,7.674,0.0435,1,head_b_v3,v3,22.0,0,nfl_data_py,0,0,proxy_draft_year_age,,1,,0,0,proxy_age_at_draft,21.0,0,proxy_age_at_draft,75.0,0,nfl_combine,248.0,0,nfl_combine,,1,,,1,,,1,,,1,,,1,,,1,,248.0,0,nfl_combine,30.99,0,nfl_combine_derived,107.44,0,combine_pp_hass_approx,100,0,nfl_data_py,3,0,nfl_data_py,,1,,22.0,0,nfl_data_py,,1,,,1,,0.19827786377708978,0,cfbd,,1,,,1,,,1,,,1,,,1,,,1,,,1,,1.2432,0,cfbd,,1,,,1,,,1,,,1,,11.24,0,cfbd,,1,,,1,,,1,,,1,,0,0,,,,,,,,,,,,,,,,,,,,,,,,
00-0033936,C.J. Beathard,QB,2017,104,3,SFO,Iowa,23.0,5,74.98,0,0.0,6,52.28,11,127.26,11.569,1,1,0,11.5691,,,0,head_b_v3,v3,23.0,0,nfl_data_py,0,0,proxy_draft_year_age,,1,,0,0,proxy_age_at_draft,22.0,0,proxy_age_at_draft,74.0,0,nfl_combine,219.0,0,nfl_combine,,1,,,1,,,1,,,1,,,1,,,1,,,1,,,1,,,1,,104,0,nfl_data_py,3,0,nfl_data_py,,1,,,1,,,1,,,1,,,1,,,1,,,1,,,1,,,1,,,1,,,1,,,1,,,1,,,1,,,1,,,1,,,1,,,1,,,1,,,1,,,1,,,1,,0,0,,,,,,,0.565,0,cfbd,6.4,0,cfbd,1.7,0,cfbd,0.088235,0,cfbd,,,,,,
00-0033553,James Conner,RB,2017,105,3,PIT,Pittsburgh,22.0,13,280.0,10,145.5,13,164.6,36,590.1,16.392,0,1,0,16.3917,7.3666,9.0251,1,head_b_v3,v3,22.0,0,nfl_data_py,0,0,proxy_draft_year_age,,1,,0,0,proxy_age_at_draft,21.0,0,proxy_age_at_draft,73.0,0,nfl_combine,233.0,0,nfl_combine,,1,,,1,,99.67,0,combine_barnwell2008,233.0,0,nfl_combine,,1,,1,0,combine_szekely2023_proxy,,1,,,1,,,1,,105,0,nfl_data_py,3,0,nfl_data_py,22.0,0,nfl_data_py,,1,,,1,,,1,,,1,,,1,,,1,,,1,,,1,,,1,,0.2508,0,cfbd,,1,,,1,,,1,,,1,,,1,,,1,,,1,,,1,,,1,,13.1,0,cfbd_sp_plus,,1,,0,0,,,,,,,,,,,,,,,,,,,5.0962,0,cfbd,14.1034,0,cfbd
00-0033937,Amara Darboh,WR,2017,106,3,SEA,Michigan,23.0,0,0.0,0,0.0,0,0.0,0,0.0,0.0,1,1,1,,8.2367,,0,head_b_v3,v3,23.0,0,nfl_data_py,0,0,proxy_draft_year_age,,1,,0,0,proxy_age_at_draft,22.0,0,proxy_age_at_draft,74.0,0,nfl_combine,214.0,0,nfl_combine,36.0,0,nfl_combine,1,0,nfl_combine_szekely2023_proxy,,1,,,1,,,1,,,1,,,1,,,1,,,1,,106,0,nfl_data_py,3,0,nfl_data_py,,1,,,1,,0.33138606676342525,0,cfbd,,1,,,1,,0.3185,0,cfbd,,1,,0.3435,0,cfbd,20.0,0,cfbd_proxy,,1,,,1,,,1,,,1,,,1,,,1,,,1,,13.9,0,cfbd,,1,,,1,,,1,,,1,,0,0,proxy_age_at_draft,0,0,,1,,2.2324,0,cfbd,,,,,,,,,,,,,,,,,,
00-0033839,Dede Westbrook,WR,2017,110,4,JAX,Oklahoma,23.0,16,181.50000000000003,15,156.7,1,1.4,32,339.6,10.612,0,1,0,10.6125,8.2367,2.3758,1,head_b_v3,v3,23.0,0,nfl_data_py,0,0,proxy_draft_year_age,,1,,0,0,proxy_age_at_draft,22.0,0,proxy_age_at_draft,72.0,0,nfl_combine,178.0,0,nfl_combine,,1,,,1,,,1,,,1,,,1,,,1,,,1,,,1,,,1,,110,0,nfl_data_py,4,0,nfl_data_py,,1,,,1,,0.38199952745806187,0,cfbd,,1,,,1,,0.3808,0,cfbd,,1,,0.3855,0,cfbd,22.0,0,cfbd_proxy,,1,,,1,,,1,,,1,,,1,,,1,,,1,,18.44,0,cfbd,,1,,,1,,,1,,,1,,0,0,proxy_age_at_draft,0,0,,1,,3.8151,0,cfbd,,,,,,,,,,,,,,,,,,
00-0033526,Samaje Perine,RB,2017,114,4,WAS,Oklahoma,21.0,4,6.700000000000001,1,1.6,11,65.7,16,74.0,4.625,0,1,0,4.625,7.3384,-2.7134,1,head_b_v3,v3,21.0,0,nfl_data_py,0,0,proxy_draft_year_age,,1,,1,0,proxy_age_at_draft,20.0,0,proxy_age_at_draft,71.0,0,nfl_combine,233.0,0,nfl_combine,,1,,,1,,99.67,0,combine_barnwell2008,233.0,0,nfl_combine,7.26,0,nfl_combine,1,0,combine_szekely2023_proxy,,1,,,1,,,1,,114,0,nfl_data_py,4,0,nfl_data_py,21.0,0,nfl_data_py,,1,,,1,,0.37218973359324237,0,cfbd,,1,,,1,,,1,,,1,,,1,,,1,,0.1608,0,cfbd,,1,,,1,,,1,,,1,,,1,,,1,,,1,,,1,,,1,,26.1,0,cfbd_sp_plus,,1,,0,0,,,,,,,,,,,,,,,,,,,5.4413,0,cfbd,7.8857,0,cfbd
00-0033943,Josh Reynolds,WR,2017,117,4,LAR,Texas A&M,22.0,11,100.0,16,61.9,16,126.3,43,288.2,6.702,0,1,0,6.7023,6.5416,0.1607,1,head_b_v3,v3,22.0,0,nfl_data_py,0,0,proxy_draft_year_age,,1,,0,0,proxy_age_at_draft,21.0,0,proxy_age_at_draft,75.0,0,nfl_combine,194.0,0,nfl_combine,37.0,0,nfl_combine,1,0,nfl_combine_szekely2023_proxy,,1,,,1,,,1,,,1,,,1,,,1,,,1,,117,0,nfl_data_py,4,0,nfl_data_py,,1,,,1,,0.3966174253843835,0,cfbd,,1,,,1,,0.2943,0,cfbd,,1,,0.3744,0,cfbd,19.0,0,cfbd_proxy,,1,,,1,,,1,,,1,,,1,,,1,,,1,,17.48,0,cfbd,,1,,,1,,,1,,,1,,0,0,proxy_age_at_draft,0,0,,1,,1.887,0,cfbd,,,,,,,,,,,,,,,,,,
00-0033555,Mack Hollins,WR,2017,118,4,PHI,North Carolina,23.0,0,0.0,8,22.5,9,37.6,17,60.1,3.535,0,1,0,3.5353,6.5416,-3.0063,1,head_b_v3,v3,23.0,0,nfl_data_py,0,0,proxy_draft_year_age,,1,,0,0,proxy_age_at_draft,22.0,0,proxy_age_at_draft,76.0,0,nfl_combine,221.0,0,nfl_combine,,1,,,1,,,1,,,1,,,1,,,1,,,1,,,1,,,1,,118,0,nfl_data_py,4,0,nfl_data_py,,1,,,1,,0.10720720720720721,0,cfbd,,1,,,1,,0.0875,0,cfbd,,1,,0.1152,0,cfbd,20.0,0,cfbd_proxy,,1,,,1,,,1,,,1,,,1,,,1,,,1,,20.91,0,cfbd,,1,,,1,,,1,,,1,,0,0,proxy_age_at_draft,0,0,,1,,0.6747,0,cfbd,,,,,,,,,,,,,,,,,,
00-0033556,Tarik Cohen,RB,2017,119,4,CHI,North Carolina A&T,22.0,16,233.94,16,163.9,3,17.5,35,415.34,11.867,0,1,0,11.8669,7.3384,4.5285,1,head_b_v3,v3,22.0,0,nfl_data_py,0,0,proxy_draft_year_age,,1,,0,0,proxy_age_at_draft,21.0,0,proxy_age_at_draft,66.0,0,nfl_combine,179.0,0,nfl_combine,,1,,,1,,93.8,0,combine_barnwell2008,179.0,0,nfl_combine,,1,,1,0,combine_szekely2023_proxy,,1,,,1,,,1,,119,0,nfl_data_py,4,0,nfl_data_py,22.0,0,nfl_data_py,,1,,,1,,,1,,,1,,,1,,,1,,,1,,,1,,,1,,0.3535,0,cfbd,,1,,,1,,,1,,,1,,,1,,,1,,,1,,,1,,,1,,,1,,,1,,0,0,,,,,,,,,,,,,,,,,,,,1,below_volume_gate,14.5,0,cfbd
00-0033286,Joe Williams,RB,2017,121,4,SFO,Utah,24.0,0,0.0,0,0.0,0,0.0,0,0.0,0.0,1,1,1,,7.3384,,0,head_b_v3,v3,24.0,0,nfl_data_py,0,0,proxy_draft_year_age,,1,,0,0,proxy_age_at_draft,23.0,0,proxy_age_at_draft,71.0,0,nfl_combine,210.0,0,nfl_combine,,1,,,1,,111.04,0,combine_barnwell2008,210.0,0,nfl_combine,7.19,0,nfl_combine,1,0,combine_szekely2023_proxy,,1,,,1,,,1,,121,0,nfl_data_py,4,0,nfl_data_py,24.0,0,nfl_data_py,,1,,,1,,0.4887504326756663,0,cfbd,,1,,,1,,,1,,,1,,,1,,,1,,0.0553,0,cfbd,,1,,,1,,,1,,,1,,,1,,,1,,,1,,,1,,,1,,10.9,0,cfbd_sp_plus,,1,,0,0,,,,,,,,,,,,,,,,,,,,1,below_volume_gate,6.6471,0,cfbd
00-0033559,Michael Roberts,TE,2017,127,4,DET,Toledo,23.0,7,37.0,0,0.0,0,0.0,7,37.0,5.286,1,1,1,,6.2285,,0,head_b_v3,v3,23.0,0,nfl_data_py,0,0,proxy_draft_year_age,,1,,0,0,proxy_age_at_draft,22.0,0,proxy_age_at_draft,76.0,0,nfl_combine,270.0,0,nfl_combine,,1,,,1,,,1,,,1,,,1,,,1,,270.0,0,nfl_combine,32.86,0,nfl_combine_derived,96.79,0,combine_pp_hass_approx,127,0,nfl_data_py,4,0,nfl_data_py,,1,,23.0,0,nfl_data_py,,1,,,1,,0.23742591287768888,0,cfbd,,1,,,1,,,1,,,1,,,1,,,1,,,1,,1.2151,0,cfbd,,1,,,1,,,1,,,1,,11.8,0,cfbd,,1,,,1,,,1,,,1,,0,0,,,,,,,,,,,,,,,,,,,,,,,,
00-0033859,Josh Malone,WR,2017,128,4,CIN,Tennessee,21.0,3,2.2,0,0.0,1,6.800000000000001,4,9.0,2.25,1,1,1,,6.5416,,0,head_b_v3,v3,21.0,0,nfl_data_py,0,0,proxy_draft_year_age,,1,,1,0,proxy_age_at_draft,20.0,0,proxy_age_at_draft,75.0,0,nfl_combine,208.0,0,nfl_combine,30.5,0,nfl_combine,1,0,nfl_combine_szekely2023_proxy,,1,,,1,,,1,,,1,,,1,,,1,,,1,,128,0,nfl_data_py,4,0,nfl_data_py,,1,,,1,,0.3532027649769585,0,cfbd,,1,,,1,,0.3033,0,cfbd,,1,,0.3368,0,cfbd,20.0,0,cfbd_proxy,,1,,,1,,,1,,,1,,,1,,,1,,,1,,15.28,0,cfbd,,1,,,1,,,1,,,1,,1,0,proxy_age_at_draft,0,0,,1,,2.248,0,cfbd,,,,,,,,,,,,,,,,,,
00-0033561,Donnel Pumphrey,RB,2017,132,4,PHI,San Diego St.,22.0,0,0.0,0,0.0,0,0.0,0,0.0,0.0,1,1,1,,7.3384,,0,head_b_v3,v3,22.0,0,nfl_data_py,0,0,proxy_draft_year_age,,1,,0,0,proxy_age_at_draft,21.0,0,proxy_age_at_draft,68.0,0,nfl_combine,176.0,0,nfl_combine,,1,,,1,,87.38,0,combine_barnwell2008,176.0,0,nfl_combine,,1,,1,0,combine_szekely2023_proxy,,1,,,1,,,1,,132,0,nfl_data_py,4,0,nfl_data_py,22.0,0,nfl_data_py,,1,,,1,,0.5398097826086956,0,cfbd,,1,,,1,,,1,,,1,,,1,,,1,,0.4037,0,cfbd,,1,,,1,,,1,,,1,,,1,,,1,,,1,,,1,,,1,,11.4,0,cfbd_sp_plus,,1,,0,0,,,,,,,,,,,,,,,,,,,6.1152,0,cfbd,10.1489,0,cfbd
00-0033562,Ryan Switzer,WR,2017,133,4,DAL,North Carolina,22.0,16,69.4,3,10.700000000000001,0,0.0,19,80.1,4.216,0,1,0,4.2158,6.5416,-2.3258,1,head_b_v3,v3,22.0,0,nfl_data_py,0,0,proxy_draft_year_age,,1,,0,0,proxy_age_at_draft,21.0,0,proxy_age_at_draft,68.0,0,nfl_combine,181.0,0,nfl_combine,32.0,0,nfl_combine,1,0,nfl_combine_szekely2023_proxy,,1,,,1,,,1,,,1,,,1,,,1,,,1,,133,0,nfl_data_py,4,0,nfl_data_py,,1,,,1,,0.2458934662818158,0,cfbd,,1,,,1,,0.2909,0,cfbd,,1,,0.2347,0,cfbd,20.0,0,cfbd_proxy,,1,,,1,,,1,,,1,,,1,,,1,,,1,,11.97,0,cfbd,,1,,,1,,,1,,,1,,0,0,proxy_age_at_draft,0,0,,1,,2.2424,0,cfbd,,,,,,,,,,,,,,,,,,
00-0033948,Jamaal Williams,RB,2017,134,4,GNB,BYU,22.0,16,114.4,14,146.3,14,127.10000000000001,44,387.8,8.814,0,1,0,8.8136,7.3384,1.4752,1,head_b_v3,v3,22.0,0,nfl_data_py,0,0,proxy_draft_year_age,,1,,0,0,proxy_age_at_draft,21.0,0,proxy_age_at_draft,72.0,0,nfl_combine,212.0,0,nfl_combine,,1,,,1,,95.52,0,combine_barnwell2008,212.0,0,nfl_combine,7.25,0,nfl_combine,1,0,combine_szekely2023_proxy,,1,,,1,,,1,,134,0,nfl_data_py,4,0,nfl_data_py,22.0,0,nfl_data_py,,1,,,1,,0.47719202403714833,0,cfbd,,1,,,1,,,1,,,1,,,1,,,1,,0.2542,0,cfbd,,1,,,1,,,1,,,1,,,1,,,1,,,1,,,1,,,1,,8.0,0,cfbd_sp_plus,,1,,0,0,,,,,,,,,,,,,,,,,,,5.601,0,cfbd,9.3103,0,cfbd
00-0033949,Joshua Dobbs,QB,2017,135,4,PIT,Tennessee,22.0,5,0.82,0,0.0,1,2.08,6,2.9,0.483,1,1,1,,,,0,head_b_v3,v3,22.0,0,nfl_data_py,0,0,proxy_draft_year_age,,1,,0,0,proxy_age_at_draft,21.0,0,proxy_age_at_draft,75.0,0,nfl_combine,216.0,0,nfl_combine,,1,,,1,,,1,,,1,,,1,,,1,,,1,,,1,,,1,,135,0,nfl_data_py,4,0,nfl_data_py,,1,,,1,,,1,,,1,,,1,,,1,,,1,,,1,,,1,,,1,,,1,,,1,,,1,,,1,,,1,,,1,,,1,,,1,,,1,,,1,,,1,,,1,,0,0,,,,,,,0.63,0,cfbd,8.3,0,cfbd,2.25,0,cfbd,0.061881,0,cfbd,,,,,,
00-0033464,Jehu Chesson,WR,2017,139,4,KAN,Michigan,23.0,3,1.3000000000000003,0,0.0,0,0.0,3,1.3,0.433,1,1,1,,6.5416,,0,head_b_v3,v3,23.0,0,nfl_data_py,0,0,proxy_draft_year_age,,1,,0,0,proxy_age_at_draft,22.0,0,proxy_age_at_draft,75.0,0,nfl_combine,204.0,0,nfl_combine,35.5,0,nfl_combine,1,0,nfl_combine_szekely2023_proxy,,1,,,1,,,1,,,1,,,1,,,1,,,1,,139,0,nfl_data_py,4,0,nfl_data_py,,1,,,1,,0.140711175616836,0,cfbd,,1,,,1,,0.1809,0,cfbd,,1,,0.1431,0,cfbd,21.0,0,cfbd_proxy,,1,,,1,,,1,,,1,,,1,,,1,,,1,,14.39,0,cfbd,,1,,,1,,,1,,,1,,0,0,proxy_age_at_draft,0,0,,1,,1.2676,0,cfbd,,,,,,,,,,,,,,,,,,
00-0033950,Wayne Gallman,RB,2017,140,4,NYG,Clemson,22.0,13,44.5,9,48.2,14,136.6,36,229.3,6.369,0,1,0,6.3694,7.3384,-0.969,1,head_b_v3,v3,22.0,0,nfl_data_py,0,0,proxy_draft_year_age,,1,,0,0,proxy_age_at_draft,21.0,0,proxy_age_at_draft,72.0,0,nfl_combine,215.0,0,nfl_combine,,1,,,1,,96.04,0,combine_barnwell2008,215.0,0,nfl_combine,7.17,0,nfl_combine,1,0,combine_szekely2023_proxy,,1,,,1,,,1,,140,0,nfl_data_py,4,0,nfl_data_py,22.0,0,nfl_data_py,,1,,,1,,0.5058392249279916,0,cfbd,,1,,,1,,,1,,,1,,,1,,,1,,0.1677,0,cfbd,,1,,,1,,,1,,,1,,,1,,,1,,,1,,,1,,,1,,28.7,0,cfbd_sp_plus,,1,,0,0,,,,,,,,,,,,,,,,,,,5.1122,0,cfbd,6.2586,0,cfbd
00-0033840,Chad Hansen,WR,2017,141,4,NYJ,California,22.0,0,0.0,0,0.0,5,46.6,5,46.6,9.32,1,1,1,,6.5416,,0,head_b_v3,v3,22.0,0,nfl_data_py,0,0,proxy_draft_year_age,,1,,0,0,proxy_age_at_draft,21.0,0,proxy_age_at_draft,74.0,0,nfl_combine,202.0,0,nfl_combine,35.0,0,nfl_combine,1,0,nfl_combine_szekely2023_proxy,,1,,,1,,,1,,,1,,,1,,,1,,,1,,141,0,nfl_data_py,4,0,nfl_data_py,,1,,,1,,0.2936788390806041,0,cfbd,,1,,,1,,0.3186,0,cfbd,,1,,0.3211,0,cfbd,21.0,0,cfbd_proxy,,1,,,1,,,1,,,1,,,1,,,1,,,1,,13.47,0,cfbd,,1,,,1,,,1,,,1,,0,0,proxy_age_at_draft,0,0,,1,,2.0113,0,cfbd,,,,,,,,,,,,,,,,,,
00-0033951,Marlon Mack,RB,2017,143,4,IND,South Florida,21.0,12,178.1,14,181.3,1,8.600000000000001,27,368.0,13.63,0,1,0,13.6296,7.3384,6.2912,1,head_b_v3,v3,21.0,0,nfl_data_py,0,0,proxy_draft_year_age,,1,,1,0,proxy_age_at_draft,20.0,0,proxy_age_at_draft,71.0,0,nfl_combine,213.0,0,nfl_combine,,1,,,1,,103.89,0,combine_barnwell2008,213.0,0,nfl_combine,,1,,1,0,combine_szekely2023_proxy,,1,,,1,,,1,,143,0,nfl_data_py,4,0,nfl_data_py,21.0,0,nfl_data_py,,1,,,1,,0.3195906449521865,0,cfbd,,1,,,1,,,1,,,1,,,1,,,1,,0.2155,0,cfbd,,1,,,1,,,1,,,1,,,1,,,1,,,1,,,1,,,1,,9.8,0,cfbd_sp_plus,,1,,0,0,,,,,,,,,,,,,,,,,,,7.0621,0,cfbd,7.7143,0,cfbd
00-0033564,Jake Butt,TE,2017,145,5,DEN,Michigan,22.0,3,16.5,0,0.0,3,2.5,6,19.0,3.167,1,1,1,,6.2285,,0,head_b_v3,v3,22.0,0,nfl_data_py,0,0,proxy_draft_year_age,,1,,0,0,proxy_age_at_draft,21.0,0,proxy_age_at_draft,77.0,0,nfl_combine,246.0,0,nfl_combine,,1,,,1,,,1,,,1,,,1,,,1,,246.0,0,nfl_combine,29.17,0,nfl_combine_derived,,1,,145,0,nfl_data_py,5,0,nfl_data_py,,1,,22.0,0,nfl_data_py,,1,,,1,,0.19905660377358492,0,cfbd,,1,,,1,,,1,,,1,,,1,,,1,,,1,,1.4,0,cfbd,,1,,,1,,,1,,,1,,12.02,0,cfbd,,1,,,1,,,1,,,1,,0,0,,,,,,,,,,,,,,,,,,,,,,,,
00-0033288,George Kittle,TE,2017,146,5,SFO,Iowa,23.0,16,258.7,14,222.5,8,125.1,38,606.3,15.955,0,1,0,15.9553,6.2285,9.7268,1,head_b_v3,v3,23.0,0,nfl_data_py,0,0,proxy_draft_year_age,,1,,0,0,proxy_age_at_draft,22.0,0,proxy_age_at_draft,76.0,0,nfl_combine,247.0,0,nfl_combine,,1,,,1,,,1,,,1,,,1,,,1,,247.0,0,nfl_combine,30.06,0,nfl_combine_derived,118.35,0,combine_pp_hass_approx,146,0,nfl_data_py,5,0,nfl_data_py,,1,,23.0,0,nfl_data_py,,1,,,1,,0.19650190563417733,0,cfbd,,1,,,1,,,1,,,1,,,1,,,1,,,1,,0.9548,0,cfbd,,1,,,1,,,1,,,1,,15.3,0,cfbd,,1,,,1,,,1,,,1,,0,0,,,,,,,,,,,,,,,,,,,,,,,,
00-0033953,Jordan Leggett,TE,2017,150,5,NYJ,Clemson,22.0,13,31.400000000000002,0,0.0,0,0.0,13,31.4,2.415,1,1,0,2.4154,6.1922,-3.7768,1,head_b_v3,v3,22.0,0,nfl_data_py,0,0,proxy_draft_year_age,,1,,0,0,proxy_age_at_draft,21.0,0,proxy_age_at_draft,77.0,0,nfl_combine,258.0,0,nfl_combine,,1,,,1,,,1,,,1,,,1,,,1,,258.0,0,nfl_combine,30.59,0,nfl_combine_derived,,1,,150,0,nfl_data_py,5,0,nfl_data_py,,1,,22.0,0,nfl_data_py,,1,,,1,,0.15124553581331382,0,cfbd,,1,,,1,,,1,,,1,,,1,,,1,,,1,,1.0127,0,cfbd,,1,,,1,,,1,,,1,,14.15,0,cfbd,,1,,,1,,,1,,,1,,0,0,,,,,,,,,,,,,,,,,,,,,,,,
00-0033528,Jeremy Sprinkle,TE,2017,154,5,WAS,Arkansas,23.0,5,15.100000000000001,15,56.1,3,1.6,23,72.8,3.165,0,1,0,3.1652,6.1922,-3.027,1,head_b_v3,v3,23.0,0,nfl_data_py,0,0,proxy_draft_year_age,,1,,0,0,proxy_age_at_draft,22.0,0,proxy_age_at_draft,77.0,0,nfl_combine,252.0,0,nfl_combine,,1,,,1,,,1,,,1,,,1,,,1,,252.0,0,nfl_combine,29.88,0,nfl_combine_derived,105.54,0,combine_pp_hass_approx,154,0,nfl_data_py,5,0,nfl_data_py,,1,,23.0,0,nfl_data_py,,1,,,1,,0.13225213924107343,0,cfbd,,1,,,1,,,1,,,1,,,1,,,1,,,1,,0.936,0,cfbd,,1,,,1,,,1,,,1,,12.54,0,cfbd,,1,,,1,,,1,,,1,,0,0,,,,,,,,,,,,,,,,,,,,,,,,
00-0033567,Brian Hill,RB,2017,156,5,ATL,Wyoming,21.0,4,15.6,10,67.2,16,95.4,30,178.2,5.94,0,1,0,5.94,6.9631,-1.0231,1,head_b_v3,v3,21.0,0,nfl_data_py,0,0,proxy_draft_year_age,,1,,1,0,proxy_age_at_draft,20.0,0,proxy_age_at_draft,73.0,0,nfl_combine,219.0,0,nfl_combine,,1,,,1,,103.1,0,combine_barnwell2008,219.0,0,nfl_combine,7.03,0,nfl_combine,1,0,combine_szekely2023_proxy,,1,,,1,,,1,,156,0,nfl_data_py,5,0,nfl_data_py,21.0,0,nfl_data_py,,1,,,1,,0.6794460395203513,0,cfbd,,1,,,1,,,1,,,1,,,1,,,1,,0.317,0,cfbd,,1,,,1,,,1,,,1,,,1,,,1,,,1,,,1,,,1,,-6.9,0,cfbd_sp_plus,,1,,0,0,,,,,,,,,,,,,,,,,,,5.4706,0,cfbd,9.6,0,cfbd
00-0033955,Jeremy McNichols,RB,2017,162,5,TAM,Boise St.,21.0,1,0.4,0,0.0,15,43.9,16,44.3,2.769,0,1,0,2.7687,6.9631,-4.1944,1,head_b_v3,v3,21.0,0,nfl_data_py,0,0,proxy_draft_year_age,,1,,1,0,proxy_age_at_draft,20.0,0,proxy_age_at_draft,69.0,0,nfl_combine,214.0,0,nfl_combine,,1,,,1,,105.31,0,combine_barnwell2008,214.0,0,nfl_combine,6.93,0,nfl_combine,1,0,combine_szekely2023_proxy,,1,,,1,,,1,,162,0,nfl_data_py,5,0,nfl_data_py,21.0,0,nfl_data_py,,1,,,1,,0.7733153925682661,0,cfbd,,1,,,1,,,1,,,1,,,1,,,1,,0.3661,0,cfbd,,1,,,1,,,1,,,1,,,1,,,1,,,1,,,1,,,1,,11.5,0,cfbd_sp_plus,,1,,0,0,,,,,,,,,,,,,,,,,,,5.6373,0,cfbd,10.4194,0,cfbd
00-0033573,Shelton Gibson,WR,2017,166,5,PHI,West Virginia,23.0,2,5.800000000000001,0,0.0,0,0.0,2,5.8,2.9,1,1,1,,6.5416,,0,head_b_v3,v3,23.0,0,nfl_data_py,0,0,proxy_draft_year_age,,1,,0,0,proxy_age_at_draft,22.0,0,proxy_age_at_draft,71.0,0,nfl_combine,191.0,0,nfl_combine,32.0,0,nfl_combine,1,0,nfl_combine_szekely2023_proxy,,1,,,1,,,1,,,1,,,1,,,1,,,1,,166,0,nfl_data_py,5,0,nfl_data_py,,1,,,1,,0.29608366506362316,0,cfbd,,1,,,1,,0.2889,0,cfbd,,1,,0.2983,0,cfbd,21.0,0,cfbd_proxy,,1,,,1,,,1,,,1,,,1,,,1,,,1,,22.16,0,cfbd,,1,,,1,,,1,,,1,,0,0,proxy_age_at_draft,0,0,,1,,2.2665,0,cfbd,,,,,,,,,,,,,,,,,,
00-0033957,Rodney Adams,WR,2017,170,5,MIN,South Florida,22.0,0,0.0,0,0.0,0,0.0,0,0.0,0.0,1,1,1,,6.5416,,0,head_b_v3,v3,22.0,0,nfl_data_py,0,0,proxy_draft_year_age,,1,,0,0,proxy_age_at_draft,21.0,0,proxy_age_at_draft,73.0,0,nfl_combine,189.0,0,nfl_combine,29.5,0,nfl_combine,1,0,nfl_combine_szekely2023_proxy,,1,,,1,,,1,,,1,,,1,,,1,,,1,,170,0,nfl_data_py,5,0,nfl_data_py,,1,,,1,,0.23590223105694036,0,cfbd,,1,,,1,,0.2736,0,cfbd,,1,,0.2368,0,cfbd,20.0,0,cfbd_proxy,,1,,,1,,,1,,,1,,,1,,,1,,,1,,14.51,0,cfbd,,1,,,1,,,1,,,1,,0,0,proxy_age_at_draft,0,0,,1,,2.1089,0,cfbd,,,,,,,,,,,,,,,,,,
00-0033958,Nathan Peterman,QB,2017,171,5,BUF,Pittsburgh,23.0,4,12.84,0,0.0,1,1.9,5,14.74,2.948,1,1,1,,,,0,head_b_v3,v3,23.0,0,nfl_data_py,0,0,proxy_draft_year_age,,1,,0,0,proxy_age_at_draft,22.0,0,proxy_age_at_draft,74.0,0,nfl_combine,226.0,0,nfl_combine,,1,,,1,,,1,,,1,,,1,,,1,,,1,,,1,,,1,,171,0,nfl_data_py,5,0,nfl_data_py,,1,,,1,,,1,,,1,,,1,,,1,,,1,,,1,,,1,,,1,,,1,,,1,,,1,,,1,,,1,,,1,,,1,,,1,,,1,,,1,,,1,,,1,,0,0,,,,,,,0.605,0,cfbd,9.3,0,cfbd,3.857143,0,cfbd,0.02994,0,cfbd,,,,,,
00-0033466,Isaiah McKenzie,WR,2017,172,5,DEN,Georgia,22.0,6,54.5,12,63.3,15,99.58,33,217.38,6.587,0,1,0,6.5873,6.5416,0.0457,1,head_b_v3,v3,22.0,0,nfl_data_py,0,0,proxy_draft_year_age,,1,,0,0,proxy_age_at_draft,21.0,0,proxy_age_at_draft,67.0,0,nfl_combine,173.0,0,nfl_combine,36.0,0,nfl_combine,1,0,nfl_combine_szekely2023_proxy,,1,,,1,,,1,,,1,,,1,,,1,,,1,,172,0,nfl_data_py,5,0,nfl_data_py,,1,,,1,,0.344594930417495,0,cfbd,,1,,,1,,0.2254,0,cfbd,,1,,0.3627,0,cfbd,21.0,0,cfbd_proxy,,1,,,1,,,1,,,1,,,1,,,1,,,1,,12.86,0,cfbd,,1,,,1,,,1,,,1,,0,0,proxy_age_at_draft,0,0,,1,,1.3731,0,cfbd,,,,,,,,,,,,,,,,,,
00-0033576,Eric Saubert,TE,2017,174,5,ATL,Drake,23.0,5,9.8,2,4.1,4,4.6,11,18.5,1.682,1,1,0,1.6818,5.3492,-3.6674,1,head_b_v3,v3,23.0,0,nfl_data_py,0,0,proxy_draft_year_age,,1,,0,0,proxy_age_at_draft,22.0,0,proxy_age_at_draft,77.0,0,nfl_combine,253.0,0,nfl_combine,,1,,,1,,,1,,,1,,,1,,,1,,253.0,0,nfl_combine,30.0,0,nfl_combine_derived,,1,,174,0,nfl_data_py,5,0,nfl_data_py,,1,,23.0,0,nfl_data_py,,1,,,1,,,1,,,1,,,1,,,1,,,1,,,1,,,1,,,1,,,1,,,1,,,1,,,1,,,1,,,1,,,1,,,1,,,1,,,1,,0,0,,,,,,,,,,,,,,,,,,,,,,,,
00-0033291,DeAngelo Yancey,WR,2017,175,5,GNB,Purdue,22.0,0,0.0,0,0.0,0,0.0,0,0.0,0.0,1,1,1,,6.0142,,0,head_b_v3,v3,22.0,0,nfl_data_py,0,0,proxy_draft_year_age,,1,,0,0,proxy_age_at_draft,21.0,0,proxy_age_at_draft,,1,,,1,,,1,,,1,,,1,,,1,,,1,,,1,,,1,,,1,,,1,,175,0,nfl_data_py,5,0,nfl_data_py,,1,,,1,,0.33435998869737216,0,cfbd,,1,,,1,,0.2687,0,cfbd,,1,,0.3344,0,cfbd,20.0,0,cfbd_proxy,,1,,,1,,,1,,,1,,,1,,,1,,,1,,16.62,0,cfbd,,1,,,1,,,1,,,1,,0,0,proxy_age_at_draft,0,0,,1,,1.7074,0,cfbd,,,,,,,,,,,,,,,,,,
00-0033292,Trent Taylor,WR,2017,177,5,SFO,Louisiana Tech,23.0,13,55.50000000000001,0,0.0,7,18.6,20,74.1,3.705,0,1,0,3.705,5.0759,-1.3709,1,head_b_v3,v3,23.0,0,nfl_data_py,0,0,proxy_draft_year_age,,1,,0,0,proxy_age_at_draft,22.0,0,proxy_age_at_draft,68.0,0,nfl_combine,181.0,0,nfl_combine,33.0,0,nfl_combine,1,0,nfl_combine_szekely2023_proxy,,1,,,1,,,1,,,1,,,1,,,1,,,1,,177,0,nfl_data_py,5,0,nfl_data_py,,1,,,1,,0.31675131776850246,0,cfbd,,1,,,1,,0.3356,0,cfbd,,1,,0.296,0,cfbd,20.0,0,cfbd_proxy,,1,,,1,,,1,,,1,,,1,,,1,,,1,,12.47,0,cfbd,,1,,,1,,,1,,,1,,0,0,proxy_age_at_draft,0,0,,1,,2.8913,0,cfbd,,,,,,,,,,,,,,,,,,
00-0033789,T.J. Logan,RB,2017,179,5,ARI,North Carolina,23.0,4,10.9,5,4.3,0,0.0,9,15.2,1.689,1,1,0,1.6889,6.9631,-5.2742,1,head_b_v3,v3,23.0,0,nfl_data_py,0,0,proxy_draft_year_age,,1,,0,0,proxy_age_at_draft,22.0,0,proxy_age_at_draft,69.0,0,nfl_combine,196.0,0,nfl_combine,,1,,,1,,107.49,0,combine_barnwell2008,196.0,0,nfl_combine,,1,,1,0,combine_szekely2023_proxy,,1,,,1,,,1,,179,0,nfl_data_py,5,0,nfl_data_py,23.0,0,nfl_data_py,,1,,,1,,0.33808016877637126,0,cfbd,,1,,,1,,,1,,,1,,,1,,,1,,0.1542,0,cfbd,,1,,,1,,,1,,,1,,,1,,,1,,,1,,,1,,,1,,15.9,0,cfbd_sp_plus,,1,,0,0,,,,,,,,,,,,,,,,,,,5.7228,0,cfbd,9.2714,0,cfbd
00-0033293,Aaron Jones,RB,2017,182,5,GNB,Texas-El Paso,22.0,12,171.4,16,314.8,14,258.90000000000003,42,745.1,17.74,0,1,0,17.7405,6.9631,10.7774,1,head_b_v3,v3,22.0,0,nfl_data_py,0,0,proxy_draft_year_age,,1,,0,0,proxy_age_at_draft,21.0,0,proxy_age_at_draft,69.0,0,nfl_combine,208.0,0,nfl_combine,,1,,,1,,96.21,0,combine_barnwell2008,208.0,0,nfl_combine,6.82,0,nfl_combine,1,0,combine_szekely2023_proxy,,1,,,1,,,1,,182,0,nfl_data_py,5,0,nfl_data_py,22.0,0,nfl_data_py,,1,,,1,,,1,,,1,,,1,,,1,,,1,,,1,,,1,,,1,,,1,,,1,,,1,,,1,,,1,,,1,,,1,,,1,,,1,,,1,,,1,,0,0,,,,,,,,,,,,,,,,,,,,1,,,1,
00-0033295,Elijah McGuire,RB,2017,188,6,NYJ,Louisiana,23.0,8,85.9,0,0.0,0,0.0,8,85.9,10.738,1,1,0,10.7375,6.9631,3.7744,1,head_b_v3,v3,23.0,0,nfl_data_py,0,0,proxy_draft_year_age,,1,,0,0,proxy_age_at_draft,22.0,0,proxy_age_at_draft,70.0,0,nfl_combine,214.0,0,nfl_combine,,1,,,1,,101.64,0,combine_barnwell2008,214.0,0,nfl_combine,7.26,0,nfl_combine,1,0,combine_szekely2023_proxy,,1,,,1,,,1,,188,0,nfl_data_py,6,0,nfl_data_py,23.0,0,nfl_data_py,,1,,,1,,0.4089280596159358,0,cfbd,,1,,,1,,,1,,,1,,,1,,,1,,0.2849,0,cfbd,,1,,,1,,,1,,,1,,,1,,,1,,,1,,,1,,,1,,-8.7,0,cfbd_sp_plus,,1,,0,0,,,,,,,,,,,,,,,,,,,4.7814,0,cfbd,10.5862,0,cfbd
00-0033966,Bucky Hodges,TE,2017,201,6,MIN,Virginia Tech,22.0,0,0.0,0,0.0,0,0.0,0,0.0,0.0,1,1,1,,4.7182,,0,head_b_v3,v3,22.0,0,nfl_data_py,0,0,proxy_draft_year_age,,1,,0,0,proxy_age_at_draft,21.0,0,proxy_age_at_draft,78.0,0,nfl_combine,257.0,0,nfl_combine,,1,,,1,,,1,,,1,,,1,,,1,,257.0,0,nfl_combine,29.7,0,nfl_combine_derived,120.94,0,combine_pp_hass_approx,201,0,nfl_data_py,6,0,nfl_data_py,,1,,22.0,0,nfl_data_py,,1,,,1,,0.20714763388064691,0,cfbd,,1,,,1,,,1,,,1,,,1,,,1,,,1,,1.4254,0,cfbd,,1,,,1,,,1,,,1,,13.63,0,cfbd,,1,,,1,,,1,,,1,,0,0,,,,,,,,,,,,,,,,,,,,,,,,
00-0033581,De'Angelo Henderson,RB,2017,203,6,DEN,Coastal Carolina,24.0,1,-0.09999999999999987,0,0.0,0,0.0,1,-0.1,-0.1,1,1,1,,6.9631,,0,head_b_v3,v3,24.0,0,nfl_data_py,0,0,proxy_draft_year_age,,1,,0,0,proxy_age_at_draft,23.0,0,proxy_age_at_draft,,1,,,1,,,1,,,1,,,1,,,1,,,1,,,1,,,1,,,1,,,1,,203,0,nfl_data_py,6,0,nfl_data_py,24.0,0,nfl_data_py,,1,,,1,,,1,,,1,,,1,,,1,,,1,,,1,,,1,,,1,,,1,,,1,,,1,,,1,,,1,,,1,,,1,,,1,,,1,,,1,,,1,,0,0,,,,,,,,,,,,,,,,,,,,1,,,1,
00-0033791,Brandon Wilson,RB,2017,207,6,CIN,Houston,23.0,0,0.0,1,6.0,1,6.0,2,12.0,6.0,1,1,1,,6.9631,,0,head_b_v3,v3,23.0,0,nfl_data_py,0,0,proxy_draft_year_age,,1,,0,0,proxy_age_at_draft,22.0,0,proxy_age_at_draft,,1,,,1,,,1,,,1,,,1,,,1,,,1,,,1,,,1,,,1,,,1,,207,0,nfl_data_py,6,0,nfl_data_py,23.0,0,nfl_data_py,,1,,,1,,0.0015690376569037657,0,cfbd,,1,,,1,,,1,,,1,,,1,,,1,,,1,,,1,,,1,,,1,,,1,,,1,,,1,,,1,,,1,,,1,,10.1,0,cfbd_sp_plus,,1,,0,0,,,,,,,,,,,,,,,,,,,,1,,,1,below_volume_gate
00-0033530,Robert Davis,WR,2017,209,6,WAS,Georgia St.,22.0,0,0.0,3,3.7,0,0.0,3,3.7,1.233,1,1,1,,5.0759,,0,head_b_v3,v3,22.0,0,nfl_data_py,0,0,proxy_draft_year_age,,1,,0,0,proxy_age_at_draft,21.0,0,proxy_age_at_draft,75.0,0,nfl_combine,219.0,0,nfl_combine,41.0,0,nfl_combine,1,0,nfl_combine_szekely2023_proxy,,1,,,1,,,1,,,1,,,1,,,1,,,1,,209,0,nfl_data_py,6,0,nfl_data_py,,1,,,1,,0.31084900965462325,0,cfbd,,1,,,1,,,1,,,1,,,1,,,1,,,1,,,1,,,1,,,1,,,1,,,1,,,1,,,1,,,1,,,1,,,1,,,1,,0,0,proxy_age_at_draft,0,0,,1,,,1,,,,,,,,,,,,,,,,,,,
00-0033585,Brad Kaaya,QB,2017,215,6,DET,Miami (FL),22.0,0,0.0,0,0.0,0,0.0,0,0.0,0.0,1,1,1,,,,0,head_b_v3,v3,22.0,0,nfl_data_py,0,0,proxy_draft_year_age,,1,,0,0,proxy_age_at_draft,21.0,0,proxy_age_at_draft,76.0,0,nfl_combine,214.0,0,nfl_combine,,1,,,1,,,1,,,1,,,1,,,1,,,1,,,1,,,1,,215,0,nfl_data_py,6,0,nfl_data_py,,1,,,1,,,1,,,1,,,1,,,1,,,1,,,1,,,1,,,1,,,1,,,1,,,1,,,1,,,1,,,1,,,1,,,1,,,1,,,1,,,1,,,1,,0,0,,,,,,,0.62,0,cfbd,8.4,0,cfbd,3.857143,0,cfbd,0.055432,0,cfbd,,,,,,
00-0033968,Stacy Coley,WR,2017,219,7,MIN,Miami (FL),23.0,1,0.0,0,0.0,0,0.0,1,0.0,0.0,1,1,1,,4.9089,,0,head_b_v3,v3,23.0,0,nfl_data_py,0,0,proxy_draft_year_age,,1,,0,0,proxy_age_at_draft,22.0,0,proxy_age_at_draft,73.0,0,nfl_combine,195.0,0,nfl_combine,34.0,0,nfl_combine,1,0,nfl_combine_szekely2023_proxy,,1,,,1,,,1,,,1,,,1,,,1,,,1,,219,0,nfl_data_py,7,0,nfl_data_py,,1,,,1,,0.2724466891133558,0,cfbd,,1,,,1,,0.2142,0,cfbd,,1,,0.3028,0,cfbd,19.0,0,cfbd_proxy,,1,,,1,,,1,,,1,,,1,,,1,,,1,,13.64,0,cfbd,,1,,,1,,,1,,,1,,0,0,proxy_age_at_draft,0,0,,1,,1.6502,0,cfbd,,,,,,,,,,,,,,,,,,
00-0033589,David Moore,WR,2017,226,7,SEA,East Central (OK),22.0,14,101.0,13,59.6,16,118.80000000000001,43,279.4,6.498,0,1,0,6.4977,4.8253,1.6724,1,head_b_v3,v3,22.0,0,nfl_data_py,0,0,proxy_draft_year_age,,1,,0,0,proxy_age_at_draft,21.0,0,proxy_age_at_draft,,1,,,1,,,1,,,1,,,1,,,1,,,1,,,1,,,1,,,1,,,1,,226,0,nfl_data_py,7,0,nfl_data_py,,1,,,1,,,1,,,1,,,1,,,1,,,1,,,1,,,1,,,1,,,1,,,1,,,1,,,1,,,1,,,1,,,1,,,1,,,1,,,1,,,1,,0,0,proxy_age_at_draft,0,0,,1,,,1,,,,,,,,,,,,,,,,,,,
00-0033471,Isaiah Ford,WR,2017,237,7,MIA,Virginia Tech,21.0,1,0.0,8,48.5,9,55.6,18,104.1,5.783,0,1,0,5.7833,4.8253,0.958,1,head_b_v3,v3,21.0,0,nfl_data_py,0,0,proxy_draft_year_age,,1,,1,0,proxy_age_at_draft,20.0,0,proxy_age_at_draft,73.0,0,nfl_combine,194.0,0,nfl_combine,35.5,0,nfl_combine,1,0,nfl_combine_szekely2023_proxy,,1,,,1,,,1,,,1,,,1,,,1,,,1,,237,0,nfl_data_py,7,0,nfl_data_py,,1,,,1,,0.26211217288773914,0,cfbd,,1,,,1,,0.3032,0,cfbd,,1,,0.2723,0,cfbd,18.0,0,cfbd_proxy,,1,,,1,,,1,,,1,,,1,,,1,,,1,,13.97,0,cfbd,,1,,,1,,,1,,,1,,1,0,proxy_age_at_draft,0,0,,1,,2.3118,0,cfbd,,,,,,,,,,,,,,,,,,
00-0033304,Devante Mays,RB,2017,238,7,GNB,Utah St.,23.0,0,0.0,0,0.0,0,0.0,0,0.0,0.0,1,1,1,,6.9631,,0,head_b_v3,v3,23.0,0,nfl_data_py,0,0,proxy_draft_year_age,,1,,0,0,proxy_age_at_draft,22.0,0,proxy_age_at_draft,,1,,,1,,,1,,,1,,,1,,,1,,,1,,,1,,,1,,,1,,,1,,238,0,nfl_data_py,7,0,nfl_data_py,23.0,0,nfl_data_py,,1,,,1,,0.12329423264907136,0,cfbd,,1,,,1,,,1,,,1,,,1,,,1,,0.0589,0,cfbd,,1,,,1,,,1,,,1,,,1,,,1,,,1,,,1,,,1,,-4.4,0,cfbd_sp_plus,,1,,0,0,,,,,,,,,,,,,,,,,,,,1,below_volume_gate,,1,below_volume_gate
00-0033591,Noah Brown,WR,2017,239,7,DAL,Ohio St.,21.0,5,10.4,0,0.0,9,29.8,14,40.2,2.871,1,1,0,2.8714,4.8253,-1.9539,1,head_b_v3,v3,21.0,0,nfl_data_py,0,0,proxy_draft_year_age,,1,,1,0,proxy_age_at_draft,20.0,0,proxy_age_at_draft,74.0,0,nfl_combine,222.0,0,nfl_combine,,1,,,1,,,1,,,1,,,1,,,1,,,1,,,1,,,1,,239,0,nfl_data_py,7,0,nfl_data_py,,1,,,1,,0.20689154427018502,0,cfbd,,1,,,1,,0.1451,0,cfbd,,1,,0.2071,0,cfbd,20.0,0,cfbd_proxy,,1,,,1,,,1,,,1,,,1,,,1,,,1,,12.71,0,cfbd,,1,,,1,,,1,,,1,,1,0,proxy_age_at_draft,0,0,,1,,0.9413,0,cfbd,,,,,,,,,,,,,,,,,,
00-0033797,Khalfani Muhammad,RB,2017,241,7,TEN,California,22.0,0,0.0,0,0.0,0,0.0,0,0.0,0.0,1,1,1,,6.9631,,0,head_b_v3,v3,22.0,0,nfl_data_py,0,0,proxy_draft_year_age,,1,,0,0,proxy_age_at_draft,21.0,0,proxy_age_at_draft,,1,,,1,,,1,,,1,,,1,,,1,,,1,,,1,,,1,,,1,,,1,,241,0,nfl_data_py,7,0,nfl_data_py,22.0,0,nfl_data_py,,1,,,1,,0.28577213822894165,0,cfbd,,1,,,1,,,1,,,1,,,1,,,1,,0.1655,0,cfbd,,1,,,1,,,1,,,1,,,1,,,1,,,1,,,1,,,1,,2.4,0,cfbd_sp_plus,,1,,0,0,,,,,,,,,,,,,,,,,,,5.4408,0,cfbd,10.3818,0,cfbd
00-0033975,Elijah Hood,RB,2017,242,7,OAK,North Carolina,21.0,0,0.0,0,0.0,0,0.0,0,0.0,0.0,1,1,1,,6.9631,,0,head_b_v3,v3,21.0,0,nfl_data_py,0,0,proxy_draft_year_age,,1,,1,0,proxy_age_at_draft,20.0,0,proxy_age_at_draft,72.0,0,nfl_combine,232.0,0,nfl_combine,,1,,,1,,,1,,232.0,0,nfl_combine,,1,,,1,,,1,,,1,,,1,,242,0,nfl_data_py,7,0,nfl_data_py,21.0,0,nfl_data_py,,1,,,1,,0.4167420132610006,0,cfbd,,1,,,1,,,1,,,1,,,1,,,1,,0.1883,0,cfbd,,1,,,1,,,1,,,1,,,1,,,1,,,1,,,1,,,1,,15.9,0,cfbd_sp_plus,,1,,0,0,,,,,,,,,,,,,,,,,,,5.9172,0,cfbd,5.3684,0,cfbd
00-0033305,Malachi Dupre,WR,2017,247,7,GNB,LSU,21.0,0,0.0,0,0.0,0,0.0,0,0.0,0.0,1,1,1,,4.8253,,0,head_b_v3,v3,21.0,0,nfl_data_py,0,0,proxy_draft_year_age,,1,,1,0,proxy_age_at_draft,20.0,0,proxy_age_at_draft,74.0,0,nfl_combine,196.0,0,nfl_combine,39.5,0,nfl_combine,1,0,nfl_combine_szekely2023_proxy,,1,,,1,,,1,,,1,,,1,,,1,,,1,,247,0,nfl_data_py,7,0,nfl_data_py,,1,,,1,,0.2549868478737396,0,cfbd,,1,,,1,,0.22,0,cfbd,,1,,0.26,0,cfbd,18.0,0,cfbd_proxy,,1,,,1,,,1,,,1,,,1,,,1,,,1,,15.79,0,cfbd,,1,,,1,,,1,,,1,,1,0,proxy_age_at_draft,0,0,,1,,1.5235,0,cfbd,,,,,,,,,,,,,,,,,,
00-0033594,Chris Carson,RB,2017,249,7,SEA,Oklahoma St.,22.0,14,201.4,15,232.6,12,187.8,41,621.8,15.166,0,1,0,15.1659,6.9631,8.2028,1,head_b_v3,v3,22.0,0,nfl_data_py,0,0,proxy_draft_year_age,,1,,0,0,proxy_age_at_draft,21.0,0,proxy_age_at_draft,72.0,0,nfl_combine,218.0,0,nfl_combine,,1,,,1,,99.09,0,combine_barnwell2008,218.0,0,nfl_combine,,1,,1,0,combine_szekely2023_proxy,,1,,,1,,,1,,249,0,nfl_data_py,7,0,nfl_data_py,22.0,0,nfl_data_py,,1,,,1,,0.26646921431787485,0,cfbd,,1,,,1,,,1,,,1,,,1,,,1,,0.1051,0,cfbd,,1,,,1,,,1,,,1,,,1,,,1,,,1,,,1,,,1,,16.4,0,cfbd_sp_plus,,1,,0,0,,,,,,,,,,,,,,,,,,,7.0141,0,cfbd,9.1923,0,cfbd
00-0033798,Mason Schreck,TE,2017,251,7,CIN,Buffalo,23.0,0,0.0,0,0.0,1,0.0,1,0.0,0.0,1,1,1,,4.3667,,0,head_b_v3,v3,23.0,0,nfl_data_py,0,0,proxy_draft_year_age,,1,,0,0,proxy_age_at_draft,22.0,0,proxy_age_at_draft,,1,,,1,,,1,,,1,,,1,,,1,,,1,,,1,,,1,,,1,,,1,,251,0,nfl_data_py,7,0,nfl_data_py,,1,,23.0,0,nfl_data_py,,1,,,1,,0.3171049648605758,0,cfbd,,1,,,1,,,1,,,1,,,1,,,1,,,1,,1.6398,0,cfbd,,1,,,1,,,1,,,1,,10.3,0,cfbd,,1,,,1,,,1,,,1,,0,0,,,,,,,,,,,,,,,,,,,,,,,,
00-0033596,Matthew Dayes,RB,2017,252,7,CLE,North Carolina St.,23.0,0,0.0,0,0.0,0,0.0,0,0.0,0.0,1,1,1,,6.525,,0,head_b_v3,v3,23.0,0,nfl_data_py,0,0,proxy_draft_year_age,,1,,0,0,proxy_age_at_draft,22.0,0,proxy_age_at_draft,69.0,0,nfl_combine,205.0,0,nfl_combine,,1,,,1,,102.7,0,combine_barnwell2008,205.0,0,nfl_combine,,1,,1,0,combine_szekely2023_proxy,,1,,,1,,,1,,252,0,nfl_data_py,7,0,nfl_data_py,23.0,0,nfl_data_py,,1,,,1,,,1,,,1,,,1,,,1,,,1,,,1,,,1,,0.271,0,cfbd,,1,,,1,,,1,,,1,,,1,,,1,,,1,,,1,,,1,,9.4,0,cfbd_sp_plus,,1,,0,0,,,,,,,,,,,,,,,,,,,4.6625,0,cfbd,9.3958,0,cfbd
00-0033597,Chad Kelly,QB,2017,253,7,DEN,Mississippi,23.0,1,-0.1,0,0.0,0,0.0,1,-0.1,-0.1,1,1,1,,,,0,head_b_v3,v3,23.0,0,nfl_data_py,0,0,proxy_draft_year_age,,1,,0,0,proxy_age_at_draft,22.0,0,proxy_age_at_draft,,1,,,1,,,1,,,1,,,1,,,1,,,1,,,1,,,1,,,1,,,1,,253,0,nfl_data_py,7,0,nfl_data_py,,1,,,1,,,1,,,1,,,1,,,1,,,1,,,1,,,1,,,1,,,1,,,1,,,1,,,1,,,1,,,1,,,1,,,1,,,1,,,1,,,1,,,1,,0,0,,,,,,,,1,,,1,,,1,,,1,,,,,,,
00-0034855,Baker Mayfield,QB,2018,1,1,CLE,Oklahoma,23.0,16,235.42000000000002,16,248.62,14,179.8,46,663.84,14.431,0,1,0,14.4313,,,0,head_b_v3,v3,23.0,0,nfl_data_py,0,0,proxy_draft_year_age,,1,,0,0,proxy_age_at_draft,22.0,0,proxy_age_at_draft,73.0,0,nfl_combine,215.0,0,nfl_combine,,1,,,1,,,1,,,1,,,1,,,1,,,1,,,1,,,1,,1,0,nfl_data_py,1,0,nfl_data_py,,1,,,1,,,1,,,1,,,1,,,1,,,1,,,1,,,1,,,1,,,1,,,1,,,1,,,1,,,1,,,1,,,1,,,1,,,1,,,1,,,1,,,1,,0,0,,,,,,,0.705,0,cfbd,11.5,0,cfbd,7.166667,0,cfbd,0.054585,0,cfbd,,,,,,
00-0034844,Saquon Barkley,RB,2018,2,1,NYG,Penn St.,21.0,13,244.10000000000002,2,15.400000000000002,13,148.6,28,408.1,14.575,0,1,0,14.575,19.6562,-5.0812,1,head_b_v3,v3,21.0,0,nfl_data_py,0,0,proxy_draft_year_age,,1,,1,0,proxy_age_at_draft,20.0,0,proxy_age_at_draft,72.0,0,nfl_combine,233.0,0,nfl_combine,,1,,,1,,124.33,0,combine_barnwell2008,233.0,0,nfl_combine,,1,,1,0,combine_szekely2023_proxy,,1,,,1,,,1,,2,0,nfl_data_py,1,0,nfl_data_py,21.0,0,nfl_data_py,,1,,,1,,0.5372965641952984,0,cfbd,,1,,,1,,,1,,,1,,,1,,,1,,0.3165,0,cfbd,,1,,,1,,,1,,,1,,,1,,,1,,,1,,,1,,,1,,26.0,0,cfbd_sp_plus,,1,,0,0,,,,,,,,,,,,,,,,,,,5.6985,0,cfbd,12.8118,0,cfbd
00-0034869,Sam Darnold,QB,2018,3,1,NYJ,USC,21.0,13,189.16,12,134.02,12,157.28,37,480.46,12.985,0,1,0,12.9854,,,0,head_b_v3,v3,21.0,0,nfl_data_py,0,0,proxy_draft_year_age,,1,,1,0,proxy_age_at_draft,20.0,0,proxy_age_at_draft,75.0,0,nfl_combine,221.0,0,nfl_combine,,1,,,1,,,1,,,1,,,1,,,1,,,1,,,1,,,1,,3,0,nfl_data_py,1,0,nfl_data_py,,1,,,1,,,1,,,1,,,1,,,1,,,1,,,1,,,1,,,1,,,1,,,1,,,1,,,1,,,1,,,1,,,1,,,1,,,1,,,1,,,1,,,1,,0,0,,,,,,,0.631,0,cfbd,8.6,0,cfbd,2.0,0,cfbd,0.057582,0,cfbd,,,,,,
00-0034857,Josh Allen,QB,2018,7,1,BUF,Wyoming,22.0,16,288.56,16,396.06,17,402.58,49,1087.2,22.188,0,1,0,22.1878,,,0,head_b_v3,v3,22.0,0,nfl_data_py,0,0,proxy_draft_year_age,,1,,0,0,proxy_age_at_draft,21.0,0,proxy_age_at_draft,77.0,0,nfl_combine,237.0,0,nfl_combine,,1,,,1,,,1,,,1,,,1,,,1,,,1,,,1,,,1,,7,0,nfl_data_py,1,0,nfl_data_py,,1,,,1,,,1,,,1,,,1,,,1,,,1,,,1,,,1,,,1,,,1,,,1,,,1,,,1,,,1,,,1,,,1,,,1,,,1,,,1,,,1,,,1,,0,0,,,,,,,0.563,0,cfbd,6.7,0,cfbd,2.666667,0,cfbd,0.061995,0,cfbd,,,,,,
00-0034343,Josh Rosen,QB,2018,10,1,ARI,UCLA,21.0,5,17.98,0,0.0,3,-3.24,8,14.74,1.842,1,1,0,1.8425,,,0,head_b_v3,v3,21.0,0,nfl_data_py,0,0,proxy_draft_year_age,,1,,1,0,proxy_age_at_draft,20.0,0,proxy_age_at_draft,76.0,0,nfl_combine,226.0,0,nfl_combine,,1,,,1,,,1,,,1,,,1,,,1,,,1,,,1,,,1,,10,0,nfl_data_py,1,0,nfl_data_py,,1,,,1,,,1,,,1,,,1,,,1,,,1,,,1,,,1,,,1,,,1,,,1,,,1,,,1,,,1,,,1,,,1,,,1,,,1,,,1,,,1,,,1,,0,0,,,,,,,0.625,0,cfbd,8.2,0,cfbd,2.6,0,cfbd,0.051418,0,cfbd,,,,,,
00-0034827,D.J. Moore,WR,2018,24,1,CAR,Maryland,21.0,15,230.5,15,211.5,17,237.5,47,679.5,14.457,0,1,0,14.4574,10.3868,4.0706,1,head_b_v3,v3,21.0,0,nfl_data_py,0,0,proxy_draft_year_age,,1,,1,0,proxy_age_at_draft,20.0,0,proxy_age_at_draft,72.0,0,nfl_combine,210.0,0,nfl_combine,39.5,0,nfl_combine,1,0,nfl_combine_szekely2023_proxy,,1,,,1,,,1,,,1,,,1,,,1,,,1,,24,0,nfl_data_py,1,0,nfl_data_py,,1,,,1,,0.5329037800687285,0,cfbd,,1,,,1,,0.5325,0,cfbd,,1,,0.5329,0,cfbd,19.0,0,cfbd_proxy,,1,,,1,,,1,,,1,,,1,,,1,,,1,,13.9,0,cfbd,,1,,,1,,,1,,,1,,1,0,proxy_age_at_draft,0,0,,1,,3.2484,0,cfbd,,,,,,,,,,,,,,,,,,
00-0034830,Hayden Hurst,TE,2018,25,1,BAL,South Carolina,25.0,16,76.9,16,149.1,12,64.1,44,290.1,6.593,0,1,0,6.5932,9.9687,-3.3755,1,head_b_v3,v3,25.0,0,nfl_data_py,0,0,proxy_draft_year_age,,1,,0,0,proxy_age_at_draft,24.0,0,proxy_age_at_draft,76.0,0,nfl_combine,250.0,0,nfl_combine,,1,,,1,,,1,,,1,,,1,,,1,,250.0,0,nfl_combine,30.43,0,nfl_combine_derived,105.12,0,combine_pp_hass_approx,25,0,nfl_data_py,1,0,nfl_data_py,,1,,25.0,0,nfl_data_py,,1,,,1,,0.15559134653622841,0,cfbd,,1,,,1,,,1,,,1,,,1,,,1,,,1,,1.3048,0,cfbd,,1,,,1,,,1,,,1,,12.68,0,cfbd,,1,,,1,,,1,,,1,,0,0,,,,,,,,,,,,,,,,,,,,,,,,
00-0034837,Calvin Ridley,WR,2018,26,1,ATL,Alabama,23.0,13,197.0,15,281.5,5,71.10000000000001,33,549.6,16.655,0,1,0,16.6545,10.3868,6.2677,1,head_b_v3,v3,23.0,0,nfl_data_py,0,0,proxy_draft_year_age,,1,,0,0,proxy_age_at_draft,22.0,0,proxy_age_at_draft,72.0,0,nfl_combine,189.0,0,nfl_combine,31.0,0,nfl_combine,1,0,nfl_combine_szekely2023_proxy,,1,,,1,,,1,,,1,,,1,,,1,,,1,,26,0,nfl_data_py,1,0,nfl_data_py,,1,,,1,,0.2678307659843849,0,cfbd,,1,,,1,,0.3732,0,cfbd,,1,,0.2518,0,cfbd,20.0,0,cfbd_proxy,,1,,,1,,,1,,,1,,,1,,,1,,,1,,12.84,0,cfbd,,1,,,1,,,1,,,1,,0,0,proxy_age_at_draft,0,0,,1,,2.6988,0,cfbd,,,,,,,,,,,,,,,,,,
00-0034750,Rashaad Penny,RB,2018,27,1,SEA,San Diego St.,22.0,9,75.3,3,3.4000000000000004,10,121.7,22,200.4,9.109,0,1,0,9.1091,12.444,-3.3349,1,head_b_v3,v3,22.0,0,nfl_data_py,0,0,proxy_draft_year_age,,1,,0,0,proxy_age_at_draft,21.0,0,proxy_age_at_draft,71.0,0,nfl_combine,220.0,0,nfl_combine,,1,,,1,,111.2,0,combine_barnwell2008,220.0,0,nfl_combine,,1,,1,0,combine_szekely2023_proxy,,1,,,1,,,1,,27,0,nfl_data_py,1,0,nfl_data_py,22.0,0,nfl_data_py,,1,,,1,,0.6909589496426791,0,cfbd,,1,,,1,,,1,,,1,,,1,,,1,,0.4388,0,cfbd,,1,,,1,,,1,,,1,,,1,,,1,,,1,,,1,,,1,,4.5,0,cfbd_sp_plus,,1,,0,0,,,,,,,,,,,,,,,,,,,7.3709,0,cfbd,12.05,0,cfbd
00-0034845,Sony Michel,RB,2018,31,1,NWE,Georgia,23.0,16,152.6,8,75.30000000000001,17,146.3,41,374.2,9.127,0,1,0,9.1268,12.444,-3.3172,1,head_b_v3,v3,23.0,0,nfl_data_py,0,0,proxy_draft_year_age,,1,,0,0,proxy_age_at_draft,22.0,0,proxy_age_at_draft,71.0,0,nfl_combine,214.0,0,nfl_combine,,1,,,1,,100.74,0,combine_barnwell2008,214.0,0,nfl_combine,,1,,1,0,combine_szekely2023_proxy,,1,,,1,,,1,,31,0,nfl_data_py,1,0,nfl_data_py,23.0,0,nfl_data_py,,1,,,1,,0.3487579242223205,0,cfbd,,1,,,1,,,1,,,1,,,1,,,1,,0.1768,0,cfbd,,1,,,1,,,1,,,1,,,1,,,1,,,1,,,1,,,1,,26.7,0,cfbd_sp_plus,,1,,0,0,,,,,,,,,,,,,,,,,,,7.2366,0,cfbd,9.0893,0,cfbd
00-0034796,Lamar Jackson,QB,2018,32,1,BAL,Louisville,21.0,15,415.68,15,332.78000000000003,12,239.98000000000002,42,988.44,23.534,0,1,0,23.5343,,,0,head_b_v3,v3,21.0,0,nfl_data_py,0,0,proxy_draft_year_age,,1,,1,0,proxy_age_at_draft,20.0,0,proxy_age_at_draft,74.0,0,nfl_combine,216.0,0,nfl_combine,,1,,,1,,,1,,,1,,,1,,,1,,,1,,,1,,,1,,32,0,nfl_data_py,1,0,nfl_data_py,,1,,,1,,,1,,,1,,,1,,,1,,,1,,,1,,,1,,,1,,,1,,,1,,,1,,,1,,,1,,,1,,,1,,,1,,,1,,,1,,,1,,,1,,0,0,,,,,,,0.591,0,cfbd,8.5,0,cfbd,2.7,0,cfbd,0.066398,0,cfbd,,,,,,
00-0034791,Nick Chubb,RB,2018,35,2,CLE,Georgia,22.0,16,257.1,12,207.70000000000002,14,215.3,42,680.1,16.193,0,1,0,16.1929,12.444,3.7489,1,head_b_v3,v3,22.0,0,nfl_data_py,0,0,proxy_draft_year_age,,1,,0,0,proxy_age_at_draft,21.0,0,proxy_age_at_draft,71.0,0,nfl_combine,227.0,0,nfl_combine,,1,,,1,,108.77,0,combine_barnwell2008,227.0,0,nfl_combine,7.09,0,nfl_combine,1,0,combine_szekely2023_proxy,,1,,,1,,,1,,35,0,nfl_data_py,2,0,nfl_data_py,22.0,0,nfl_data_py,,1,,,1,,0.3520750405425328,0,cfbd,,1,,,1,,,1,,,1,,,1,,,1,,0.2126,0,cfbd,,1,,,1,,,1,,,1,,,1,,,1,,,1,,,1,,,1,,26.7,0,cfbd_sp_plus,,1,,0,0,,,,,,,,,,,,,,,,,,,6.1518,0,cfbd,12.0667,0,cfbd
00-0034816,Ronald Jones II,RB,2018,38,2,TAM,USC,21.0,16,166.3,14,186.3,15,79.2,45,431.8,9.596,0,1,0,9.5956,12.444,-2.8484,1,head_b_v3,v3,21.0,0,nfl_data_py,0,0,proxy_draft_year_age,,1,,1,0,proxy_age_at_draft,20.0,0,proxy_age_at_draft,71.0,0,nfl_combine,205.0,0,nfl_combine,,1,,,1,,87.69,0,combine_barnwell2008,205.0,0,nfl_combine,,1,,1,0,combine_szekely2023_proxy,,1,,,1,,,1,,38,0,nfl_data_py,2,0,nfl_data_py,21.0,0,nfl_data_py,,1,,,1,,0.6266985187452587,0,cfbd,,1,,,1,,,1,,,1,,,1,,,1,,0.2613,0,cfbd,,1,,,1,,,1,,,1,,,1,,,1,,,1,,,1,,,1,,17.9,0,cfbd_sp_plus,,1,,0,0,,,,,,,,,,,,,,,,,,,6.1405,0,cfbd,9.8966,0,cfbd
00-0034348,Courtland Sutton,WR,2018,40,2,DEN,SMU,22.0,16,222.42000000000002,1,9.600000000000001,17,150.24,34,382.26,11.243,0,1,0,11.2429,9.8012,1.4417,1,head_b_v3,v3,22.0,0,nfl_data_py,0,0,proxy_draft_year_age,,1,,0,0,proxy_age_at_draft,21.0,0,proxy_age_at_draft,75.0,0,nfl_combine,218.0,0,nfl_combine,35.5,0,nfl_combine,1,0,nfl_combine_szekely2023_proxy,,1,,,1,,,1,,,1,,,1,,,1,,,1,,40,0,nfl_data_py,2,0,nfl_data_py,,1,,,1,,0.3133328350958484,0,cfbd,,1,,,1,,0.2752,0,cfbd,,1,,0.3141,0,cfbd,19.0,0,cfbd_proxy,,1,,,1,,,1,,,1,,,1,,,1,,,1,,16.68,0,cfbd,,1,,,1,,,1,,,1,,0,0,proxy_age_at_draft,0,0,,1,,2.0883,0,cfbd,,,,,,,,,,,,,,,,,,
00-0034829,Mike Gesicki,TE,2018,42,2,MIA,Penn St.,22.0,15,136.0,15,159.3,17,165.0,47,460.3,9.794,0,1,0,9.7936,9.7999,-0.0063,1,head_b_v3,v3,22.0,0,nfl_data_py,0,0,proxy_draft_year_age,,1,,0,0,proxy_age_at_draft,21.0,0,proxy_age_at_draft,77.0,0,nfl_combine,247.0,0,nfl_combine,,1,,,1,,,1,,,1,,,1,,,1,,247.0,0,nfl_combine,29.29,0,nfl_combine_derived,117.81,0,combine_pp_hass_approx,42,0,nfl_data_py,2,0,nfl_data_py,,1,,22.0,0,nfl_data_py,,1,,,1,,0.21525384411452808,0,cfbd,,1,,,1,,,1,,,1,,,1,,,1,,,1,,1.0939,0,cfbd,,1,,,1,,,1,,,1,,11.54,0,cfbd,,1,,,1,,,1,,,1,,0,0,,,,,,,,,,,,,,,,,,,,,,,,
00-0034349,Kerryon Johnson,RB,2018,43,2,DET,Auburn,21.0,8,85.0,14,71.8,0,0.0,22,156.8,7.127,0,1,0,7.1273,12.1136,-4.9863,1,head_b_v3,v3,21.0,0,nfl_data_py,0,0,proxy_draft_year_age,,1,,1,0,proxy_age_at_draft,20.0,0,proxy_age_at_draft,71.0,0,nfl_combine,213.0,0,nfl_combine,,1,,,1,,,1,,213.0,0,nfl_combine,7.07,0,nfl_combine,,1,,,1,,,1,,,1,,43,0,nfl_data_py,2,0,nfl_data_py,21.0,0,nfl_data_py,,1,,,1,,0.4922909608869726,0,cfbd,,1,,,1,,,1,,,1,,,1,,,1,,0.2549,0,cfbd,,1,,,1,,,1,,,1,,,1,,,1,,,1,,,1,,,1,,24.7,0,cfbd_sp_plus,,1,,0,0,,,,,,,,,,,,,,,,,,,5.019,0,cfbd,8.2692,0,cfbd
00-0034860,Dante Pettis,WR,2018,44,2,SFO,Washington,22.0,9,34.54,3,17.6,2,25.34,14,77.48,5.534,1,1,0,5.5343,9.8012,-4.2669,1,head_b_v3,v3,22.0,0,nfl_data_py,0,0,proxy_draft_year_age,,1,,0,0,proxy_age_at_draft,21.0,0,proxy_age_at_draft,72.0,0,nfl_combine,186.0,0,nfl_combine,,1,,,1,,,1,,,1,,,1,,,1,,,1,,,1,,,1,,44,0,nfl_data_py,2,0,nfl_data_py,,1,,,1,,0.3159169991437576,0,cfbd,,1,,,1,,0.2717,0,cfbd,,1,,0.3303,0,cfbd,20.0,0,cfbd_proxy,,1,,,1,,,1,,,1,,,1,,,1,,,1,,13.77,0,cfbd,,1,,,1,,,1,,,1,,0,0,proxy_age_at_draft,0,0,,1,,2.0718,0,cfbd,,,,,,,,,,,,,,,,,,
00-0034775,Christian Kirk,WR,2018,47,2,ARI,Texas A&M,21.0,13,167.1,14,146.4,17,207.62,44,521.12,11.844,0,1,0,11.8436,9.8012,2.0424,1,head_b_v3,v3,21.0,0,nfl_data_py,0,0,proxy_draft_year_age,,1,,1,0,proxy_age_at_draft,20.0,0,proxy_age_at_draft,70.0,0,nfl_combine,201.0,0,nfl_combine,35.5,0,nfl_combine,1,0,nfl_combine_szekely2023_proxy,,1,,,1,,,1,,,1,,,1,,,1,,,1,,47,0,nfl_data_py,2,0,nfl_data_py,,1,,,1,,0.36796470522741187,0,cfbd,,1,,,1,,0.2638,0,cfbd,,1,,0.3264,0,cfbd,18.0,0,cfbd_proxy,,1,,,1,,,1,,,1,,,1,,,1,,,1,,12.18,0,cfbd,,1,,,1,,,1,,,1,,1,0,proxy_age_at_draft,0,0,,1,,1.6258,0,cfbd,,,,,,,,,,,,,,,,,,
00-0034351,Dallas Goedert,TE,2018,49,2,PHI,South Dakota St.,23.0,15,144.7,11,116.4,15,165.0,41,426.1,10.393,0,1,0,10.3927,9.329,1.0637,1,head_b_v3,v3,23.0,0,nfl_data_py,0,0,proxy_draft_year_age,,1,,0,0,proxy_age_at_draft,22.0,0,proxy_age_at_draft,77.0,0,nfl_combine,256.0,0,nfl_combine,,1,,,1,,,1,,,1,,,1,,,1,,256.0,0,nfl_combine,30.35,0,nfl_combine_derived,,1,,49,0,nfl_data_py,2,0,nfl_data_py,,1,,23.0,0,nfl_data_py,,1,,,1,,,1,,,1,,,1,,,1,,,1,,,1,,,1,,,1,,,1,,,1,,,1,,,1,,,1,,,1,,,1,,,1,,,1,,,1,,0,0,,,,,,,,,,,,,,,,,,,,,,,,
00-0034353,Anthony Miller,WR,2018,51,2,CHI,Memphis,23.0,16,127.5,16,108.7,3,14.5,35,250.7,7.163,0,1,0,7.1629,9.8012,-2.6383,1,head_b_v3,v3,23.0,0,nfl_data_py,0,0,proxy_draft_year_age,,1,,0,0,proxy_age_at_draft,22.0,0,proxy_age_at_draft,71.0,0,nfl_combine,201.0,0,nfl_combine,,1,,,1,,,1,,,1,,,1,,,1,,,1,,,1,,,1,,51,0,nfl_data_py,2,0,nfl_data_py,,1,,,1,,0.3986222732491389,0,cfbd,,1,,,1,,0.3458,0,cfbd,,1,,0.4026,0,cfbd,21.0,0,cfbd_proxy,,1,,,1,,,1,,,1,,,1,,,1,,,1,,15.34,0,cfbd,,1,,,1,,,1,,,1,,0,0,proxy_age_at_draft,0,0,,1,,2.8832,0,cfbd,,,,,,,,,,,,,,,,,,
00-0034358,Derrius Guice,RB,2018,59,2,WAS,LSU,21.0,5,57.400000000000006,0,0.0,0,0.0,5,57.4,11.48,1,1,1,,11.6922,,0,head_b_v3,v3,21.0,0,nfl_data_py,0,0,proxy_draft_year_age,,1,,1,0,proxy_age_at_draft,20.0,0,proxy_age_at_draft,70.0,0,nfl_combine,224.0,0,nfl_combine,,1,,,1,,110.23,0,combine_barnwell2008,224.0,0,nfl_combine,,1,,1,0,combine_szekely2023_proxy,,1,,,1,,,1,,59,0,nfl_data_py,2,0,nfl_data_py,21.0,0,nfl_data_py,,1,,,1,,0.45175250092626895,0,cfbd,,1,,,1,,,1,,,1,,,1,,,1,,0.2525,0,cfbd,,1,,,1,,,1,,,1,,,1,,,1,,,1,,,1,,,1,,21.1,0,cfbd_sp_plus,,1,,0,0,,,,,,,,,,,,,,,,,,,5.338,0,cfbd,8.7083,0,cfbd
00-0034676,James Washington,WR,2018,60,2,PIT,Oklahoma St.,22.0,15,133.5,16,99.2,15,65.8,46,298.5,6.489,0,1,0,6.4891,8.5194,-2.0303,1,head_b_v3,v3,22.0,0,nfl_data_py,0,0,proxy_draft_year_age,,1,,0,0,proxy_age_at_draft,21.0,0,proxy_age_at_draft,71.0,0,nfl_combine,213.0,0,nfl_combine,34.5,0,nfl_combine,1,0,nfl_combine_szekely2023_proxy,,1,,,1,,,1,,,1,,,1,,,1,,,1,,60,0,nfl_data_py,2,0,nfl_data_py,,1,,,1,,0.3287691724141616,0,cfbd,,1,,,1,,0.3023,0,cfbd,,1,,0.3226,0,cfbd,18.0,0,cfbd_proxy,,1,,,1,,,1,,,1,,,1,,,1,,,1,,19.77,0,cfbd,,1,,,1,,,1,,,1,,0,0,proxy_age_at_draft,0,0,,1,,2.829,0,cfbd,,,,,,,,,,,,,,,,,,
00-0034777,DJ Chark,WR,2018,61,2,JAX,LSU,21.0,15,225.8,13,153.6,3,34.400000000000006,31,413.8,13.348,0,1,0,13.3484,8.5194,4.829,1,head_b_v3,v3,21.0,0,nfl_data_py,0,0,proxy_draft_year_age,,1,,1,0,proxy_age_at_draft,20.0,0,proxy_age_at_draft,75.0,0,nfl_combine,199.0,0,nfl_combine,40.0,0,nfl_combine,1,0,nfl_combine_szekely2023_proxy,,1,,,1,,,1,,,1,,,1,,,1,,,1,,61,0,nfl_data_py,2,0,nfl_data_py,,1,,,1,,,1,,,1,,,1,,0.3357,0,cfbd,,1,,0.2678,0,cfbd,19.0,0,cfbd_proxy,,1,,,1,,,1,,,1,,,1,,,1,,,1,,20.85,0,cfbd,,1,,,1,,,1,,,1,,1,0,proxy_age_at_draft,0,0,,1,,2.7033,0,cfbd,,,,,,,,,,,,,,,,,,
00-0034838,Royce Freeman,RB,2018,71,3,DEN,Oregon,22.0,16,142.2,11,37.1,11,34.6,38,213.9,5.629,0,1,0,5.6289,11.2764,-5.6475,1,head_b_v3,v3,22.0,0,nfl_data_py,0,0,proxy_draft_year_age,,1,,0,0,proxy_age_at_draft,21.0,0,proxy_age_at_draft,71.0,0,nfl_combine,229.0,0,nfl_combine,,1,,,1,,107.81,0,combine_barnwell2008,229.0,0,nfl_combine,6.9,0,nfl_combine,1,0,combine_szekely2023_proxy,,1,,,1,,,1,,71,0,nfl_data_py,3,0,nfl_data_py,22.0,0,nfl_data_py,,1,,,1,,0.42601900091939937,0,cfbd,,1,,,1,,,1,,,1,,,1,,,1,,0.2995,0,cfbd,,1,,,1,,,1,,,1,,,1,,,1,,,1,,,1,,,1,,9.1,0,cfbd_sp_plus,,1,,0,0,,,,,,,,,,,,,,,,,,,6.0451,0,cfbd,10.2933,0,cfbd
00-0034771,Mason Rudolph,QB,2018,76,3,PIT,Oklahoma St.,23.0,10,108.8,4,18.360000000000003,2,18.38,16,145.54,9.096,0,1,0,9.0962,,,0,head_b_v3,v3,23.0,0,nfl_data_py,0,0,proxy_draft_year_age,,1,,0,0,proxy_age_at_draft,22.0,0,proxy_age_at_draft,77.0,0,nfl_combine,235.0,0,nfl_combine,,1,,,1,,,1,,,1,,,1,,,1,,,1,,,1,,,1,,76,0,nfl_data_py,3,0,nfl_data_py,,1,,,1,,,1,,,1,,,1,,,1,,,1,,,1,,,1,,,1,,,1,,,1,,,1,,,1,,,1,,,1,,,1,,,1,,,1,,,1,,,1,,,1,,0,0,,,,,,,0.65,0,cfbd,10.0,0,cfbd,4.111111,0,cfbd,0.045541,0,cfbd,,,,,,
00-0034764,Michael Gallup,WR,2018,81,3,DAL,Colorado St.,22.0,14,212.7,16,173.3,9,91.5,39,477.5,12.244,0,1,0,12.2436,8.2367,4.0069,1,head_b_v3,v3,22.0,0,nfl_data_py,0,0,proxy_draft_year_age,,1,,0,0,proxy_age_at_draft,21.0,0,proxy_age_at_draft,73.0,0,nfl_combine,205.0,0,nfl_combine,36.0,0,nfl_combine,1,0,nfl_combine_szekely2023_proxy,,1,,,1,,,1,,,1,,,1,,,1,,,1,,81,0,nfl_data_py,3,0,nfl_data_py,,1,,,1,,0.30665964727559886,0,cfbd,,1,,,1,,0.3866,0,cfbd,,1,,0.3229,0,cfbd,20.0,0,cfbd_proxy,,1,,,1,,,1,,,1,,,1,,,1,,,1,,15.3,0,cfbd,,1,,,1,,,1,,,1,,0,0,proxy_age_at_draft,0,0,,1,,2.9303,0,cfbd,,,,,,,,,,,,,,,,,,
00-0034753,Mark Andrews,TE,2018,86,3,BAL,Oklahoma,23.0,15,207.2,14,170.10000000000002,17,301.1,46,678.4,14.748,0,1,0,14.7478,8.082,6.6658,1,head_b_v3,v3,23.0,0,nfl_data_py,0,0,proxy_draft_year_age,,1,,0,0,proxy_age_at_draft,22.0,0,proxy_age_at_draft,77.0,0,nfl_combine,256.0,0,nfl_combine,,1,,,1,,,1,,,1,,,1,,,1,,256.0,0,nfl_combine,30.35,0,nfl_combine_derived,109.07,0,combine_pp_hass_approx,86,0,nfl_data_py,3,0,nfl_data_py,,1,,23.0,0,nfl_data_py,,1,,,1,,0.1796769654071538,0,cfbd,,1,,,1,,,1,,,1,,,1,,,1,,,1,,2.0924,0,cfbd,,1,,,1,,,1,,,1,,15.66,0,cfbd,,1,,,1,,,1,,,1,,0,0,,,,,,,,,,,,,,,,,,,,,,,,
00-0034765,Tre'Quan Smith,WR,2018,91,3,NOR,Central Florida,22.0,10,71.4,13,103.1,10,87.7,33,262.2,7.945,0,1,0,7.9455,8.2367,-0.2912,1,head_b_v3,v3,22.0,0,nfl_data_py,0,0,proxy_draft_year_age,,1,,0,0,proxy_age_at_draft,21.0,0,proxy_age_at_draft,,1,,,1,,,1,,,1,,,1,,,1,,,1,,,1,,,1,,,1,,,1,,91,0,nfl_data_py,3,0,nfl_data_py,,1,,,1,,0.30680500811500117,0,cfbd,,1,,,1,,0.2658,0,cfbd,,1,,0.3134,0,cfbd,19.0,0,cfbd_proxy,,1,,,1,,,1,,,1,,,1,,,1,,,1,,16.34,0,cfbd,,1,,,1,,,1,,,1,,0,0,proxy_age_at_draft,0,0,,1,,2.5519,0,cfbd,,,,,,,,,,,,,,,,,,
00-0034364,Jordan Akins,TE,2018,98,3,HOU,Central Florida,26.0,16,89.8,13,83.7,12,41.7,41,215.2,5.249,0,1,0,5.2488,7.674,-2.4252,1,head_b_v3,v3,26.0,0,nfl_data_py,0,0,proxy_draft_year_age,,1,,0,0,proxy_age_at_draft,25.0,0,proxy_age_at_draft,75.0,0,nfl_combine,249.0,0,nfl_combine,,1,,,1,,,1,,,1,,,1,,,1,,249.0,0,nfl_combine,31.12,0,nfl_combine_derived,,1,,98,0,nfl_data_py,3,0,nfl_data_py,,1,,26.0,0,nfl_data_py,,1,,,1,,0.11233480176211454,0,cfbd,,1,,,1,,,1,,,1,,,1,,,1,,,1,,1.0825,0,cfbd,,1,,,1,,,1,,,1,,13.95,0,cfbd,,1,,,1,,,1,,,1,,0,0,,,,,,,,,,,,,,,,,,,,,,,,
00-0034365,Ian Thomas,TE,2018,101,4,CAR,Indiana,22.0,9,35.6,13,40.5,14,36.800000000000004,36,112.9,3.136,0,1,0,3.1361,7.674,-4.5379,1,head_b_v3,v3,22.0,0,nfl_data_py,0,0,proxy_draft_year_age,,1,,0,0,proxy_age_at_draft,21.0,0,proxy_age_at_draft,76.0,0,nfl_combine,259.0,0,nfl_combine,,1,,,1,,,1,,,1,,,1,,,1,,259.0,0,nfl_combine,31.52,0,nfl_combine_derived,102.62,0,combine_pp_hass_approx,101,0,nfl_data_py,4,0,nfl_data_py,,1,,22.0,0,nfl_data_py,,1,,,1,,0.1589711417816813,0,cfbd,,1,,,1,,,1,,,1,,,1,,,1,,,1,,0.749,0,cfbd,,1,,,1,,,1,,,1,,14.54,0,cfbd,,1,,,1,,,1,,,1,,0,0,,,,,,,,,,,,,,,,,,,,,,,,
00-0034366,Keke Coutee,WR,2018,103,4,HOU,Texas Tech,21.0,8,52.800000000000004,8,89.0,1,1.5,17,143.3,8.429,0,1,0,8.4294,8.2367,0.1927,1,head_b_v3,v3,21.0,0,nfl_data_py,0,0,proxy_draft_year_age,,1,,1,0,proxy_age_at_draft,20.0,0,proxy_age_at_draft,70.0,0,nfl_combine,181.0,0,nfl_combine,34.5,0,nfl_combine,1,0,nfl_combine_szekely2023_proxy,,1,,,1,,,1,,,1,,,1,,,1,,,1,,103,0,nfl_data_py,4,0,nfl_data_py,,1,,,1,,0.3075643812158335,0,cfbd,,1,,,1,,0.3167,0,cfbd,,1,,0.299,0,cfbd,20.0,0,cfbd_proxy,,1,,,1,,,1,,,1,,,1,,,1,,,1,,15.11,0,cfbd,,1,,,1,,,1,,,1,,1,0,proxy_age_at_draft,0,0,,1,,2.2957,0,cfbd,,,,,,,,,,,,,,,,,,
00-0034367,Nyheim Hines,RB,2018,104,4,IND,North Carolina St.,21.0,16,117.9,16,193.2,17,116.60000000000001,49,427.7,8.729,0,1,0,8.7286,7.3666,1.362,1,head_b_v3,v3,21.0,0,nfl_data_py,0,0,proxy_draft_year_age,,1,,1,0,proxy_age_at_draft,20.0,0,proxy_age_at_draft,68.0,0,nfl_combine,198.0,0,nfl_combine,,1,,,1,,107.6,0,combine_barnwell2008,198.0,0,nfl_combine,7.18,0,nfl_combine,1,0,combine_szekely2023_proxy,,1,,,1,,,1,,104,0,nfl_data_py,4,0,nfl_data_py,21.0,0,nfl_data_py,,1,,,1,,,1,,,1,,,1,,,1,,,1,,,1,,,1,,0.2148,0,cfbd,,1,,,1,,,1,,,1,,,1,,,1,,,1,,,1,,,1,,12.9,0,cfbd_sp_plus,,1,,0,0,,,,,,,,,,,,,,,,,,,5.7459,0,cfbd,10.1951,0,cfbd
00-0034772,Antonio Callaway,WR,2018,105,4,CLE,Florida,21.0,4,16.900000000000002,3,4.0,0,0.0,7,20.9,2.986,1,1,1,,8.2367,,0,head_b_v3,v3,21.0,0,nfl_data_py,0,0,proxy_draft_year_age,,1,,1,0,proxy_age_at_draft,20.0,0,proxy_age_at_draft,71.0,0,nfl_combine,200.0,0,nfl_combine,34.0,0,nfl_combine,1,0,nfl_combine_szekely2023_proxy,,1,,,1,,,1,,,1,,,1,,,1,,,1,,105,0,nfl_data_py,4,0,nfl_data_py,,1,,,1,,,1,,,1,,,1,,0.2578,0,cfbd,,1,,0.2227,0,cfbd,18.0,0,cfbd_proxy,,1,,,1,,,1,,,1,,,1,,,1,,,1,,16.48,0,cfbd,,1,,,1,,,1,,,1,,1,0,proxy_age_at_draft,0,0,,1,,,1,,,,,,,,,,,,,,,,,,,
00-0034766,Chris Herndon,TE,2018,107,4,NYJ,Miami (FL),22.0,1,1.7000000000000002,11,73.7,5,14.0,17,89.4,5.259,0,1,0,5.2588,7.674,-2.4152,1,head_b_v3,v3,22.0,0,nfl_data_py,0,0,proxy_draft_year_age,,1,,0,0,proxy_age_at_draft,21.0,0,proxy_age_at_draft,76.0,0,nfl_combine,253.0,0,nfl_combine,,1,,,1,,,1,,,1,,,1,,,1,,253.0,0,nfl_combine,30.79,0,nfl_combine_derived,,1,,107,0,nfl_data_py,4,0,nfl_data_py,,1,,22.0,0,nfl_data_py,,1,,,1,,,1,,,1,,,1,,,1,,,1,,,1,,,1,,,1,,,1,,,1,,,1,,,1,,,1,,,1,,,1,,,1,,,1,,,1,,0,0,,,,,,,,,,,,,,,,,,,,,,,,
00-0034369,Kyle Lauletta,QB,2018,108,4,NYG,Richmond,23.0,0,0.0,0,0.0,0,0.0,0,0.0,0.0,1,1,1,,,,0,head_b_v3,v3,23.0,0,nfl_data_py,0,0,proxy_draft_year_age,,1,,0,0,proxy_age_at_draft,22.0,0,proxy_age_at_draft,75.0,0,nfl_combine,222.0,0,nfl_combine,,1,,,1,,,1,,,1,,,1,,,1,,,1,,,1,,,1,,108,0,nfl_data_py,4,0,nfl_data_py,,1,,,1,,,1,,,1,,,1,,,1,,,1,,,1,,,1,,,1,,,1,,,1,,,1,,,1,,,1,,,1,,,1,,,1,,,1,,,1,,,1,,,1,,0,0,,,,,,,,1,,,1,,,1,,,1,,,,,,,
00-0034679,Mark Walton,RB,2018,112,4,CIN,Miami (FL),21.0,7,42.0,0,0.0,0,0.0,7,42.0,6.0,1,1,1,,7.3384,,0,head_b_v3,v3,21.0,0,nfl_data_py,0,0,proxy_draft_year_age,,1,,1,0,proxy_age_at_draft,20.0,0,proxy_age_at_draft,70.0,0,nfl_combine,202.0,0,nfl_combine,,1,,,1,,90.23,0,combine_barnwell2008,202.0,0,nfl_combine,,1,,1,0,combine_szekely2023_proxy,,1,,,1,,,1,,112,0,nfl_data_py,4,0,nfl_data_py,21.0,0,nfl_data_py,,1,,,1,,0.1806583950370222,0,cfbd,,1,,,1,,,1,,,1,,,1,,,1,,0.1058,0,cfbd,,1,,,1,,,1,,,1,,,1,,,1,,,1,,,1,,,1,,17.4,0,cfbd_sp_plus,,1,,0,0,,,,,,,,,,,,,,,,,,,7.6429,0,cfbd,10.9423,0,cfbd
00-0034370,DaeSean Hamilton,WR,2018,113,4,DEN,Penn St.,23.0,12,63.7,12,62.3,0,0.0,24,126.0,5.25,0,1,0,5.25,6.5416,-1.2916,1,head_b_v3,v3,23.0,0,nfl_data_py,0,0,proxy_draft_year_age,,1,,0,0,proxy_age_at_draft,22.0,0,proxy_age_at_draft,73.0,0,nfl_combine,203.0,0,nfl_combine,34.5,0,nfl_combine,1,0,nfl_combine_szekely2023_proxy,,1,,,1,,,1,,,1,,,1,,,1,,,1,,113,0,nfl_data_py,4,0,nfl_data_py,,1,,,1,,0.25422521208907745,0,cfbd,,1,,,1,,0.2178,0,cfbd,,1,,0.2256,0,cfbd,19.0,0,cfbd_proxy,,1,,,1,,,1,,,1,,,1,,,1,,,1,,13.25,0,cfbd,,1,,,1,,,1,,,1,,0,0,proxy_age_at_draft,0,0,,1,,1.631,0,cfbd,,,,,,,,,,,,,,,,,,
00-0034159,Will Dissly,TE,2018,120,4,SEA,Washington,22.0,6,73.9,14,61.1,12,50.1,32,185.1,5.784,0,1,0,5.7844,6.2285,-0.4441,1,head_b_v3,v3,22.0,0,nfl_data_py,0,0,proxy_draft_year_age,,1,,0,0,proxy_age_at_draft,21.0,0,proxy_age_at_draft,76.0,0,nfl_combine,262.0,0,nfl_combine,,1,,,1,,,1,,,1,,,1,,,1,,262.0,0,nfl_combine,31.89,0,nfl_combine_derived,93.16,0,combine_pp_hass_approx,120,0,nfl_data_py,4,0,nfl_data_py,,1,,22.0,0,nfl_data_py,,1,,,1,,0.10126432384179555,0,cfbd,,1,,,1,,,1,,,1,,,1,,,1,,,1,,0.6379,0,cfbd,,1,,,1,,,1,,,1,,12.23,0,cfbd,,1,,,1,,,1,,,1,,0,0,,,,,,,,,,,,,,,,,,,,,,,,
00-0034798,Durham Smythe,TE,2018,123,4,MIA,Notre Dame,23.0,8,13.5,13,58.800000000000004,15,70.0,36,142.3,3.953,0,1,0,3.9528,6.2285,-2.2757,1,head_b_v3,v3,23.0,0,nfl_data_py,0,0,proxy_draft_year_age,,1,,0,0,proxy_age_at_draft,22.0,0,proxy_age_at_draft,77.0,0,nfl_combine,253.0,0,nfl_combine,,1,,,1,,,1,,,1,,,1,,,1,,253.0,0,nfl_combine,30.0,0,nfl_combine_derived,95.77,0,combine_pp_hass_approx,123,0,nfl_data_py,4,0,nfl_data_py,,1,,23.0,0,nfl_data_py,,1,,,1,,0.07742801890846585,0,cfbd,,1,,,1,,,1,,,1,,,1,,,1,,,1,,0.6667,0,cfbd,,1,,,1,,,1,,,1,,14.64,0,cfbd,,1,,,1,,,1,,,1,,0,0,,,,,,,,,,,,,,,,,,,,,,,,
00-0034378,Ito Smith,RB,2018,126,4,ATL,Southern Miss,22.0,7,36.3,14,57.3,1,6.4,22,100.0,4.545,0,1,0,4.5455,7.3384,-2.7929,1,head_b_v3,v3,22.0,0,nfl_data_py,0,0,proxy_draft_year_age,,1,,0,0,proxy_age_at_draft,21.0,0,proxy_age_at_draft,,1,,,1,,,1,,,1,,,1,,,1,,,1,,,1,,,1,,,1,,,1,,126,0,nfl_data_py,4,0,nfl_data_py,22.0,0,nfl_data_py,,1,,,1,,,1,,,1,,,1,,,1,,,1,,,1,,,1,,0.3189,0,cfbd,,1,,,1,,,1,,,1,,,1,,,1,,,1,,,1,,,1,,-3.4,0,cfbd_sp_plus,,1,,0,0,,,,,,,,,,,,,,,,,,,5.694,0,cfbd,10.7077,0,cfbd
00-0034799,Kalen Ballage,RB,2018,131,4,MIA,Arizona St.,22.0,12,51.800000000000004,11,93.9,8,6.4,31,152.1,4.906,0,1,0,4.9065,7.3384,-2.4319,1,head_b_v3,v3,22.0,0,nfl_data_py,0,0,proxy_draft_year_age,,1,,0,0,proxy_age_at_draft,21.0,0,proxy_age_at_draft,73.0,0,nfl_combine,228.0,0,nfl_combine,,1,,,1,,115.25,0,combine_barnwell2008,228.0,0,nfl_combine,6.91,0,nfl_combine,1,0,combine_szekely2023_proxy,,1,,,1,,,1,,131,0,nfl_data_py,4,0,nfl_data_py,22.0,0,nfl_data_py,,1,,,1,,0.2580794766647139,0,cfbd,,1,,,1,,,1,,,1,,,1,,,1,,0.1428,0,cfbd,,1,,,1,,,1,,,1,,,1,,,1,,,1,,,1,,,1,,1.0,0,cfbd_sp_plus,,1,,0,0,,,,,,,,,,,,,,,,,,,4.2941,0,cfbd,8.3974,0,cfbd
00-0034267,Jaleel Scott,WR,2018,132,4,BAL,New Mexico St.,23.0,1,1.6,1,2.6,0,0.0,2,4.2,2.1,1,1,1,,6.5416,,0,head_b_v3,v3,23.0,0,nfl_data_py,0,0,proxy_draft_year_age,,1,,0,0,proxy_age_at_draft,22.0,0,proxy_age_at_draft,77.0,0,nfl_combine,218.0,0,nfl_combine,34.5,0,nfl_combine,1,0,nfl_combine_szekely2023_proxy,,1,,,1,,,1,,,1,,,1,,,1,,,1,,132,0,nfl_data_py,4,0,nfl_data_py,,1,,,1,,0.27717603206537844,0,cfbd,,1,,,1,,0.2445,0,cfbd,,1,,0.2651,0,cfbd,22.0,0,cfbd_proxy,,1,,,1,,,1,,,1,,,1,,,1,,,1,,13.8,0,cfbd,,1,,,1,,,1,,,1,,0,0,proxy_age_at_draft,0,0,,1,,1.6256,0,cfbd,,,,,,,,,,,,,,,,,,
00-0034268,J'Mon Moore,WR,2018,133,4,GNB,Missouri,23.0,0,0.0,0,0.0,0,0.0,0,0.0,0.0,1,1,1,,6.5416,,0,head_b_v3,v3,23.0,0,nfl_data_py,0,0,proxy_draft_year_age,,1,,0,0,proxy_age_at_draft,22.0,0,proxy_age_at_draft,,1,,,1,,,1,,,1,,,1,,,1,,,1,,,1,,,1,,,1,,,1,,133,0,nfl_data_py,4,0,nfl_data_py,,1,,,1,,0.24848182724553614,0,cfbd,,1,,,1,,0.2717,0,cfbd,,1,,0.2521,0,cfbd,20.0,0,cfbd_proxy,,1,,,1,,,1,,,1,,,1,,,1,,,1,,15.76,0,cfbd,,1,,,1,,,1,,,1,,0,0,proxy_age_at_draft,0,0,,1,,2.3651,0,cfbd,,,,,,,,,,,,,,,,,,
00-0034681,Chase Edmonds,RB,2018,134,4,ARI,Fordham,22.0,10,82.8,16,168.0,12,143.3,38,394.1,10.371,0,1,0,10.3711,7.3384,3.0327,1,head_b_v3,v3,22.0,0,nfl_data_py,0,0,proxy_draft_year_age,,1,,0,0,proxy_age_at_draft,21.0,0,proxy_age_at_draft,69.0,0,nfl_combine,205.0,0,nfl_combine,,1,,,1,,95.66,0,combine_barnwell2008,205.0,0,nfl_combine,6.79,0,nfl_combine,1,0,combine_szekely2023_proxy,,1,,,1,,,1,,134,0,nfl_data_py,4,0,nfl_data_py,22.0,0,nfl_data_py,,1,,,1,,,1,,,1,,,1,,,1,,,1,,,1,,,1,,0.1981,0,cfbd,,1,,,1,,,1,,,1,,,1,,,1,,,1,,,1,,,1,,,1,,,1,,0,0,,,,,,,,,,,,,,,,,,,,1,below_volume_gate,15.1538,0,cfbd
00-0034383,Dalton Schultz,TE,2018,137,4,DAL,Stanford,22.0,2,1.6,16,146.5,17,208.8,35,356.9,10.197,0,1,0,10.1971,6.2285,3.9686,1,head_b_v3,v3,22.0,0,nfl_data_py,0,0,proxy_draft_year_age,,1,,0,0,proxy_age_at_draft,21.0,0,proxy_age_at_draft,77.0,0,nfl_combine,244.0,0,nfl_combine,,1,,,1,,,1,,,1,,,1,,,1,,244.0,0,nfl_combine,28.93,0,nfl_combine_derived,97.12,0,combine_pp_hass_approx,137,0,nfl_data_py,4,0,nfl_data_py,,1,,22.0,0,nfl_data_py,,1,,,1,,0.10586156308348893,0,cfbd,,1,,,1,,,1,,,1,,,1,,,1,,,1,,0.562,0,cfbd,,1,,,1,,,1,,,1,,10.35,0,cfbd,,1,,,1,,,1,,,1,,0,0,,,,,,,,,,,,,,,,,,,,,,,,
00-0034386,Justin Watson,WR,2018,144,5,TAM,Pennsylvania,22.0,6,42.9,3,16.4,0,0.0,9,59.3,6.589,1,1,0,6.5889,6.5416,0.0473,1,head_b_v3,v3,22.0,0,nfl_data_py,0,0,proxy_draft_year_age,,1,,0,0,proxy_age_at_draft,21.0,0,proxy_age_at_draft,,1,,,1,,,1,,,1,,,1,,,1,,,1,,,1,,,1,,,1,,,1,,144,0,nfl_data_py,5,0,nfl_data_py,,1,,,1,,,1,,,1,,,1,,,1,,,1,,,1,,,1,,,1,,,1,,,1,,,1,,,1,,,1,,,1,,,1,,,1,,,1,,,1,,,1,,0,0,proxy_age_at_draft,0,0,,1,,,1,,,,,,,,,,,,,,,,,,,
00-0034393,Troy Fumagalli,TE,2018,156,5,DEN,Wisconsin,23.0,6,15.799999999999999,7,22.0,0,0.0,13,37.8,2.908,1,1,0,2.9077,6.1922,-3.2845,1,head_b_v3,v3,23.0,0,nfl_data_py,0,0,proxy_draft_year_age,,1,,0,0,proxy_age_at_draft,22.0,0,proxy_age_at_draft,77.0,0,nfl_combine,247.0,0,nfl_combine,,1,,,1,,,1,,,1,,,1,,,1,,247.0,0,nfl_combine,29.29,0,nfl_combine_derived,,1,,156,0,nfl_data_py,5,0,nfl_data_py,,1,,23.0,0,nfl_data_py,,1,,,1,,0.1817106731126813,0,cfbd,,1,,,1,,,1,,,1,,,1,,,1,,,1,,1.5877,0,cfbd,,1,,,1,,,1,,,1,,11.96,0,cfbd,,1,,,1,,,1,,,1,,0,0,,,,,,,,,,,,,,,,,,,,,,,,
00-0034270,Tyler Conklin,TE,2018,157,5,MIN,Central Michigan,23.0,5,13.8,7,44.4,17,138.3,29,196.5,6.776,0,1,0,6.7759,6.1922,0.5837,1,head_b_v3,v3,23.0,0,nfl_data_py,0,0,proxy_draft_year_age,,1,,0,0,proxy_age_at_draft,22.0,0,proxy_age_at_draft,75.0,0,nfl_combine,254.0,0,nfl_combine,,1,,,1,,,1,,,1,,,1,,,1,,254.0,0,nfl_combine,31.74,0,nfl_combine_derived,94.44,0,combine_pp_hass_approx,157,0,nfl_data_py,5,0,nfl_data_py,,1,,23.0,0,nfl_data_py,,1,,,1,,0.16840486696082363,0,cfbd,,1,,,1,,,1,,,1,,,1,,,1,,,1,,0.8657,0,cfbd,,1,,,1,,,1,,,1,,14.05,0,cfbd,,1,,,1,,,1,,,1,,0,0,,,,,,,,,,,,,,,,,,,,,,,,
00-0034395,Daurice Fountain,WR,2018,159,5,IND,Northern Iowa,22.0,0,0.0,2,4.300000000000001,0,0.0,2,4.3,2.15,1,1,1,,6.5416,,0,head_b_v3,v3,22.0,0,nfl_data_py,0,0,proxy_draft_year_age,,1,,0,0,proxy_age_at_draft,21.0,0,proxy_age_at_draft,,1,,,1,,,1,,,1,,,1,,,1,,,1,,,1,,,1,,,1,,,1,,159,0,nfl_data_py,5,0,nfl_data_py,,1,,,1,,,1,,,1,,,1,,0.1158,0,cfbd,,1,,0.0579,0,cfbd,,1,,,1,,,1,,,1,,,1,,,1,,,1,,,1,,7.33,0,cfbd,,1,,,1,,,1,,,1,,0,0,proxy_age_at_draft,0,0,,1,,,1,,,,,,,,,,,,,,,,,,,
00-0034271,Jordan Lasley,WR,2018,162,5,BAL,UCLA,21.0,0,0.0,0,0.0,0,0.0,0,0.0,0.0,1,1,1,,6.5416,,0,head_b_v3,v3,21.0,0,nfl_data_py,0,0,proxy_draft_year_age,,1,,1,0,proxy_age_at_draft,20.0,0,proxy_age_at_draft,73.0,0,nfl_combine,203.0,0,nfl_combine,34.5,0,nfl_combine,1,0,nfl_combine_szekely2023_proxy,,1,,,1,,,1,,,1,,,1,,,1,,,1,,162,0,nfl_data_py,5,0,nfl_data_py,,1,,,1,,0.28753569897317766,0,cfbd,,1,,,1,,0.2741,0,cfbd,,1,,0.275,0,cfbd,19.0,0,cfbd_proxy,,1,,,1,,,1,,,1,,,1,,,1,,,1,,16.89,0,cfbd,,1,,,1,,,1,,,1,,1,0,proxy_age_at_draft,0,0,,1,,2.1234,0,cfbd,,,,,,,,,,,,,,,,,,
00-0034331,Jaylen Samuels,TE,2018,165,5,PIT,North Carolina St.,22.0,13,104.4,8,16.400000000000002,2,5.3,23,126.1,5.483,0,1,0,5.4826,6.1922,-0.7096,1,head_b_v3,v3,22.0,0,nfl_data_py,0,0,proxy_draft_year_age,,1,,0,0,proxy_age_at_draft,21.0,0,proxy_age_at_draft,71.0,0,nfl_combine,225.0,0,nfl_combine,,1,,,1,,,1,,,1,,,1,,,1,,225.0,0,nfl_combine,31.38,0,nfl_combine_derived,98.95,0,combine_pp_hass_approx,165,0,nfl_data_py,5,0,nfl_data_py,,1,,22.0,0,nfl_data_py,,1,,,1,,,1,,,1,,,1,,,1,,,1,,,1,,,1,,,1,,1.1302,0,cfbd,,1,,,1,,,1,,,1,,9.03,0,cfbd,,1,,,1,,,1,,,1,,0,0,,,,,,,,,,,,,,,,,,,,,,,,
00-0034400,Jordan Wilkins,RB,2018,169,5,IND,Mississippi,24.0,12,54.0,12,61.300000000000004,0,0.0,24,115.3,4.804,0,1,0,4.8042,6.9631,-2.1589,1,head_b_v3,v3,24.0,0,nfl_data_py,0,0,proxy_draft_year_age,,1,,0,0,proxy_age_at_draft,23.0,0,proxy_age_at_draft,73.0,0,nfl_combine,216.0,0,nfl_combine,,1,,,1,,,1,,216.0,0,nfl_combine,,1,,,1,,,1,,,1,,,1,,169,0,nfl_data_py,5,0,nfl_data_py,24.0,0,nfl_data_py,,1,,,1,,0.5514033996004323,0,cfbd,,1,,,1,,,1,,,1,,,1,,,1,,,1,,,1,,,1,,,1,,,1,,,1,,,1,,,1,,,1,,,1,,,1,,,1,,0,0,,,,,,,,,,,,,,,,,,,,1,,,1,
00-0034401,Mike White,QB,2018,171,5,DAL,Western Kentucky,23.0,0,0.0,0,0.0,4,44.019999999999996,4,44.02,11.005,1,1,1,,,,0,head_b_v3,v3,23.0,0,nfl_data_py,0,0,proxy_draft_year_age,,1,,0,0,proxy_age_at_draft,22.0,0,proxy_age_at_draft,77.0,0,nfl_combine,224.0,0,nfl_combine,,1,,,1,,,1,,,1,,,1,,,1,,,1,,,1,,,1,,171,0,nfl_data_py,5,0,nfl_data_py,,1,,,1,,,1,,,1,,,1,,,1,,,1,,,1,,,1,,,1,,,1,,,1,,,1,,,1,,,1,,,1,,,1,,,1,,,1,,,1,,,1,,,1,,0,0,,,,,,,0.657,0,cfbd,7.5,0,cfbd,3.25,0,cfbd,0.078275,0,cfbd,,,,,,
00-0034272,Marquez Valdes-Scantling,WR,2018,174,5,GNB,South Florida,23.0,15,84.1,14,137.3,11,87.0,40,308.4,7.71,0,1,0,7.71,6.0142,1.6958,1,head_b_v3,v3,23.0,0,nfl_data_py,0,0,proxy_draft_year_age,,1,,0,0,proxy_age_at_draft,22.0,0,proxy_age_at_draft,76.0,0,nfl_combine,206.0,0,nfl_combine,30.5,0,nfl_combine,1,0,nfl_combine_szekely2023_proxy,,1,,,1,,,1,,,1,,,1,,,1,,,1,,174,0,nfl_data_py,5,0,nfl_data_py,,1,,,1,,0.26713759625041844,0,cfbd,,1,,,1,,0.2788,0,cfbd,,1,,0.2584,0,cfbd,22.0,0,cfbd_proxy,,1,,,1,,,1,,,1,,,1,,,1,,,1,,16.15,0,cfbd,,1,,,1,,,1,,,1,,0,0,proxy_age_at_draft,0,0,,1,,2.0327,0,cfbd,,,,,,,,,,,,,,,,,,
00-0034273,Damion Ratley,WR,2018,175,6,CLE,Texas A&M,23.0,9,38.0,5,10.3,0,0.0,14,48.3,3.45,1,1,0,3.45,6.0142,-2.5642,1,head_b_v3,v3,23.0,0,nfl_data_py,0,0,proxy_draft_year_age,,1,,0,0,proxy_age_at_draft,22.0,0,proxy_age_at_draft,,1,,,1,,,1,,,1,,,1,,,1,,,1,,,1,,,1,,,1,,,1,,175,0,nfl_data_py,6,0,nfl_data_py,,1,,,1,,0.24260980905194007,0,cfbd,,1,,,1,,0.2179,0,cfbd,,1,,0.2756,0,cfbd,22.0,0,cfbd_proxy,,1,,,1,,,1,,,1,,,1,,,1,,,1,,19.6,0,cfbd,,1,,,1,,,1,,,1,,0,0,proxy_age_at_draft,0,0,,1,,1.343,0,cfbd,,,,,,,,,,,,,,,,,,
00-0034808,John Kelly,RB,2018,176,6,LAR,Tennessee,21.0,1,0.9,0,0.0,1,1.3,2,2.2,1.1,1,1,1,,6.9631,,0,head_b_v3,v3,21.0,0,nfl_data_py,0,0,proxy_draft_year_age,,1,,1,0,proxy_age_at_draft,20.0,0,proxy_age_at_draft,70.0,0,nfl_combine,216.0,0,nfl_combine,,1,,,1,,,1,,216.0,0,nfl_combine,7.13,0,nfl_combine,,1,,,1,,,1,,,1,,176,0,nfl_data_py,6,0,nfl_data_py,21.0,0,nfl_data_py,,1,,,1,,0.5975108993206935,0,cfbd,,1,,,1,,,1,,,1,,,1,,,1,,0.3063,0,cfbd,,1,,,1,,,1,,,1,,,1,,,1,,,1,,,1,,,1,,1.2,0,cfbd_sp_plus,,1,,0,0,,,,,,,,,,,,,,,,,,,4.1164,0,cfbd,8.1395,0,cfbd
00-0034406,Deon Cain,WR,2018,185,6,IND,Clemson,22.0,11,21.4,0,0.0,0,0.0,11,21.4,1.945,1,1,0,1.9455,5.0759,-3.1304,1,head_b_v3,v3,22.0,0,nfl_data_py,0,0,proxy_draft_year_age,,1,,0,0,proxy_age_at_draft,21.0,0,proxy_age_at_draft,74.0,0,nfl_combine,202.0,0,nfl_combine,33.5,0,nfl_combine,1,0,nfl_combine_szekely2023_proxy,,1,,,1,,,1,,,1,,,1,,,1,,,1,,185,0,nfl_data_py,6,0,nfl_data_py,,1,,,1,,0.2877839033702653,0,cfbd,,1,,,1,,0.2077,0,cfbd,,1,,0.2803,0,cfbd,21.0,0,cfbd_proxy,,1,,,1,,,1,,,1,,,1,,,1,,,1,,15.78,0,cfbd,,1,,,1,,,1,,,1,,0,0,proxy_age_at_draft,0,0,,1,,1.4021,0,cfbd,,,,,,,,,,,,,,,,,,
00-0034407,Ray-Ray McCloud,WR,2018,187,6,BUF,Clemson,21.0,0,0.0,11,34.2,14,68.2,25,102.4,4.096,0,1,0,4.096,5.0759,-0.9799,1,head_b_v3,v3,21.0,0,nfl_data_py,0,0,proxy_draft_year_age,,1,,1,0,proxy_age_at_draft,20.0,0,proxy_age_at_draft,69.0,0,nfl_combine,190.0,0,nfl_combine,34.5,0,nfl_combine,1,0,nfl_combine_szekely2023_proxy,,1,,,1,,,1,,,1,,,1,,,1,,,1,,187,0,nfl_data_py,6,0,nfl_data_py,,1,,,1,,0.10569323270709557,0,cfbd,,1,,,1,,0.1582,0,cfbd,,1,,0.1085,0,cfbd,,1,,,1,,,1,,,1,,,1,,,1,,,1,,,1,,10.11,0,cfbd,,1,,,1,,,1,,,1,,1,0,proxy_age_at_draft,0,0,,1,,1.0681,0,cfbd,,,,,,,,,,,,,,,,,,
00-0034409,Dylan Cantrell,WR,2018,191,6,LAC,Texas Tech,24.0,0,0.0,0,0.0,0,0.0,0,0.0,0.0,1,1,1,,5.0759,,0,head_b_v3,v3,24.0,0,nfl_data_py,0,0,proxy_draft_year_age,,1,,0,0,proxy_age_at_draft,23.0,0,proxy_age_at_draft,75.0,0,nfl_combine,226.0,0,nfl_combine,38.5,0,nfl_combine,1,0,nfl_combine_szekely2023_proxy,,1,,,1,,,1,,,1,,,1,,,1,,,1,,191,0,nfl_data_py,6,0,nfl_data_py,,1,,,1,,0.19405255878284924,0,cfbd,,1,,,1,,0.2014,0,cfbd,,1,,0.1945,0,cfbd,,1,,,1,,,1,,,1,,,1,,,1,,,1,,,1,,11.99,0,cfbd,,1,,,1,,,1,,,1,,0,0,proxy_age_at_draft,0,0,,1,,1.4603,0,cfbd,,,,,,,,,,,,,,,,,,
00-0034411,Russell Gage,WR,2018,194,6,ATL,LSU,22.0,14,100.80000000000001,16,181.06,13,163.0,43,444.86,10.346,0,1,0,10.3456,5.0759,5.2697,1,head_b_v3,v3,22.0,0,nfl_data_py,0,0,proxy_draft_year_age,,1,,0,0,proxy_age_at_draft,21.0,0,proxy_age_at_draft,,1,,,1,,,1,,,1,,,1,,,1,,,1,,,1,,,1,,,1,,,1,,194,0,nfl_data_py,6,0,nfl_data_py,,1,,,1,,0.1421105304125431,0,cfbd,,1,,,1,,0.1118,0,cfbd,,1,,0.1559,0,cfbd,,1,,,1,,,1,,,1,,,1,,,1,,,1,,,1,,13.83,0,cfbd,,1,,,1,,,1,,,1,,0,0,proxy_age_at_draft,0,0,,1,,0.9,0,cfbd,,,,,,,,,,,,,,,,,,
00-0034278,Tremon Smith,WR,2018,196,6,KAN,Central Arkansas,22.0,0,0.0,0,0.0,2,6.7,2,6.7,3.35,1,1,1,,5.0759,,0,head_b_v3,v3,22.0,0,nfl_data_py,0,0,proxy_draft_year_age,,1,,0,0,proxy_age_at_draft,21.0,0,proxy_age_at_draft,,1,,,1,,,1,,,1,,,1,,,1,,,1,,,1,,,1,,,1,,,1,,196,0,nfl_data_py,6,0,nfl_data_py,,1,,,1,,,1,,,1,,,1,,,1,,,1,,,1,,,1,,,1,,,1,,,1,,,1,,,1,,,1,,,1,,,1,,,1,,,1,,,1,,,1,,0,0,proxy_age_at_draft,0,0,,1,,,1,,,,,,,,,,,,,,,,,,,
00-0034412,Luke Falk,QB,2018,199,6,TEN,Washington St.,23.0,3,8.64,0,0.0,0,0.0,3,8.64,2.88,1,1,1,,,,0,head_b_v3,v3,23.0,0,nfl_data_py,0,0,proxy_draft_year_age,,1,,0,0,proxy_age_at_draft,22.0,0,proxy_age_at_draft,76.0,0,nfl_combine,215.0,0,nfl_combine,,1,,,1,,,1,,,1,,,1,,,1,,,1,,,1,,,1,,199,0,nfl_data_py,6,0,nfl_data_py,,1,,,1,,,1,,,1,,,1,,,1,,,1,,,1,,,1,,,1,,,1,,,1,,,1,,,1,,,1,,,1,,,1,,,1,,,1,,,1,,,1,,,1,,0,0,,,,,,,0.669,0,cfbd,6.7,0,cfbd,2.307692,0,cfbd,0.056878,0,cfbd,,,,,,
00-0034414,Boston Scott,RB,2018,201,6,NOR,Louisiana Tech,23.0,8,98.9,16,95.60000000000001,9,98.6,33,293.1,8.882,0,1,0,8.8818,6.9631,1.9187,1,head_b_v3,v3,23.0,0,nfl_data_py,0,0,proxy_draft_year_age,,1,,0,0,proxy_age_at_draft,22.0,0,proxy_age_at_draft,,1,,,1,,,1,,,1,,,1,,,1,,,1,,,1,,,1,,,1,,,1,,201,0,nfl_data_py,6,0,nfl_data_py,23.0,0,nfl_data_py,,1,,,1,,0.4137539534506528,0,cfbd,,1,,,1,,,1,,,1,,,1,,,1,,0.2249,0,cfbd,,1,,,1,,,1,,,1,,,1,,,1,,,1,,,1,,,1,,-5.5,0,cfbd_sp_plus,,1,,0,0,,,,,,,,,,,,,,,,,,,5.7485,0,cfbd,9.5938,0,cfbd
00-0034416,Tanner Lee,QB,2018,203,6,JAX,Nebraska,23.0,0,0.0,0,0.0,0,0.0,0,0.0,0.0,1,1,1,,,,0,head_b_v3,v3,23.0,0,nfl_data_py,0,0,proxy_draft_year_age,,1,,0,0,proxy_age_at_draft,22.0,0,proxy_age_at_draft,76.0,0,nfl_combine,218.0,0,nfl_combine,,1,,,1,,,1,,,1,,,1,,,1,,,1,,,1,,,1,,203,0,nfl_data_py,6,0,nfl_data_py,,1,,,1,,,1,,,1,,,1,,,1,,,1,,,1,,,1,,,1,,,1,,,1,,,1,,,1,,,1,,,1,,,1,,,1,,,1,,,1,,,1,,,1,,0,0,,,,,,,0.575,0,cfbd,7.3,0,cfbd,1.4375,0,cfbd,0.049689,0,cfbd,,,,,,
00-0034164,Trenton Cannon,RB,2018,204,6,NYJ,Virginia St.,24.0,0,0.0,5,7.9,2,0.4,7,8.3,1.186,1,1,1,,6.9631,,0,head_b_v3,v3,24.0,0,nfl_data_py,0,0,proxy_draft_year_age,,1,,0,0,proxy_age_at_draft,23.0,0,proxy_age_at_draft,,1,,,1,,,1,,,1,,,1,,,1,,,1,,,1,,,1,,,1,,,1,,204,0,nfl_data_py,6,0,nfl_data_py,24.0,0,nfl_data_py,,1,,,1,,,1,,,1,,,1,,,1,,,1,,,1,,,1,,,1,,,1,,,1,,,1,,,1,,,1,,,1,,,1,,,1,,,1,,,1,,,1,,0,0,,,,,,,,,,,,,,,,,,,,1,,,1,
00-0034279,Equanimeous St. Brown,WR,2018,207,6,GNB,Notre Dame,21.0,0,0.0,8,25.400000000000002,9,20.200000000000003,17,45.6,2.682,0,1,0,2.6824,5.0759,-2.3935,1,head_b_v3,v3,21.0,0,nfl_data_py,0,0,proxy_draft_year_age,,1,,1,0,proxy_age_at_draft,20.0,0,proxy_age_at_draft,77.0,0,nfl_combine,214.0,0,nfl_combine,,1,,,1,,,1,,,1,,,1,,,1,,,1,,,1,,,1,,207,0,nfl_data_py,6,0,nfl_data_py,,1,,,1,,0.21065749892565536,0,cfbd,,1,,,1,,0.2217,0,cfbd,,1,,0.222,0,cfbd,19.0,0,cfbd_proxy,,1,,,1,,,1,,,1,,,1,,,1,,,1,,15.97,0,cfbd,,1,,,1,,,1,,,1,,1,0,proxy_age_at_draft,0,0,,1,,1.3333,0,cfbd,,,,,,,,,,,,,,,,,,
00-0034418,Cedrick Wilson Jr.,WR,2018,208,6,DAL,Boise St.,22.0,3,9.600000000000001,10,51.620000000000005,14,147.82,27,209.04,7.742,0,1,0,7.7422,5.0759,2.6663,1,head_b_v3,v3,22.0,0,nfl_data_py,0,0,proxy_draft_year_age,,1,,0,0,proxy_age_at_draft,21.0,0,proxy_age_at_draft,74.0,0,nfl_combine,197.0,0,nfl_combine,37.0,0,nfl_combine,1,0,nfl_combine_szekely2023_proxy,,1,,,1,,,1,,,1,,,1,,,1,,,1,,208,0,nfl_data_py,6,0,nfl_data_py,,1,,,1,,,1,,,1,,,1,,,1,,,1,,,1,,,1,,,1,,,1,,,1,,,1,,,1,,,1,,,1,,,1,,,1,,,1,,,1,,,1,,0,0,proxy_age_at_draft,0,0,,1,,,1,,,,,,,,,,,,,,,,,,,
00-0034419,Braxton Berrios,WR,2018,210,6,NWE,Miami (FL),22.0,6,17.5,13,97.3,15,121.1,34,235.9,6.938,0,1,0,6.9382,5.0759,1.8623,1,head_b_v3,v3,22.0,0,nfl_data_py,0,0,proxy_draft_year_age,,1,,0,0,proxy_age_at_draft,21.0,0,proxy_age_at_draft,69.0,0,nfl_combine,184.0,0,nfl_combine,,1,,,1,,,1,,,1,,,1,,,1,,,1,,,1,,,1,,210,0,nfl_data_py,6,0,nfl_data_py,,1,,,1,,0.27962908592679586,0,cfbd,,1,,,1,,0.2125,0,cfbd,,1,,0.2863,0,cfbd,21.0,0,cfbd_proxy,,1,,,1,,,1,,,1,,,1,,,1,,,1,,11.51,0,cfbd,,1,,,1,,,1,,,1,,0,0,proxy_age_at_draft,0,0,,1,,1.4706,0,cfbd,,,,,,,,,,,,,,,,,,
00-0034420,Jordan Thomas,TE,2018,211,6,HOU,Mississippi St.,22.0,1,1.8,2,7.3,0,0.0,3,9.1,3.033,1,1,1,,4.601,,0,head_b_v3,v3,22.0,0,nfl_data_py,0,0,proxy_draft_year_age,,1,,0,0,proxy_age_at_draft,21.0,0,proxy_age_at_draft,77.0,0,nfl_combine,265.0,0,nfl_combine,,1,,,1,,,1,,,1,,,1,,,1,,265.0,0,nfl_combine,31.42,0,nfl_combine_derived,106.37,0,combine_pp_hass_approx,211,0,nfl_data_py,6,0,nfl_data_py,,1,,22.0,0,nfl_data_py,,1,,,1,,0.14883437245866088,0,cfbd,,1,,,1,,,1,,,1,,,1,,,1,,,1,,0.6431,0,cfbd,,1,,,1,,,1,,,1,,9.48,0,cfbd,,1,,,1,,,1,,,1,,0,0,,,,,,,,,,,,,,,,,,,,,,,,
00-0034423,Danny Etling,QB,2018,219,7,NWE,LSU,24.0,0,0.0,0,0.0,0,0.0,0,0.0,0.0,1,1,1,,,,0,head_b_v3,v3,24.0,0,nfl_data_py,0,0,proxy_draft_year_age,,1,,0,0,proxy_age_at_draft,23.0,0,proxy_age_at_draft,74.0,0,nfl_combine,222.0,0,nfl_combine,,1,,,1,,,1,,,1,,,1,,,1,,,1,,,1,,,1,,219,0,nfl_data_py,7,0,nfl_data_py,,1,,,1,,,1,,,1,,,1,,,1,,,1,,,1,,,1,,,1,,,1,,,1,,,1,,,1,,,1,,,1,,,1,,,1,,,1,,,1,,,1,,,1,,0,0,,,,,,,0.6,0,cfbd,9.0,0,cfbd,8.0,0,cfbd,0.090909,0,cfbd,,,,,,
00-0034732,Alex McGough,QB,2018,220,7,SEA,Florida International,22.0,0,0.0,0,0.0,0,0.0,0,0.0,0.0,1,1,1,,,,0,head_b_v3,v3,22.0,0,nfl_data_py,0,0,proxy_draft_year_age,,1,,0,0,proxy_age_at_draft,21.0,0,proxy_age_at_draft,,1,,,1,,,1,,,1,,,1,,,1,,,1,,,1,,,1,,,1,,,1,,220,0,nfl_data_py,7,0,nfl_data_py,,1,,,1,,,1,,,1,,,1,,,1,,,1,,,1,,,1,,,1,,,1,,,1,,,1,,,1,,,1,,,1,,,1,,,1,,,1,,,1,,,1,,,1,,0,0,,,,,,,0.654,0,cfbd,7.9,0,cfbd,2.125,0,cfbd,0.066038,0,cfbd,,,,,,
00-0034426,Javon Wims,WR,2018,224,7,CHI,Georgia,23.0,11,42.6,9,17.0,0,0.0,20,59.6,2.98,0,1,0,2.98,4.8253,-1.8453,1,head_b_v3,v3,23.0,0,nfl_data_py,0,0,proxy_draft_year_age,,1,,0,0,proxy_age_at_draft,22.0,0,proxy_age_at_draft,75.0,0,nfl_combine,215.0,0,nfl_combine,33.5,0,nfl_combine,1,0,nfl_combine_szekely2023_proxy,,1,,,1,,,1,,,1,,,1,,,1,,,1,,224,0,nfl_data_py,7,0,nfl_data_py,,1,,,1,,0.28228263600954895,0,cfbd,,1,,,1,,0.2872,0,cfbd,,1,,0.2865,0,cfbd,22.0,0,cfbd_proxy,,1,,,1,,,1,,,1,,,1,,,1,,,1,,15.36,0,cfbd,,1,,,1,,,1,,,1,,0,0,proxy_age_at_draft,0,0,,1,,2.082,0,cfbd,,,,,,,,,,,,,,,,,,
00-0034427,David Williams,RB,2018,226,7,DEN,Arkansas,24.0,0,0.0,0,0.0,0,0.0,0,0.0,0.0,1,1,1,,6.9631,,0,head_b_v3,v3,24.0,0,nfl_data_py,0,0,proxy_draft_year_age,,1,,0,0,proxy_age_at_draft,23.0,0,proxy_age_at_draft,,1,,,1,,,1,,,1,,,1,,,1,,,1,,,1,,,1,,,1,,,1,,226,0,nfl_data_py,7,0,nfl_data_py,24.0,0,nfl_data_py,,1,,,1,,0.32936507936507936,0,cfbd,,1,,,1,,,1,,,1,,,1,,,1,,0.1837,0,cfbd,,1,,,1,,,1,,,1,,,1,,,1,,,1,,,1,,,1,,2.1,0,cfbd_sp_plus,,1,,0,0,,,,,,,,,,,,,,,,,,,5.6068,0,cfbd,17.1,0,cfbd
00-0034747,Marcell Ateman,WR,2018,228,7,OAK,Oklahoma St.,23.0,4,14.600000000000001,0,0.0,0,0.0,4,14.6,3.65,1,1,1,,4.8253,,0,head_b_v3,v3,23.0,0,nfl_data_py,0,0,proxy_draft_year_age,,1,,0,0,proxy_age_at_draft,22.0,0,proxy_age_at_draft,76.0,0,nfl_combine,216.0,0,nfl_combine,34.0,0,nfl_combine,1,0,nfl_combine_szekely2023_proxy,,1,,,1,,,1,,,1,,,1,,,1,,,1,,228,0,nfl_data_py,7,0,nfl_data_py,,1,,,1,,0.22235993653269795,0,cfbd,,1,,,1,,0.2228,0,cfbd,,1,,0.2257,0,cfbd,22.0,0,cfbd_proxy,,1,,,1,,,1,,,1,,,1,,,1,,,1,,17.07,0,cfbd,,1,,,1,,,1,,,1,,0,0,proxy_age_at_draft,0,0,,1,,2.0855,0,cfbd,,,,,,,,,,,,,,,,,,
00-0034432,Bo Scarbrough,RB,2018,236,7,DAL,Alabama,23.0,6,43.2,1,3.1,0,0.0,7,46.3,6.614,1,1,1,,6.9631,,0,head_b_v3,v3,23.0,0,nfl_data_py,0,0,proxy_draft_year_age,,1,,0,0,proxy_age_at_draft,22.0,0,proxy_age_at_draft,73.0,0,nfl_combine,228.0,0,nfl_combine,,1,,,1,,109.25,0,combine_barnwell2008,228.0,0,nfl_combine,,1,,1,0,combine_szekely2023_proxy,,1,,,1,,,1,,236,0,nfl_data_py,7,0,nfl_data_py,23.0,0,nfl_data_py,,1,,,1,,0.19603559101991702,0,cfbd,,1,,,1,,,1,,,1,,,1,,,1,,0.114,0,cfbd,,1,,,1,,,1,,,1,,,1,,,1,,,1,,,1,,,1,,33.5,0,cfbd_sp_plus,,1,,0,0,,,,,,,,,,,,,,,,,,,5.0833,0,cfbd,6.6875,0,cfbd
00-0034433,Nick Bawden,RB,2018,237,7,DET,San Diego St.,22.0,5,5.7,0,0.0,1,3.0,6,8.7,1.45,1,1,1,,6.9631,,0,head_b_v3,v3,22.0,0,nfl_data_py,0,0,proxy_draft_year_age,,1,,0,0,proxy_age_at_draft,21.0,0,proxy_age_at_draft,74.0,0,nfl_combine,245.0,0,nfl_combine,,1,,,1,,,1,,245.0,0,nfl_combine,,1,,,1,,,1,,,1,,,1,,237,0,nfl_data_py,7,0,nfl_data_py,22.0,0,nfl_data_py,,1,,,1,,0.0,0,cfbd,,1,,,1,,,1,,,1,,,1,,,1,,,1,,,1,,,1,,,1,,,1,,,1,,,1,,,1,,,1,,,1,,4.5,0,cfbd_sp_plus,,1,,0,0,,,,,,,,,,,,,,,,,,,,1,,7.7857,0,cfbd
00-0034286,Richie James,WR,2018,240,7,SFO,Middle Tenn. St.,23.0,7,28.400000000000002,7,68.4,0,0.0,14,96.8,6.914,1,1,0,6.9143,4.8253,2.089,1,head_b_v3,v3,23.0,0,nfl_data_py,0,0,proxy_draft_year_age,,1,,0,0,proxy_age_at_draft,22.0,0,proxy_age_at_draft,70.0,0,nfl_combine,183.0,0,nfl_combine,35.5,0,nfl_combine,1,0,nfl_combine_szekely2023_proxy,,1,,,1,,,1,,,1,,,1,,,1,,,1,,240,0,nfl_data_py,7,0,nfl_data_py,,1,,,1,,0.10964141091219096,0,cfbd,,1,,,1,,0.0956,0,cfbd,,1,,0.1193,0,cfbd,20.0,0,cfbd_proxy,,1,,,1,,,1,,,1,,,1,,,1,,,1,,13.04,0,cfbd,,1,,,1,,,1,,,1,,0,0,proxy_age_at_draft,0,0,,1,,0.6131,0,cfbd,,,,,,,,,,,,,,,,,,
00-0034438,Logan Woodside,QB,2018,249,7,CIN,Toledo,23.0,0,0.0,5,1.28,4,-0.6000000000000001,9,0.68,0.076,1,1,0,0.0756,,,0,head_b_v3,v3,23.0,0,nfl_data_py,0,0,proxy_draft_year_age,,1,,0,0,proxy_age_at_draft,22.0,0,proxy_age_at_draft,73.0,0,nfl_combine,213.0,0,nfl_combine,,1,,,1,,,1,,,1,,,1,,,1,,,1,,,1,,,1,,249,0,nfl_data_py,7,0,nfl_data_py,,1,,,1,,,1,,,1,,,1,,,1,,,1,,,1,,,1,,,1,,,1,,,1,,,1,,,1,,,1,,,1,,,1,,,1,,,1,,,1,,,1,,,1,,0,0,,,,,,,0.642,0,cfbd,9.4,0,cfbd,3.5,0,cfbd,0.049438,0,cfbd,,,,,,
00-0034439,Ryan Izzo,TE,2018,250,7,NWE,Florida St.,22.0,4,23.4,10,30.900000000000002,0,0.0,14,54.3,3.879,1,1,0,3.8786,4.601,-0.7224,1,head_b_v3,v3,22.0,0,nfl_data_py,0,0,proxy_draft_year_age,,1,,0,0,proxy_age_at_draft,21.0,0,proxy_age_at_draft,77.0,0,nfl_combine,256.0,0,nfl_combine,,1,,,1,,,1,,,1,,,1,,,1,,256.0,0,nfl_combine,30.35,0,nfl_combine_derived,87.1,0,combine_pp_hass_approx,250,0,nfl_data_py,7,0,nfl_data_py,,1,,22.0,0,nfl_data_py,,1,,,1,,0.1335610684885479,0,cfbd,,1,,,1,,,1,,,1,,,1,,,1,,,1,,0.7478,0,cfbd,,1,,,1,,,1,,,1,,14.23,0,cfbd,,1,,,1,,,1,,,1,,0,0,,,,,,,,,,,,,,,,,,,,,,,,
00-0034440,Justin Jackson,RB,2018,251,7,LAC,Northwestern,22.0,7,31.200000000000003,8,65.3,13,86.20000000000002,28,182.7,6.525,0,1,0,6.525,6.525,0.0,1,head_b_v3,v3,22.0,0,nfl_data_py,0,0,proxy_draft_year_age,,1,,0,0,proxy_age_at_draft,21.0,0,proxy_age_at_draft,72.0,0,nfl_combine,199.0,0,nfl_combine,,1,,,1,,95.35,0,combine_barnwell2008,199.0,0,nfl_combine,6.81,0,nfl_combine,1,0,combine_szekely2023_proxy,,1,,,1,,,1,,251,0,nfl_data_py,7,0,nfl_data_py,22.0,0,nfl_data_py,,1,,,1,,0.47286513545347464,0,cfbd,,1,,,1,,,1,,,1,,,1,,,1,,0.2915,0,cfbd,,1,,,1,,,1,,,1,,,1,,,1,,,1,,,1,,,1,,11.2,0,cfbd_sp_plus,,1,,0,0,,,,,,,,,,,,,,,,,,,4.5255,0,cfbd,7.0427,0,cfbd
00-0034686,Auden Tate,WR,2018,253,7,CIN,Florida St.,21.0,12,101.5,8,29.0,4,12.9,24,143.4,5.975,0,1,0,5.975,4.8253,1.1497,1,head_b_v3,v3,21.0,0,nfl_data_py,0,0,proxy_draft_year_age,,1,,1,0,proxy_age_at_draft,20.0,0,proxy_age_at_draft,77.0,0,nfl_combine,228.0,0,nfl_combine,31.0,0,nfl_combine,1,0,nfl_combine_szekely2023_proxy,,1,,,1,,,1,,,1,,,1,,,1,,,1,,253,0,nfl_data_py,7,0,nfl_data_py,,1,,,1,,0.34550409736611226,0,cfbd,,1,,,1,,0.2006,0,cfbd,,1,,0.3062,0,cfbd,19.0,0,cfbd_proxy,,1,,,1,,,1,,,1,,,1,,,1,,,1,,14.55,0,cfbd,,1,,,1,,,1,,,1,,1,0,proxy_age_at_draft,0,0,,1,,1.3449,0,cfbd,,,,,,,,,,,,,,,,,,
00-0034442,Austin Proehl,WR,2018,255,7,BUF,North Carolina,22.0,0,0.0,0,0.0,0,0.0,0,0.0,0.0,1,1,1,,4.4862,,0,head_b_v3,v3,22.0,0,nfl_data_py,0,0,proxy_draft_year_age,,1,,0,0,proxy_age_at_draft,21.0,0,proxy_age_at_draft,,1,,,1,,,1,,,1,,,1,,,1,,,1,,,1,,,1,,,1,,,1,,255,0,nfl_data_py,7,0,nfl_data_py,,1,,,1,,0.0872920517560074,0,cfbd,,1,,,1,,0.1246,0,cfbd,,1,,0.0873,0,cfbd,,1,,,1,,,1,,,1,,,1,,,1,,,1,,,1,,14.06,0,cfbd,,1,,,1,,,1,,,1,,0,0,proxy_age_at_draft,0,0,,1,,0.828,0,cfbd,,,,,,,,,,,,,,,,,,
00-0034339,Trey Quinn,WR,2018,256,7,WAS,SMU,22.0,12,51.8,0,0.0,0,0.0,12,51.8,4.317,1,1,0,4.3167,4.3167,0.0,1,head_b_v3,v3,22.0,0,nfl_data_py,0,0,proxy_draft_year_age,,1,,0,0,proxy_age_at_draft,21.0,0,proxy_age_at_draft,71.0,0,nfl_combine,203.0,0,nfl_combine,33.5,0,nfl_combine,1,0,nfl_combine_szekely2023_proxy,,1,,,1,,,1,,,1,,,1,,,1,,,1,,256,0,nfl_data_py,7,0,nfl_data_py,,1,,,1,,0.34736743768917455,0,cfbd,,1,,,1,,0.3222,0,cfbd,,1,,0.3376,0,cfbd,21.0,0,cfbd_proxy,,1,,,1,,,1,,,1,,,1,,,1,,,1,,11.24,0,cfbd,,1,,,1,,,1,,,1,,0,0,proxy_age_at_draft,0,0,,1,,2.4456,0,cfbd,,,,,,,,,,,,,,,,,,
00-0035228,Kyler Murray,QB,2019,1,1,ARI,Oklahoma,22.0,16,378.74,14,299.78000000000003,11,200.52,41,879.04,21.44,0,1,0,21.44,,,0,head_b_v3,v3,22.0,0,nfl_data_py,0,0,proxy_draft_year_age,,1,,0,0,proxy_age_at_draft,21.0,0,proxy_age_at_draft,70.0,0,nfl_combine,207.0,0,nfl_combine,,1,,,1,,,1,,,1,,,1,,,1,,,1,,,1,,,1,,1,0,nfl_data_py,1,0,nfl_data_py,,1,,,1,,,1,,,1,,,1,,,1,,,1,,,1,,,1,,,1,,,1,,,1,,,1,,,1,,,1,,,1,,,1,,,1,,,1,,,1,,,1,,,1,,0,0,,,,,,,0.689,0,cfbd,11.6,0,cfbd,6.0,0,cfbd,0.043062,0,cfbd,,,,,,
00-0035710,Daniel Jones,QB,2019,6,1,NYG,Duke,22.0,14,180.02,11,167.52,16,289.0,41,636.54,15.525,0,1,0,15.5254,,,0,head_b_v3,v3,22.0,0,nfl_data_py,0,0,proxy_draft_year_age,,1,,0,0,proxy_age_at_draft,21.0,0,proxy_age_at_draft,77.0,0,nfl_combine,221.0,0,nfl_combine,,1,,,1,,,1,,,1,,,1,,,1,,,1,,,1,,,1,,6,0,nfl_data_py,1,0,nfl_data_py,,1,,,1,,,1,,,1,,,1,,,1,,,1,,,1,,,1,,,1,,,1,,,1,,,1,,,1,,,1,,,1,,,1,,,1,,,1,,,1,,,1,,,1,,0,0,,,,,,,0.605,0,cfbd,6.8,0,cfbd,2.444444,0,cfbd,0.059289,0,cfbd,,,,,,
00-0035229,T.J. Hockenson,TE,2019,8,1,DET,Iowa,22.0,16,175.3,12,145.3,17,215.4,45,536.0,11.911,0,1,0,11.9111,10.732,1.1791,1,head_b_v3,v3,22.0,0,nfl_data_py,0,0,proxy_draft_year_age,,1,,0,0,proxy_age_at_draft,21.0,0,proxy_age_at_draft,77.0,0,nfl_combine,251.0,0,nfl_combine,,1,,,1,,,1,,,1,,,1,,,1,,251.0,0,nfl_combine,29.76,0,nfl_combine_derived,104.23,0,combine_pp_hass_approx,8,0,nfl_data_py,1,0,nfl_data_py,,1,,22.0,0,nfl_data_py,,1,,,1,,0.23957976475962087,0,cfbd,,1,,,1,,,1,,,1,,,1,,,1,,,1,,1.7371,0,cfbd,,1,,,1,,,1,,,1,,14.75,0,cfbd,,1,,,1,,,1,,,1,,0,0,,,,,,,,,,,,,,,,,,,,,,,,
00-0035232,Dwayne Haskins,QB,2019,15,1,WAS,Ohio St.,22.0,7,68.16,0,0.0,0,0.0,7,68.16,9.737,1,1,1,,,,0,head_b_v3,v3,22.0,0,nfl_data_py,0,0,proxy_draft_year_age,,1,,0,0,proxy_age_at_draft,21.0,0,proxy_age_at_draft,75.0,0,nfl_combine,231.0,0,nfl_combine,,1,,,1,,,1,,,1,,,1,,,1,,,1,,,1,,,1,,15,0,nfl_data_py,1,0,nfl_data_py,,1,,,1,,,1,,,1,,,1,,,1,,,1,,,1,,,1,,,1,,,1,,,1,,,1,,,1,,,1,,,1,,,1,,,1,,,1,,,1,,,1,,,1,,0,0,,,,,,,0.699,0,cfbd,8.9,0,cfbd,6.125,0,cfbd,0.037866,0,cfbd,,,,,,
00-0035644,Noah Fant,TE,2019,20,1,DEN,Iowa,21.0,14,149.3,16,159.0,17,122.6,47,430.9,9.168,0,1,0,9.1681,10.2902,-1.1221,1,head_b_v3,v3,21.0,0,nfl_data_py,0,0,proxy_draft_year_age,,1,,1,0,proxy_age_at_draft,20.0,0,proxy_age_at_draft,76.0,0,nfl_combine,249.0,0,nfl_combine,,1,,,1,,,1,,,1,,,1,,,1,,249.0,0,nfl_combine,30.31,0,nfl_combine_derived,121.44,0,combine_pp_hass_approx,20,0,nfl_data_py,1,0,nfl_data_py,,1,,21.0,0,nfl_data_py,,1,,,1,,0.21835864641620037,0,cfbd,,1,,,1,,,1,,,1,,,1,,,1,,,1,,1.2727,0,cfbd,,1,,,1,,,1,,,1,,14.13,0,cfbd,,1,,,1,,,1,,,1,,0,0,,,,,,,,,,,,,,,,,,,,,,,,
00-0035700,Josh Jacobs,RB,2019,24,1,OAK,Alabama,21.0,15,231.3,15,226.0,17,328.3,47,785.6,16.715,0,1,0,16.7149,14.4708,2.2441,1,head_b_v3,v3,21.0,0,nfl_data_py,0,0,proxy_draft_year_age,,1,,1,0,proxy_age_at_draft,20.0,0,proxy_age_at_draft,70.0,0,nfl_combine,220.0,0,nfl_combine,,1,,,1,,,1,,220.0,0,nfl_combine,,1,,,1,,,1,,,1,,,1,,24,0,nfl_data_py,1,0,nfl_data_py,21.0,0,nfl_data_py,,1,,,1,,0.2742658596727191,0,cfbd,,1,,,1,,,1,,,1,,,1,,,1,,0.0968,0,cfbd,,1,,,1,,,1,,,1,,,1,,,1,,,1,,,1,,,1,,36.3,0,cfbd_sp_plus,,1,,0,0,,,,,,,,,,,,,,,,,,,5.266,0,cfbd,12.625,0,cfbd
00-0035662,Marquise Brown,WR,2019,25,1,BAL,Oklahoma,22.0,16,183.0,16,226.3,12,156.0,44,565.3,12.848,0,1,0,12.8477,10.3868,2.4609,1,head_b_v3,v3,22.0,0,nfl_data_py,0,0,proxy_draft_year_age,,1,,0,0,proxy_age_at_draft,21.0,0,proxy_age_at_draft,69.0,0,nfl_combine,166.0,0,nfl_combine,,1,,,1,,,1,,,1,,,1,,,1,,,1,,,1,,,1,,25,0,nfl_data_py,1,0,nfl_data_py,,1,,,1,,0.2619788265660269,0,cfbd,,1,,,1,,0.3127,0,cfbd,,1,,0.2783,0,cfbd,21.0,0,cfbd_proxy,,1,,,1,,,1,,,1,,,1,,,1,,,1,,18.54,0,cfbd,,1,,,1,,,1,,,1,,0,0,proxy_age_at_draft,0,0,,1,,3.295,0,cfbd,,,,,,,,,,,,,,,,,,
00-0035624,N'Keal Harry,WR,2019,32,1,NWE,Arizona St.,21.0,13,75.9,9,30.4,6,24.6,28,130.9,4.675,0,1,0,4.675,10.2078,-5.5328,1,head_b_v3,v3,21.0,0,nfl_data_py,0,0,proxy_draft_year_age,,1,,1,0,proxy_age_at_draft,20.0,0,proxy_age_at_draft,74.0,0,nfl_combine,228.0,0,nfl_combine,38.5,0,nfl_combine,1,0,nfl_combine_szekely2023_proxy,,1,,,1,,,1,,,1,,,1,,,1,,,1,,32,0,nfl_data_py,1,0,nfl_data_py,,1,,,1,,0.4049536883890176,0,cfbd,,1,,,1,,0.3754,0,cfbd,,1,,0.4246,0,cfbd,18.0,0,cfbd_proxy,,1,,,1,,,1,,,1,,,1,,,1,,,1,,13.47,0,cfbd,,1,,,1,,,1,,,1,,1,0,proxy_age_at_draft,0,0,,1,,2.7544,0,cfbd,,,,,,,,,,,,,,,,,,
00-0035719,Deebo Samuel,WR,2019,36,2,SFO,South Carolina,23.0,7,80.7,16,338.96000000000004,13,168.4,36,588.06,16.335,0,1,0,16.335,10.2078,6.1272,1,head_b_v3,v3,23.0,0,nfl_data_py,0,0,proxy_draft_year_age,,1,,0,0,proxy_age_at_draft,22.0,0,proxy_age_at_draft,71.0,0,nfl_combine,214.0,0,nfl_combine,39.0,0,nfl_combine,1,0,nfl_combine_szekely2023_proxy,,1,,,1,,,1,,,1,,,1,,,1,,,1,,36,0,nfl_data_py,2,0,nfl_data_py,,1,,,1,,0.29620542007330136,0,cfbd,,1,,,1,,0.2645,0,cfbd,,1,,0.3041,0,cfbd,22.0,0,cfbd_proxy,,1,,,1,,,1,,,1,,,1,,,1,,,1,,14.07,0,cfbd,,1,,,1,,,1,,,1,,0,0,proxy_age_at_draft,0,0,,1,,1.991,0,cfbd,,,,,,,,,,,,,,,,,,
00-0035704,Drew Lock,QB,2019,42,2,DEN,Missouri,22.0,13,181.32,6,51.88,0,0.0,19,233.2,12.274,0,1,0,12.2737,,,0,head_b_v3,v3,22.0,0,nfl_data_py,0,0,proxy_draft_year_age,,1,,0,0,proxy_age_at_draft,21.0,0,proxy_age_at_draft,76.0,0,nfl_combine,228.0,0,nfl_combine,,1,,,1,,,1,,,1,,,1,,,1,,,1,,,1,,,1,,42,0,nfl_data_py,2,0,nfl_data_py,,1,,,1,,,1,,,1,,,1,,,1,,,1,,,1,,,1,,,1,,,1,,,1,,,1,,,1,,,1,,,1,,,1,,,1,,,1,,,1,,,1,,,1,,0,0,,,,,,,0.629,0,cfbd,8.0,0,cfbd,3.5,0,cfbd,0.028017,0,cfbd,,,,,,
00-0034970,Irv Smith Jr.,TE,2019,50,2,MIN,Alabama,21.0,12,98.5,0,0.0,8,55.2,20,153.7,7.685,0,1,0,7.685,9.329,-1.644,1,head_b_v3,v3,21.0,0,nfl_data_py,0,0,proxy_draft_year_age,,1,,1,0,proxy_age_at_draft,20.0,0,proxy_age_at_draft,74.0,0,nfl_combine,242.0,0,nfl_combine,,1,,,1,,,1,,,1,,,1,,,1,,242.0,0,nfl_combine,31.07,0,nfl_combine_derived,102.55,0,combine_pp_hass_approx,50,0,nfl_data_py,2,0,nfl_data_py,,1,,21.0,0,nfl_data_py,,1,,,1,,0.1404432506101233,0,cfbd,,1,,,1,,,1,,,1,,,1,,,1,,,1,,1.4795,0,cfbd,,1,,,1,,,1,,,1,,15.1,0,cfbd,,1,,,1,,,1,,,1,,0,0,,,,,,,,,,,,,,,,,,,,,,,,
00-0035676,A.J. Brown,WR,2019,51,2,TEN,Mississippi,22.0,14,247.5,13,180.9,17,299.6,44,728.0,16.545,0,1,0,16.5455,9.8012,6.7443,1,head_b_v3,v3,22.0,0,nfl_data_py,0,0,proxy_draft_year_age,,1,,0,0,proxy_age_at_draft,21.0,0,proxy_age_at_draft,72.0,0,nfl_combine,226.0,0,nfl_combine,36.5,0,nfl_combine,1,0,nfl_combine_szekely2023_proxy,,1,,,1,,,1,,,1,,,1,,,1,,,1,,51,0,nfl_data_py,2,0,nfl_data_py,,1,,,1,,0.30583525207051787,0,cfbd,,1,,,1,,,1,,,1,,,1,,,1,,,1,,,1,,,1,,,1,,,1,,,1,,,1,,,1,,,1,,,1,,,1,,,1,,0,0,proxy_age_at_draft,0,0,,1,,,1,,,,,,,,,,,,,,,,,,,
00-0035631,Drew Sample,TE,2019,52,2,CIN,Washington,23.0,16,78.9,8,19.1,2,1.7999999999999998,26,99.8,3.838,0,1,0,3.8385,8.8173,-4.9788,1,head_b_v3,v3,23.0,0,nfl_data_py,0,0,proxy_draft_year_age,,1,,0,0,proxy_age_at_draft,22.0,0,proxy_age_at_draft,77.0,0,nfl_combine,255.0,0,nfl_combine,,1,,,1,,,1,,,1,,,1,,,1,,255.0,0,nfl_combine,30.24,0,nfl_combine_derived,104.99,0,combine_pp_hass_approx,52,0,nfl_data_py,2,0,nfl_data_py,,1,,23.0,0,nfl_data_py,,1,,,1,,0.11565698783969212,0,cfbd,,1,,,1,,,1,,,1,,,1,,,1,,,1,,0.6025,0,cfbd,,1,,,1,,,1,,,1,,11.34,0,cfbd,,1,,,1,,,1,,,1,,0,0,,,,,,,,,,,,,,,,,,,,,,,,
00-0035243,Miles Sanders,RB,2019,53,2,PHI,Penn St.,22.0,12,170.4,12,117.20000000000002,17,216.70000000000002,41,504.3,12.3,0,1,0,12.3,11.6922,0.6078,1,head_b_v3,v3,22.0,0,nfl_data_py,0,0,proxy_draft_year_age,,1,,0,0,proxy_age_at_draft,21.0,0,proxy_age_at_draft,71.0,0,nfl_combine,211.0,0,nfl_combine,,1,,,1,,103.83,0,combine_barnwell2008,211.0,0,nfl_combine,6.89,0,nfl_combine,1,0,combine_szekely2023_proxy,,1,,,1,,,1,,53,0,nfl_data_py,2,0,nfl_data_py,22.0,0,nfl_data_py,,1,,,1,,0.37126271561256086,0,cfbd,,1,,,1,,,1,,,1,,,1,,,1,,0.2586,0,cfbd,,1,,,1,,,1,,,1,,,1,,,1,,,1,,,1,,,1,,19.0,0,cfbd_sp_plus,,1,,0,0,,,,,,,,,,,,,,,,,,,5.9223,0,cfbd,6.2759,0,cfbd
00-0035140,Mecole Hardman,WR,2019,56,2,KAN,Georgia,21.0,16,130.1,17,140.9,8,93.8,41,364.8,8.898,0,1,0,8.8976,8.5194,0.3782,1,head_b_v3,v3,21.0,0,nfl_data_py,0,0,proxy_draft_year_age,,1,,1,0,proxy_age_at_draft,20.0,0,proxy_age_at_draft,70.0,0,nfl_combine,187.0,0,nfl_combine,36.5,0,nfl_combine,1,0,nfl_combine_szekely2023_proxy,,1,,,1,,,1,,,1,,,1,,,1,,,1,,56,0,nfl_data_py,2,0,nfl_data_py,,1,,,1,,0.1869854102778552,0,cfbd,,1,,,1,,0.1791,0,cfbd,,1,,0.1863,0,cfbd,,1,,,1,,,1,,,1,,,1,,,1,,,1,,,1,,15.49,0,cfbd,,1,,,1,,,1,,,1,,1,0,proxy_age_at_draft,0,0,,1,,1.486,0,cfbd,,,,,,,,,,,,,,,,,,
00-0035246,JJ Arcega-Whiteside,WR,2019,57,2,PHI,Stanford,22.0,5,14.5,3,5.6,0,0.0,8,20.1,2.512,1,1,0,2.5125,8.5194,-6.0069,1,head_b_v3,v3,22.0,0,nfl_data_py,0,0,proxy_draft_year_age,,1,,0,0,proxy_age_at_draft,21.0,0,proxy_age_at_draft,74.0,0,nfl_combine,225.0,0,nfl_combine,,1,,,1,,,1,,,1,,,1,,,1,,,1,,,1,,,1,,57,0,nfl_data_py,2,0,nfl_data_py,,1,,,1,,0.3886463734997412,0,cfbd,,1,,,1,,0.2757,0,cfbd,,1,,0.3792,0,cfbd,19.0,0,cfbd_proxy,,1,,,1,,,1,,,1,,,1,,,1,,,1,,16.43,0,cfbd,,1,,,1,,,1,,,1,,0,0,proxy_age_at_draft,0,0,,1,,2.2459,0,cfbd,,,,,,,,,,,,,,,,,,
00-0035639,Parris Campbell,WR,2019,59,2,IND,Ohio St.,22.0,2,14.7,6,32.2,17,149.1,25,196.0,7.84,0,1,0,7.84,8.5194,-0.6794,1,head_b_v3,v3,22.0,0,nfl_data_py,0,0,proxy_draft_year_age,,1,,0,0,proxy_age_at_draft,21.0,0,proxy_age_at_draft,72.0,0,nfl_combine,205.0,0,nfl_combine,40.0,0,nfl_combine,1,0,nfl_combine_szekely2023_proxy,,1,,,1,,,1,,,1,,,1,,,1,,,1,,59,0,nfl_data_py,2,0,nfl_data_py,,1,,,1,,0.20790836653386455,0,cfbd,,1,,,1,,0.1908,0,cfbd,,1,,0.2018,0,cfbd,21.0,0,cfbd_proxy,,1,,,1,,,1,,,1,,,1,,,1,,,1,,12.56,0,cfbd,,1,,,1,,,1,,,1,,0,0,proxy_age_at_draft,0,0,,1,,1.6315,0,cfbd,,,,,,,,,,,,,,,,,,
00-0035527,Andy Isabella,WR,2019,62,2,ARI,Massachusetts,22.0,11,54.800000000000004,1,2.3,3,4.2,15,61.3,4.087,1,1,0,4.0867,8.5194,-4.4327,1,head_b_v3,v3,22.0,0,nfl_data_py,0,0,proxy_draft_year_age,,1,,0,0,proxy_age_at_draft,21.0,0,proxy_age_at_draft,69.0,0,nfl_combine,188.0,0,nfl_combine,36.5,0,nfl_combine,1,0,nfl_combine_szekely2023_proxy,,1,,,1,,,1,,,1,,,1,,,1,,,1,,62,0,nfl_data_py,2,0,nfl_data_py,,1,,,1,,0.4780170270942083,0,cfbd,,1,,,1,,0.4746,0,cfbd,,1,,0.478,0,cfbd,19.0,0,cfbd_proxy,,1,,,1,,,1,,,1,,,1,,,1,,,1,,15.33,0,cfbd,,1,,,1,,,1,,,1,,0,0,proxy_age_at_draft,0,0,,1,,4.129,0,cfbd,,,,,,,,,,,,,,,,,,
00-0035640,D.K. Metcalf,WR,2019,64,2,SEA,Mississippi,21.0,16,273.3,17,244.3,17,226.8,50,744.4,14.888,0,1,0,14.888,8.5194,6.3686,1,head_b_v3,v3,21.0,0,nfl_data_py,0,0,proxy_draft_year_age,,1,,1,0,proxy_age_at_draft,20.0,0,proxy_age_at_draft,75.0,0,nfl_combine,228.0,0,nfl_combine,40.5,0,nfl_combine,1,0,nfl_combine_szekely2023_proxy,,1,,,1,,,1,,,1,,,1,,,1,,,1,,64,0,nfl_data_py,2,0,nfl_data_py,,1,,,1,,0.18748639701249756,0,cfbd,,1,,,1,,,1,,,1,,,1,,,1,,,1,,,1,,,1,,,1,,,1,,,1,,,1,,,1,,,1,,,1,,,1,,,1,,1,0,proxy_age_at_draft,0,0,,1,,,1,,,,,,,,,,,,,,,,,,,
00-0035216,Diontae Johnson,WR,2019,66,3,PIT,Toledo,23.0,15,223.8,16,274.40000000000003,17,180.7,48,678.9,14.144,0,1,0,14.1437,8.5194,5.6243,1,head_b_v3,v3,23.0,0,nfl_data_py,0,0,proxy_draft_year_age,,1,,0,0,proxy_age_at_draft,22.0,0,proxy_age_at_draft,70.0,0,nfl_combine,183.0,0,nfl_combine,33.5,0,nfl_combine,1,0,nfl_combine_szekely2023_proxy,,1,,,1,,,1,,,1,,,1,,,1,,,1,,66,0,nfl_data_py,3,0,nfl_data_py,,1,,,1,,0.2534171447856902,0,cfbd,,1,,,1,,0.2444,0,cfbd,,1,,0.2429,0,cfbd,21.0,0,cfbd_proxy,,1,,,1,,,1,,,1,,,1,,,1,,,1,,16.76,0,cfbd,,1,,,1,,,1,,,1,,0,0,proxy_age_at_draft,0,0,,1,,1.6827,0,cfbd,,,,,,,,,,,,,,,,,,
00-0034971,Jalen Hurd,WR,2019,67,3,SFO,Baylor,23.0,0,0.0,0,0.0,0,0.0,0,0.0,0.0,1,1,1,,8.5194,,0,head_b_v3,v3,23.0,0,nfl_data_py,0,0,proxy_draft_year_age,,1,,0,0,proxy_age_at_draft,22.0,0,proxy_age_at_draft,77.0,0,nfl_combine,226.0,0,nfl_combine,,1,,,1,,,1,,,1,,,1,,,1,,,1,,,1,,,1,,67,0,nfl_data_py,3,0,nfl_data_py,,1,,,1,,0.21620710415412403,0,cfbd,,1,,,1,,0.2775,0,cfbd,,1,,0.2388,0,cfbd,22.0,0,cfbd_proxy,,1,,,1,,,1,,,1,,,1,,,1,,,1,,13.71,0,cfbd,,1,,,1,,,1,,,1,,0,0,proxy_age_at_draft,0,0,,1,,1.9465,0,cfbd,,,,,,,,,,,,,,,,,,
00-0035249,Josh Oliver,TE,2019,69,3,JAX,San Jose St.,22.0,0,0.0,10,15.600000000000001,12,40.900000000000006,22,56.5,2.568,0,1,0,2.5682,8.082,-5.5138,1,head_b_v3,v3,22.0,0,nfl_data_py,0,0,proxy_draft_year_age,,1,,0,0,proxy_age_at_draft,21.0,0,proxy_age_at_draft,77.0,0,nfl_combine,249.0,0,nfl_combine,,1,,,1,,,1,,,1,,,1,,,1,,249.0,0,nfl_combine,29.52,0,nfl_combine_derived,109.8,0,combine_pp_hass_approx,69,0,nfl_data_py,3,0,nfl_data_py,,1,,22.0,0,nfl_data_py,,1,,,1,,,1,,,1,,,1,,,1,,,1,,,1,,,1,,,1,,,1,,,1,,,1,,,1,,,1,,,1,,,1,,,1,,,1,,,1,,0,0,,,,,,,,,,,,,,,,,,,,,,,,
00-0035664,Darrell Henderson,RB,2019,70,3,LAR,Memphis,22.0,15,129.9,12,163.4,10,73.5,37,366.8,9.914,0,1,0,9.9135,11.2764,-1.3629,1,head_b_v3,v3,22.0,0,nfl_data_py,0,0,proxy_draft_year_age,,1,,0,0,proxy_age_at_draft,21.0,0,proxy_age_at_draft,68.0,0,nfl_combine,208.0,0,nfl_combine,,1,,,1,,102.35,0,combine_barnwell2008,208.0,0,nfl_combine,,1,,1,0,combine_szekely2023_proxy,,1,,,1,,,1,,70,0,nfl_data_py,3,0,nfl_data_py,22.0,0,nfl_data_py,,1,,,1,,0.473159509202454,0,cfbd,,1,,,1,,,1,,,1,,,1,,,1,,0.3174,0,cfbd,,1,,,1,,,1,,,1,,,1,,,1,,,1,,,1,,,1,,9.2,0,cfbd_sp_plus,,1,,0,0,,,,,,,,,,,,,,,,,,,8.9206,0,cfbd,12.0317,0,cfbd
00-0035685,David Montgomery,RB,2019,73,3,CHI,Iowa St.,22.0,15,264.8,13,195.0,16,177.70000000000002,44,637.5,14.489,0,1,0,14.4886,11.2764,3.2122,1,head_b_v3,v3,22.0,0,nfl_data_py,0,0,proxy_draft_year_age,,1,,0,0,proxy_age_at_draft,21.0,0,proxy_age_at_draft,70.0,0,nfl_combine,222.0,0,nfl_combine,,1,,,1,,96.62,0,combine_barnwell2008,222.0,0,nfl_combine,,1,,1,0,combine_szekely2023_proxy,,1,,,1,,,1,,73,0,nfl_data_py,3,0,nfl_data_py,22.0,0,nfl_data_py,,1,,,1,,0.6821428571428572,0,cfbd,,1,,,1,,,1,,,1,,,1,,,1,,0.2677,0,cfbd,,1,,,1,,,1,,,1,,,1,,,1,,,1,,,1,,,1,,7.9,0,cfbd_sp_plus,,1,,0,0,,,,,,,,,,,,,,,,,,,4.6332,0,cfbd,7.8636,0,cfbd
00-0035250,Devin Singletary,RB,2019,74,3,BUF,Florida Atlantic,22.0,16,143.60000000000002,17,197.8,16,177.9,49,519.3,10.598,0,1,0,10.598,11.2764,-0.6784,1,head_b_v3,v3,22.0,0,nfl_data_py,0,0,proxy_draft_year_age,,1,,0,0,proxy_age_at_draft,21.0,0,proxy_age_at_draft,67.0,0,nfl_combine,203.0,0,nfl_combine,,1,,,1,,86.1,0,combine_barnwell2008,203.0,0,nfl_combine,7.32,0,nfl_combine,1,0,combine_szekely2023_proxy,,1,,,1,,,1,,74,0,nfl_data_py,3,0,nfl_data_py,22.0,0,nfl_data_py,,1,,,1,,0.546539332480063,0,cfbd,,1,,,1,,,1,,,1,,,1,,,1,,0.2391,0,cfbd,,1,,,1,,,1,,,1,,,1,,,1,,,1,,,1,,,1,,-0.8,0,cfbd_sp_plus,,1,,0,0,,,,,,,,,,,,,,,,,,,5.1648,0,cfbd,7.68,0,cfbd
00-0035671,Jace Sternberger,TE,2019,75,3,GNB,Texas A&M,23.0,8,29.4,0,0.0,0,0.0,8,29.4,3.675,1,1,0,3.675,8.082,-4.407,1,head_b_v3,v3,23.0,0,nfl_data_py,0,0,proxy_draft_year_age,,1,,0,0,proxy_age_at_draft,22.0,0,proxy_age_at_draft,76.0,0,nfl_combine,251.0,0,nfl_combine,,1,,,1,,,1,,,1,,,1,,,1,,251.0,0,nfl_combine,30.55,0,nfl_combine_derived,98.61,0,combine_pp_hass_approx,75,0,nfl_data_py,3,0,nfl_data_py,,1,,23.0,0,nfl_data_py,,1,,,1,,0.3270229007633588,0,cfbd,,1,,,1,,,1,,,1,,,1,,,1,,,1,,1.8314,0,cfbd,,1,,,1,,,1,,,1,,17.11,0,cfbd,,1,,,1,,,1,,,1,,0,0,,,,,,,,,,,,,,,,,,,,,,,,
00-0035659,Terry McLaurin,WR,2019,76,3,WAS,Ohio St.,23.0,15,223.8,17,213.5,17,229.0,49,666.3,13.598,0,1,0,13.598,8.5194,5.0786,1,head_b_v3,v3,23.0,0,nfl_data_py,0,0,proxy_draft_year_age,,1,,0,0,proxy_age_at_draft,22.0,0,proxy_age_at_draft,72.0,0,nfl_combine,208.0,0,nfl_combine,37.5,0,nfl_combine,1,0,nfl_combine_szekely2023_proxy,,1,,,1,,,1,,,1,,,1,,,1,,,1,,76,0,nfl_data_py,3,0,nfl_data_py,,1,,,1,,0.1798207171314741,0,cfbd,,1,,,1,,0.14,0,cfbd,,1,,0.187,0,cfbd,,1,,,1,,,1,,,1,,,1,,,1,,,1,,,1,,16.81,0,cfbd,,1,,,1,,,1,,,1,,0,0,proxy_age_at_draft,0,0,,1,,1.1968,0,cfbd,,,,,,,,,,,,,,,,,,
00-0035660,Kahale Warring,TE,2019,86,3,HOU,San Diego St.,22.0,4,6.5,0,0.0,0,0.0,4,6.5,1.625,1,1,1,,8.082,,0,head_b_v3,v3,22.0,0,nfl_data_py,0,0,proxy_draft_year_age,,1,,0,0,proxy_age_at_draft,21.0,0,proxy_age_at_draft,77.0,0,nfl_combine,252.0,0,nfl_combine,,1,,,1,,,1,,,1,,,1,,,1,,252.0,0,nfl_combine,29.88,0,nfl_combine_derived,107.36,0,combine_pp_hass_approx,86,0,nfl_data_py,3,0,nfl_data_py,,1,,22.0,0,nfl_data_py,,1,,,1,,0.18359168574951557,0,cfbd,,1,,,1,,,1,,,1,,,1,,,1,,,1,,1.1961,0,cfbd,,1,,,1,,,1,,,1,,12.49,0,cfbd,,1,,,1,,,1,,,1,,0,0,,,,,,,,,,,,,,,,,,,,,,,,
00-0035657,Damien Harris,RB,2019,87,3,NWE,Alabama,22.0,10,91.30000000000001,15,210.1,11,90.9,36,392.3,10.897,0,1,0,10.8972,10.8972,0.0,1,head_b_v3,v3,22.0,0,nfl_data_py,0,0,proxy_draft_year_age,,1,,0,0,proxy_age_at_draft,21.0,0,proxy_age_at_draft,70.0,0,nfl_combine,216.0,0,nfl_combine,,1,,,1,,99.04,0,combine_barnwell2008,216.0,0,nfl_combine,,1,,1,0,combine_szekely2023_proxy,,1,,,1,,,1,,87,0,nfl_data_py,3,0,nfl_data_py,22.0,0,nfl_data_py,,1,,,1,,0.28364003179067065,0,cfbd,,1,,,1,,,1,,,1,,,1,,,1,,0.1377,0,cfbd,,1,,,1,,,1,,,1,,,1,,,1,,,1,,,1,,,1,,36.3,0,cfbd_sp_plus,,1,,0,0,,,,,,,,,,,,,,,,,,,6.119,0,cfbd,8.3721,0,cfbd
00-0035703,Miles Boykin,WR,2019,93,3,BAL,Notre Dame,22.0,13,69.6,1,1.6,3,3.1,17,74.3,4.371,0,1,0,4.3706,8.2367,-3.8661,1,head_b_v3,v3,22.0,0,nfl_data_py,0,0,proxy_draft_year_age,,1,,0,0,proxy_age_at_draft,21.0,0,proxy_age_at_draft,76.0,0,nfl_combine,220.0,0,nfl_combine,43.5,0,nfl_combine,1,0,nfl_combine_szekely2023_proxy,,1,,,1,,,1,,,1,,,1,,,1,,,1,,93,0,nfl_data_py,3,0,nfl_data_py,,1,,,1,,0.3041789532482041,0,cfbd,,1,,,1,,0.2527,0,cfbd,,1,,0.3003,0,cfbd,21.0,0,cfbd_proxy,,1,,,1,,,1,,,1,,,1,,,1,,,1,,15.0,0,cfbd,,1,,,1,,,1,,,1,,0,0,proxy_age_at_draft,0,0,,1,,1.9211,0,cfbd,,,,,,,,,,,,,,,,,,
00-0035689,Dawson Knox,TE,2019,96,3,BUF,Mississippi,22.0,11,66.8,15,163.7,15,135.7,41,366.2,8.932,0,1,0,8.9317,7.674,1.2577,1,head_b_v3,v3,22.0,0,nfl_data_py,0,0,proxy_draft_year_age,,1,,0,0,proxy_age_at_draft,21.0,0,proxy_age_at_draft,76.0,0,nfl_combine,254.0,0,nfl_combine,,1,,,1,,,1,,,1,,,1,,,1,,254.0,0,nfl_combine,30.91,0,nfl_combine_derived,,1,,96,0,nfl_data_py,3,0,nfl_data_py,,1,,22.0,0,nfl_data_py,,1,,,1,,0.03343757517440462,0,cfbd,,1,,,1,,,1,,,1,,,1,,,1,,,1,,,1,,,1,,,1,,,1,,,1,,,1,,,1,,,1,,,1,,,1,,0,0,,,,,,,,,,,,,,,,,,,,,,,,
00-0035251,Will Grier,QB,2019,100,3,CAR,West Virginia,24.0,0,0.0,0,0.0,0,0.0,0,0.0,0.0,1,1,1,,,,0,head_b_v3,v3,24.0,0,nfl_data_py,0,0,proxy_draft_year_age,,1,,0,0,proxy_age_at_draft,23.0,0,proxy_age_at_draft,74.0,0,nfl_combine,217.0,0,nfl_combine,,1,,,1,,,1,,,1,,,1,,,1,,,1,,,1,,,1,,100,0,nfl_data_py,3,0,nfl_data_py,,1,,,1,,,1,,,1,,,1,,,1,,,1,,,1,,,1,,,1,,,1,,,1,,,1,,,1,,,1,,,1,,,1,,,1,,,1,,,1,,,1,,,1,,0,0,,,,,,,0.67,0,cfbd,9.7,0,cfbd,4.625,0,cfbd,0.061181,0,cfbd,,,,,,
00-0034972,Alexander Mattison,RB,2019,102,3,MIN,Boise St.,21.0,13,86.9,16,125.9,17,88.4,46,301.2,6.548,0,1,0,6.5478,7.3666,-0.8188,1,head_b_v3,v3,21.0,0,nfl_data_py,0,0,proxy_draft_year_age,,1,,1,0,proxy_age_at_draft,20.0,0,proxy_age_at_draft,71.0,0,nfl_combine,221.0,0,nfl_combine,,1,,,1,,92.93,0,combine_barnwell2008,221.0,0,nfl_combine,7.13,0,nfl_combine,1,0,combine_szekely2023_proxy,,1,,,1,,,1,,102,0,nfl_data_py,3,0,nfl_data_py,21.0,0,nfl_data_py,,1,,,1,,0.6783172635445363,0,cfbd,,1,,,1,,,1,,,1,,,1,,,1,,0.2625,0,cfbd,,1,,,1,,,1,,,1,,,1,,,1,,,1,,,1,,,1,,12.2,0,cfbd_sp_plus,,1,,0,0,,,,,,,,,,,,,,,,,,,4.6755,0,cfbd,8.5763,0,cfbd
00-0035529,Hakeem Butler,WR,2019,103,4,ARI,Iowa St.,23.0,1,0.0,0,0.0,0,0.0,1,0.0,0.0,1,1,1,,8.2367,,0,head_b_v3,v3,23.0,0,nfl_data_py,0,0,proxy_draft_year_age,,1,,0,0,proxy_age_at_draft,22.0,0,proxy_age_at_draft,77.0,0,nfl_combine,227.0,0,nfl_combine,36.0,0,nfl_combine,1,0,nfl_combine_szekely2023_proxy,,1,,,1,,,1,,,1,,,1,,,1,,,1,,103,0,nfl_data_py,4,0,nfl_data_py,,1,,,1,,0.4354086845466156,0,cfbd,,1,,,1,,0.4007,0,cfbd,,1,,0.4254,0,cfbd,21.0,0,cfbd_proxy,,1,,,1,,,1,,,1,,,1,,,1,,,1,,19.23,0,cfbd,,1,,,1,,,1,,,1,,0,0,proxy_age_at_draft,0,0,,1,,3.1019,0,cfbd,,,,,,,,,,,,,,,,,,
00-0035652,Ryan Finley,QB,2019,104,4,CIN,North Carolina St.,24.0,4,19.16,0,0.0,0,0.0,4,19.16,4.79,1,1,1,,,,0,head_b_v3,v3,24.0,0,nfl_data_py,0,0,proxy_draft_year_age,,1,,0,0,proxy_age_at_draft,23.0,0,proxy_age_at_draft,76.0,0,nfl_combine,213.0,0,nfl_combine,,1,,,1,,,1,,,1,,,1,,,1,,,1,,,1,,,1,,104,0,nfl_data_py,4,0,nfl_data_py,,1,,,1,,,1,,,1,,,1,,,1,,,1,,,1,,,1,,,1,,,1,,,1,,,1,,,1,,,1,,,1,,,1,,,1,,,1,,,1,,,1,,,1,,0,0,,,,,,,0.671,0,cfbd,8.1,0,cfbd,2.1,0,cfbd,0.025806,0,cfbd,,,,,,
00-0035256,Bryce Love,RB,2019,112,4,WAS,Stanford,22.0,0,0.0,0,0.0,0,0.0,0,0.0,0.0,1,1,1,,7.3384,,0,head_b_v3,v3,22.0,0,nfl_data_py,0,0,proxy_draft_year_age,,1,,0,0,proxy_age_at_draft,21.0,0,proxy_age_at_draft,69.0,0,nfl_combine,200.0,0,nfl_combine,,1,,,1,,,1,,200.0,0,nfl_combine,,1,,,1,,,1,,,1,,,1,,112,0,nfl_data_py,4,0,nfl_data_py,22.0,0,nfl_data_py,,1,,,1,,0.44979508196721313,0,cfbd,,1,,,1,,,1,,,1,,,1,,,1,,0.1754,0,cfbd,,1,,,1,,,1,,,1,,,1,,,1,,,1,,,1,,,1,,13.0,0,cfbd_sp_plus,,1,,0,0,,,,,,,,,,,,,,,,,,,4.4606,0,cfbd,8.8085,0,cfbd
00-0034975,Justice Hill,RB,2019,113,4,BAL,Oklahoma St.,21.0,6,13.0,0,0.0,13,42.0,19,55.0,2.895,0,1,0,2.8947,7.3384,-4.4437,1,head_b_v3,v3,21.0,0,nfl_data_py,0,0,proxy_draft_year_age,,1,,1,0,proxy_age_at_draft,20.0,0,proxy_age_at_draft,70.0,0,nfl_combine,198.0,0,nfl_combine,,1,,,1,,105.65,0,combine_barnwell2008,198.0,0,nfl_combine,,1,,1,0,combine_szekely2023_proxy,,1,,,1,,,1,,113,0,nfl_data_py,4,0,nfl_data_py,21.0,0,nfl_data_py,,1,,,1,,0.3365971107544141,0,cfbd,,1,,,1,,,1,,,1,,,1,,,1,,0.1655,0,cfbd,,1,,,1,,,1,,,1,,,1,,,1,,,1,,,1,,,1,,13.8,0,cfbd_sp_plus,,1,,0,0,,,,,,,,,,,,,,,,,,,5.8861,0,cfbd,6.3542,0,cfbd
00-0035589,Gary Jennings Jr,WR,2019,120,4,SEA,West Virginia,22.0,0,0.0,0,0.0,0,0.0,0,0.0,0.0,1,1,1,,6.5416,,0,head_b_v3,v3,22.0,0,nfl_data_py,0,0,proxy_draft_year_age,,1,,0,0,proxy_age_at_draft,21.0,0,proxy_age_at_draft,73.0,0,nfl_combine,214.0,0,nfl_combine,37.0,0,nfl_combine,1,0,nfl_combine_szekely2023_proxy,,1,,,1,,,1,,,1,,,1,,,1,,,1,,120,0,nfl_data_py,4,0,nfl_data_py,,1,,,1,,,1,,,1,,,1,,,1,,,1,,,1,,,1,,,1,,,1,,,1,,,1,,,1,,,1,,,1,,,1,,,1,,,1,,,1,,,1,,0,0,proxy_age_at_draft,0,0,,1,,,1,,,,,,,,,,,,,,,,,,,
00-0035259,Trevon Wesco,TE,2019,121,4,NYJ,West Virginia,23.0,2,1.5,4,6.5,4,6.6000000000000005,10,14.6,1.46,1,1,0,1.46,6.2285,-4.7685,1,head_b_v3,v3,23.0,0,nfl_data_py,0,0,proxy_draft_year_age,,1,,0,0,proxy_age_at_draft,22.0,0,proxy_age_at_draft,75.0,0,nfl_combine,267.0,0,nfl_combine,,1,,,1,,,1,,,1,,,1,,,1,,267.0,0,nfl_combine,33.37,0,nfl_combine_derived,92.16,0,combine_pp_hass_approx,121,0,nfl_data_py,4,0,nfl_data_py,,1,,23.0,0,nfl_data_py,,1,,,1,,0.05656396684310396,0,cfbd,,1,,,1,,,1,,,1,,,1,,,1,,,1,,0.791,0,cfbd,,1,,,1,,,1,,,1,,13.81,0,cfbd,,1,,,1,,,1,,,1,,0,0,,,,,,,,,,,,,,,,,,,,,,,,
00-0035217,Benny Snell Jr.,RB,2019,122,4,PIT,Kentucky,21.0,15,74.9,13,13.100000000000001,3,18.7,31,106.7,3.442,0,1,0,3.4419,7.3384,-3.8965,1,head_b_v3,v3,21.0,0,nfl_data_py,0,0,proxy_draft_year_age,,1,,1,0,proxy_age_at_draft,20.0,0,proxy_age_at_draft,70.0,0,nfl_combine,224.0,0,nfl_combine,,1,,,1,,95.0,0,combine_barnwell2008,224.0,0,nfl_combine,7.07,0,nfl_combine,1,0,combine_szekely2023_proxy,,1,,,1,,,1,,122,0,nfl_data_py,4,0,nfl_data_py,21.0,0,nfl_data_py,,1,,,1,,0.5738805007097689,0,cfbd,,1,,,1,,,1,,,1,,,1,,,1,,0.3176,0,cfbd,,1,,,1,,,1,,,1,,,1,,,1,,,1,,,1,,,1,,13.1,0,cfbd_sp_plus,,1,,0,0,,,,,,,,,,,,,,,,,,,4.9237,0,cfbd,7.3214,0,cfbd
00-0035590,Riley Ridley,WR,2019,126,4,CHI,Georgia,23.0,2,7.9,0,0.0,0,0.0,2,7.9,3.95,1,1,1,,6.5416,,0,head_b_v3,v3,23.0,0,nfl_data_py,0,0,proxy_draft_year_age,,1,,0,0,proxy_age_at_draft,22.0,0,proxy_age_at_draft,73.0,0,nfl_combine,199.0,0,nfl_combine,30.5,0,nfl_combine,1,0,nfl_combine_szekely2023_proxy,,1,,,1,,,1,,,1,,,1,,,1,,,1,,126,0,nfl_data_py,4,0,nfl_data_py,,1,,,1,,0.2224003345413995,0,cfbd,,1,,,1,,0.1724,0,cfbd,,1,,0.2313,0,cfbd,22.0,0,cfbd_proxy,,1,,,1,,,1,,,1,,,1,,,1,,,1,,14.97,0,cfbd,,1,,,1,,,1,,,1,,0,0,proxy_age_at_draft,0,0,,1,,1.4298,0,cfbd,,,,,,,,,,,,,,,,,,
00-0035261,Tony Pollard,RB,2019,128,4,DAL,Memphis,22.0,16,120.80000000000001,15,162.6,16,248.8,47,532.2,11.323,0,1,0,11.3234,7.3384,3.985,1,head_b_v3,v3,22.0,0,nfl_data_py,0,0,proxy_draft_year_age,,1,,0,0,proxy_age_at_draft,21.0,0,proxy_age_at_draft,72.0,0,nfl_combine,210.0,0,nfl_combine,,1,,,1,,100.62,0,combine_barnwell2008,210.0,0,nfl_combine,,1,,1,0,combine_szekely2023_proxy,,1,,,1,,,1,,128,0,nfl_data_py,4,0,nfl_data_py,22.0,0,nfl_data_py,,1,,,1,,0.1331799591002045,0,cfbd,,1,,,1,,,1,,,1,,,1,,,1,,0.1273,0,cfbd,,1,,,1,,,1,,,1,,,1,,,1,,,1,,,1,,,1,,9.2,0,cfbd_sp_plus,,1,,0,0,,,,,,,,,,,,,,,,,,,7.2131,0,cfbd,11.9794,0,cfbd
00-0035264,Jarrett Stidham,QB,2019,133,4,NWE,Auburn,23.0,5,12.94,0,0.0,3,42.64,8,55.58,6.948,1,1,0,6.9475,,,0,head_b_v3,v3,23.0,0,nfl_data_py,0,0,proxy_draft_year_age,,1,,0,0,proxy_age_at_draft,22.0,0,proxy_age_at_draft,74.0,0,nfl_combine,218.0,0,nfl_combine,,1,,,1,,,1,,,1,,,1,,,1,,,1,,,1,,,1,,133,0,nfl_data_py,4,0,nfl_data_py,,1,,,1,,,1,,,1,,,1,,,1,,,1,,,1,,,1,,,1,,,1,,,1,,,1,,,1,,,1,,,1,,,1,,,1,,,1,,,1,,,1,,,1,,0,0,,,,,,,0.607,0,cfbd,7.6,0,cfbd,3.6,0,cfbd,0.047382,0,cfbd,,,,,,
00-0034981,Foster Moreau,TE,2019,137,4,OAK,LSU,22.0,7,33.0,12,85.3,14,87.0,33,205.3,6.221,0,1,0,6.2212,6.2285,-0.0073,1,head_b_v3,v3,22.0,0,nfl_data_py,0,0,proxy_draft_year_age,,1,,0,0,proxy_age_at_draft,21.0,0,proxy_age_at_draft,76.0,0,nfl_combine,253.0,0,nfl_combine,,1,,,1,,,1,,,1,,,1,,,1,,253.0,0,nfl_combine,30.79,0,nfl_combine_derived,107.3,0,combine_pp_hass_approx,137,0,nfl_data_py,4,0,nfl_data_py,,1,,22.0,0,nfl_data_py,,1,,,1,,0.10463019832385631,0,cfbd,,1,,,1,,,1,,,1,,,1,,,1,,,1,,0.646,0,cfbd,,1,,,1,,,1,,,1,,11.8,0,cfbd,,1,,,1,,,1,,,1,,0,0,,,,,,,,,,,,,,,,,,,,,,,,
00-0035268,Ryquell Armstead,RB,2019,140,5,JAX,Temple,22.0,0,0.0,2,12.6,0,0.0,2,12.6,6.3,1,1,1,,7.3384,,0,head_b_v3,v3,22.0,0,nfl_data_py,0,0,proxy_draft_year_age,,1,,0,0,proxy_age_at_draft,21.0,0,proxy_age_at_draft,71.0,0,nfl_combine,220.0,0,nfl_combine,,1,,,1,,112.21,0,combine_barnwell2008,220.0,0,nfl_combine,7.02,0,nfl_combine,1,0,combine_szekely2023_proxy,,1,,,1,,,1,,140,0,nfl_data_py,5,0,nfl_data_py,22.0,0,nfl_data_py,,1,,,1,,0.5027194958811518,0,cfbd,,1,,,1,,,1,,,1,,,1,,,1,,0.2236,0,cfbd,,1,,,1,,,1,,,1,,,1,,,1,,,1,,,1,,,1,,2.9,0,cfbd_sp_plus,,1,,0,0,,,,,,,,,,,,,,,,,,,5.2286,0,cfbd,6.0385,0,cfbd
00-0035222,Zach Gentry,TE,2019,141,5,PIT,Michigan,22.0,0,0.0,10,35.7,14,32.2,24,67.9,2.829,0,1,0,2.8292,6.2285,-3.3993,1,head_b_v3,v3,22.0,0,nfl_data_py,0,0,proxy_draft_year_age,,1,,0,0,proxy_age_at_draft,21.0,0,proxy_age_at_draft,80.0,0,nfl_combine,265.0,0,nfl_combine,,1,,,1,,,1,,,1,,,1,,,1,,265.0,0,nfl_combine,29.11,0,nfl_combine_derived,96.78,0,combine_pp_hass_approx,141,0,nfl_data_py,5,0,nfl_data_py,,1,,22.0,0,nfl_data_py,,1,,,1,,0.13474888325485934,0,cfbd,,1,,,1,,,1,,,1,,,1,,,1,,,1,,1.3971,0,cfbd,,1,,,1,,,1,,,1,,16.69,0,cfbd,,1,,,1,,,1,,,1,,0,0,,,,,,,,,,,,,,,,,,,,,,,,
00-0034983,Hunter Renfrow,WR,2019,149,5,OAK,Clemson,23.0,16,131.6,17,259.1,10,79.0,43,469.7,10.923,0,1,0,10.9233,6.5416,4.3817,1,head_b_v3,v3,23.0,0,nfl_data_py,0,0,proxy_draft_year_age,,1,,0,0,proxy_age_at_draft,22.0,0,proxy_age_at_draft,70.0,0,nfl_combine,184.0,0,nfl_combine,35.0,0,nfl_combine,1,0,nfl_combine_szekely2023_proxy,,1,,,1,,,1,,,1,,,1,,,1,,,1,,149,0,nfl_data_py,5,0,nfl_data_py,,1,,,1,,0.07850753979786237,0,cfbd,,1,,,1,,0.1344,0,cfbd,,1,,0.0833,0,cfbd,,1,,,1,,,1,,,1,,,1,,,1,,,1,,,1,,11.68,0,cfbd,,1,,,1,,,1,,,1,,0,0,proxy_age_at_draft,0,0,,1,,0.9291,0,cfbd,,,,,,,,,,,,,,,,,,
00-0035273,Qadree Ollison,RB,2019,152,5,ATL,Pittsburgh,22.0,1,0.30000000000000004,6,19.700000000000003,0,0.0,7,20.0,2.857,1,1,1,,6.9963,,0,head_b_v3,v3,22.0,0,nfl_data_py,0,0,proxy_draft_year_age,,1,,0,0,proxy_age_at_draft,21.0,0,proxy_age_at_draft,73.0,0,nfl_combine,228.0,0,nfl_combine,,1,,,1,,103.63,0,combine_barnwell2008,228.0,0,nfl_combine,7.53,0,nfl_combine,1,0,combine_szekely2023_proxy,,1,,,1,,,1,,152,0,nfl_data_py,5,0,nfl_data_py,22.0,0,nfl_data_py,,1,,,1,,,1,,,1,,,1,,,1,,,1,,,1,,,1,,0.2583,0,cfbd,,1,,,1,,,1,,,1,,,1,,,1,,,1,,,1,,,1,,2.7,0,cfbd_sp_plus,,1,,0,0,,,,,,,,,,,,,,,,,,,6.2963,0,cfbd,7.0426,0,cfbd
00-0035275,Jordan Scarlett,RB,2019,154,5,CAR,Florida,23.0,0,0.0,0,0.0,0,0.0,0,0.0,0.0,1,1,1,,6.9631,,0,head_b_v3,v3,23.0,0,nfl_data_py,0,0,proxy_draft_year_age,,1,,0,0,proxy_age_at_draft,22.0,0,proxy_age_at_draft,71.0,0,nfl_combine,208.0,0,nfl_combine,,1,,,1,,104.2,0,combine_barnwell2008,208.0,0,nfl_combine,7.37,0,nfl_combine,1,0,combine_szekely2023_proxy,,1,,,1,,,1,,154,0,nfl_data_py,5,0,nfl_data_py,23.0,0,nfl_data_py,,1,,,1,,0.24927536231884057,0,cfbd,,1,,,1,,,1,,,1,,,1,,,1,,0.1543,0,cfbd,,1,,,1,,,1,,,1,,,1,,,1,,,1,,,1,,,1,,23.0,0,cfbd_sp_plus,,1,,0,0,,,,,,,,,,,,,,,,,,,5.877,0,cfbd,7.2,0,cfbd
00-0035282,Easton Stick,QB,2019,166,5,LAC,North Dakota St.,23.0,1,-0.04000000000000001,0,0.0,0,0.0,1,-0.04,-0.04,1,1,1,,,,0,head_b_v3,v3,23.0,0,nfl_data_py,0,0,proxy_draft_year_age,,1,,0,0,proxy_age_at_draft,22.0,0,proxy_age_at_draft,73.0,0,nfl_combine,224.0,0,nfl_combine,,1,,,1,,,1,,,1,,,1,,,1,,,1,,,1,,,1,,166,0,nfl_data_py,5,0,nfl_data_py,,1,,,1,,,1,,,1,,,1,,,1,,,1,,,1,,,1,,,1,,,1,,,1,,,1,,,1,,,1,,,1,,,1,,,1,,,1,,,1,,,1,,,1,,0,0,,,,,,,,1,,,1,,,1,,,1,,,,,,,
00-0035283,Clayton Thorson,QB,2019,167,5,PHI,Northwestern,24.0,0,0.0,0,0.0,0,0.0,0,0.0,0.0,1,1,1,,,,0,head_b_v3,v3,24.0,0,nfl_data_py,0,0,proxy_draft_year_age,,1,,0,0,proxy_age_at_draft,23.0,0,proxy_age_at_draft,76.0,0,nfl_combine,222.0,0,nfl_combine,,1,,,1,,,1,,,1,,,1,,,1,,,1,,,1,,,1,,167,0,nfl_data_py,5,0,nfl_data_py,,1,,,1,,,1,,,1,,,1,,,1,,,1,,,1,,,1,,,1,,,1,,,1,,,1,,,1,,,1,,,1,,,1,,,1,,,1,,,1,,,1,,,1,,0,0,,,,,,,0.608,0,cfbd,6.5,0,cfbd,1.133333,0,cfbd,0.063943,0,cfbd,,,,,,
00-0035535,Darius Slayton,WR,2019,171,5,NYG,Auburn,22.0,16,141.0,13,68.60000000000001,13,128.4,42,338.0,8.048,0,1,0,8.0476,6.5416,1.506,1,head_b_v3,v3,22.0,0,nfl_data_py,0,0,proxy_draft_year_age,,1,,0,0,proxy_age_at_draft,21.0,0,proxy_age_at_draft,73.0,0,nfl_combine,190.0,0,nfl_combine,40.5,0,nfl_combine,1,0,nfl_combine_szekely2023_proxy,,1,,,1,,,1,,,1,,,1,,,1,,,1,,171,0,nfl_data_py,5,0,nfl_data_py,,1,,,1,,0.2348844101956135,0,cfbd,,1,,,1,,0.2,0,cfbd,,1,,0.1625,0,cfbd,20.0,0,cfbd_proxy,,1,,,1,,,1,,,1,,,1,,,1,,,1,,18.86,0,cfbd,,1,,,1,,,1,,,1,,0,0,proxy_age_at_draft,0,0,,1,,1.3351,0,cfbd,,,,,,,,,,,,,,,,,,
00-0035287,KeeSean Johnson,WR,2019,174,6,ARI,Fresno St.,22.0,8,32.300000000000004,0,0.0,0,0.0,8,32.3,4.038,1,1,0,4.0375,6.0142,-1.9767,1,head_b_v3,v3,22.0,0,nfl_data_py,0,0,proxy_draft_year_age,,1,,0,0,proxy_age_at_draft,21.0,0,proxy_age_at_draft,73.0,0,nfl_combine,201.0,0,nfl_combine,30.0,0,nfl_combine,1,0,nfl_combine_szekely2023_proxy,,1,,,1,,,1,,,1,,,1,,,1,,,1,,174,0,nfl_data_py,6,0,nfl_data_py,,1,,,1,,0.3330384512518773,0,cfbd,,1,,,1,,0.3627,0,cfbd,,1,,0.3352,0,cfbd,19.0,0,cfbd_proxy,,1,,,1,,,1,,,1,,,1,,,1,,,1,,12.58,0,cfbd,,1,,,1,,,1,,,1,,0,0,proxy_age_at_draft,0,0,,1,,2.9705,0,cfbd,,,,,,,,,,,,,,,,,,
00-0034988,Kaden Smith,TE,2019,176,6,SFO,Stanford,22.0,13,29.2,2,6.300000000000001,0,0.0,15,35.5,2.367,1,1,0,2.3667,5.3492,-2.9825,1,head_b_v3,v3,22.0,0,nfl_data_py,0,0,proxy_draft_year_age,,1,,0,0,proxy_age_at_draft,21.0,0,proxy_age_at_draft,77.0,0,nfl_combine,255.0,0,nfl_combine,,1,,,1,,,1,,,1,,,1,,,1,,255.0,0,nfl_combine,30.24,0,nfl_combine_derived,88.19,0,combine_pp_hass_approx,176,0,nfl_data_py,6,0,nfl_data_py,,1,,22.0,0,nfl_data_py,,1,,,1,,0.12440062891239172,0,cfbd,,1,,,1,,,1,,,1,,,1,,,1,,,1,,1.5012,0,cfbd,,1,,,1,,,1,,,1,,14.99,0,cfbd,,1,,,1,,,1,,,1,,0,0,,,,,,,,,,,,,,,,,,,,,,,,
00-0035289,Gardner Minshew II,QB,2019,178,6,JAX,Washington St.,23.0,9,160.66,3,33.660000000000004,5,36.82000000000001,17,231.14,13.596,0,1,0,13.5965,,,0,head_b_v3,v3,23.0,0,nfl_data_py,0,0,proxy_draft_year_age,,1,,0,0,proxy_age_at_draft,22.0,0,proxy_age_at_draft,73.0,0,nfl_combine,225.0,0,nfl_combine,,1,,,1,,,1,,,1,,,1,,,1,,,1,,,1,,,1,,178,0,nfl_data_py,6,0,nfl_data_py,,1,,,1,,,1,,,1,,,1,,,1,,,1,,,1,,,1,,,1,,,1,,,1,,,1,,,1,,,1,,,1,,,1,,,1,,,1,,,1,,,1,,,1,,0,0,,,,,,,,1,,,1,,,1,,,1,,,,,,,
00-0035291,Trayveon Williams,RB,2019,182,6,CIN,Texas A&M,21.0,6,21.700000000000003,2,6.5,4,8.0,12,36.2,3.017,1,1,0,3.0167,6.9631,-3.9464,1,head_b_v3,v3,21.0,0,nfl_data_py,0,0,proxy_draft_year_age,,1,,1,0,proxy_age_at_draft,20.0,0,proxy_age_at_draft,68.0,0,nfl_combine,206.0,0,nfl_combine,,1,,,1,,99.58,0,combine_barnwell2008,206.0,0,nfl_combine,7.44,0,nfl_combine,1,0,combine_szekely2023_proxy,,1,,,1,,,1,,182,0,nfl_data_py,6,0,nfl_data_py,21.0,0,nfl_data_py,,1,,,1,,0.6297677445189709,0,cfbd,,1,,,1,,,1,,,1,,,1,,,1,,0.3203,0,cfbd,,1,,,1,,,1,,,1,,,1,,,1,,,1,,,1,,,1,,21.6,0,cfbd_sp_plus,,1,,0,0,,,,,,,,,,,,,,,,,,,6.0476,0,cfbd,8.4062,0,cfbd
00-0035592,Travis Fulgham,WR,2019,184,6,DET,Old Dominion,23.0,12,115.9,0,0.0,0,0.0,12,115.9,9.658,1,1,0,9.6583,5.0759,4.5824,1,head_b_v3,v3,23.0,0,nfl_data_py,0,0,proxy_draft_year_age,,1,,0,0,proxy_age_at_draft,22.0,0,proxy_age_at_draft,74.0,0,nfl_combine,215.0,0,nfl_combine,36.5,0,nfl_combine,1,0,nfl_combine_szekely2023_proxy,,1,,,1,,,1,,,1,,,1,,,1,,,1,,184,0,nfl_data_py,6,0,nfl_data_py,,1,,,1,,0.36652074380497207,0,cfbd,,1,,,1,,0.3031,0,cfbd,,1,,0.3658,0,cfbd,20.0,0,cfbd_proxy,,1,,,1,,,1,,,1,,,1,,,1,,,1,,15.85,0,cfbd,,1,,,1,,,1,,,1,,0,0,proxy_age_at_draft,0,0,,1,,2.261,0,cfbd,,,,,,,,,,,,,,,,,,
00-0035537,Ty Johnson,RB,2019,186,6,DET,Maryland,21.0,10,63.300000000000004,15,117.00000000000001,10,42.800000000000004,35,223.1,6.374,0,1,0,6.3743,6.9631,-0.5888,1,head_b_v3,v3,21.0,0,nfl_data_py,0,0,proxy_draft_year_age,,1,,1,0,proxy_age_at_draft,20.0,0,proxy_age_at_draft,,1,,,1,,,1,,,1,,,1,,,1,,,1,,,1,,,1,,,1,,,1,,186,0,nfl_data_py,6,0,nfl_data_py,21.0,0,nfl_data_py,,1,,,1,,0.15160028964518463,0,cfbd,,1,,,1,,,1,,,1,,,1,,,1,,0.1169,0,cfbd,,1,,,1,,,1,,,1,,,1,,,1,,,1,,,1,,,1,,3.0,0,cfbd_sp_plus,,1,,0,0,,,,,,,,,,,,,,,,,,,7.6667,0,cfbd,11.2222,0,cfbd
00-0035593,Juwann Winfree,WR,2019,187,6,DEN,Colorado,23.0,0,0.0,5,11.8,3,2.7,8,14.5,1.812,1,1,0,1.8125,5.0759,-3.2634,1,head_b_v3,v3,23.0,0,nfl_data_py,0,0,proxy_draft_year_age,,1,,0,0,proxy_age_at_draft,22.0,0,proxy_age_at_draft,,1,,,1,,,1,,,1,,,1,,,1,,,1,,,1,,,1,,,1,,,1,,187,0,nfl_data_py,6,0,nfl_data_py,,1,,,1,,0.10673979538023415,0,cfbd,,1,,,1,,0.1096,0,cfbd,,1,,0.1075,0,cfbd,,1,,,1,,,1,,,1,,,1,,,1,,,1,,,1,,13.24,0,cfbd,,1,,,1,,,1,,,1,,0,0,proxy_age_at_draft,0,0,,1,,0.7733,0,cfbd,,,,,,,,,,,,,,,,,,
00-0034995,Dexter Williams,RB,2019,194,6,GNB,Notre Dame,22.0,1,0.8,0,0.0,0,0.0,1,0.8,0.8,1,1,1,,6.9631,,0,head_b_v3,v3,22.0,0,nfl_data_py,0,0,proxy_draft_year_age,,1,,0,0,proxy_age_at_draft,21.0,0,proxy_age_at_draft,71.0,0,nfl_combine,212.0,0,nfl_combine,,1,,,1,,97.21,0,combine_barnwell2008,212.0,0,nfl_combine,7.0,0,nfl_combine,1,0,combine_szekely2023_proxy,,1,,,1,,,1,,194,0,nfl_data_py,6,0,nfl_data_py,22.0,0,nfl_data_py,,1,,,1,,0.4316077441077441,0,cfbd,,1,,,1,,,1,,,1,,,1,,,1,,0.1898,0,cfbd,,1,,,1,,,1,,,1,,,1,,,1,,,1,,,1,,,1,,20.7,0,cfbd_sp_plus,,1,,0,0,,,,,,,,,,,,,,,,,,,6.6268,0,cfbd,7.0,0,cfbd
00-0035146,Trace McSorley,QB,2019,197,6,BAL,Penn St.,24.0,2,9.299999999999999,0,0.0,5,8.58,7,17.88,2.554,1,1,1,,,,0,head_b_v3,v3,24.0,0,nfl_data_py,0,0,proxy_draft_year_age,,1,,0,0,proxy_age_at_draft,23.0,0,proxy_age_at_draft,72.0,0,nfl_combine,202.0,0,nfl_combine,,1,,,1,,,1,,,1,,,1,,,1,,,1,,,1,,,1,,197,0,nfl_data_py,6,0,nfl_data_py,,1,,,1,,,1,,,1,,,1,,,1,,,1,,,1,,,1,,,1,,,1,,,1,,,1,,,1,,,1,,,1,,,1,,,1,,,1,,,1,,,1,,,1,,0,0,,,,,,,0.532,0,cfbd,7.0,0,cfbd,2.571429,0,cfbd,0.077859,0,cfbd,,,,,,
00-0035296,Marcus Green,WR,2019,203,6,ATL,La-Monroe,23.0,0,0.0,0,0.0,0,0.0,0,0.0,0.0,1,1,1,,5.0759,,0,head_b_v3,v3,23.0,0,nfl_data_py,0,0,proxy_draft_year_age,,1,,0,0,proxy_age_at_draft,22.0,0,proxy_age_at_draft,,1,,,1,,,1,,,1,,,1,,,1,,,1,,,1,,,1,,,1,,,1,,203,0,nfl_data_py,6,0,nfl_data_py,,1,,,1,,,1,,,1,,,1,,,1,,,1,,,1,,,1,,,1,,,1,,,1,,,1,,,1,,,1,,,1,,,1,,,1,,,1,,,1,,,1,,0,0,proxy_age_at_draft,0,0,,1,,,1,,,,,,,,,,,,,,,,,,,
00-0035594,Travis Homer,RB,2019,204,6,SEA,Miami (FL),21.0,9,32.8,12,61.8,8,43.1,29,137.7,4.748,0,1,0,4.7483,6.9631,-2.2148,1,head_b_v3,v3,21.0,0,nfl_data_py,0,0,proxy_draft_year_age,,1,,1,0,proxy_age_at_draft,20.0,0,proxy_age_at_draft,70.0,0,nfl_combine,201.0,0,nfl_combine,,1,,,1,,99.8,0,combine_barnwell2008,201.0,0,nfl_combine,7.07,0,nfl_combine,1,0,combine_szekely2023_proxy,,1,,,1,,,1,,204,0,nfl_data_py,6,0,nfl_data_py,21.0,0,nfl_data_py,,1,,,1,,0.278989898989899,0,cfbd,,1,,,1,,,1,,,1,,,1,,,1,,0.2513,0,cfbd,,1,,,1,,,1,,,1,,,1,,,1,,,1,,,1,,,1,,12.7,0,cfbd_sp_plus,,1,,0,0,,,,,,,,,,,,,,,,,,,6.2922,0,cfbd,11.5,0,cfbd
00-0035297,Kelvin Harmon,WR,2019,206,6,WAS,North Carolina St.,22.0,0,0.0,0,0.0,0,0.0,0,0.0,0.0,1,1,1,,5.0759,,0,head_b_v3,v3,22.0,0,nfl_data_py,0,0,proxy_draft_year_age,,1,,0,0,proxy_age_at_draft,21.0,0,proxy_age_at_draft,74.0,0,nfl_combine,221.0,0,nfl_combine,32.5,0,nfl_combine,1,0,nfl_combine_szekely2023_proxy,,1,,,1,,,1,,,1,,,1,,,1,,,1,,206,0,nfl_data_py,6,0,nfl_data_py,,1,,,1,,,1,,,1,,,1,,0.3035,0,cfbd,,1,,0.3018,0,cfbd,19.0,0,cfbd_proxy,,1,,,1,,,1,,,1,,,1,,,1,,,1,,15.38,0,cfbd,,1,,,1,,,1,,,1,,0,0,proxy_age_at_draft,0,0,,1,,2.3974,0,cfbd,,,,,,,,,,,,,,,,,,
00-0035298,Scott Miller,WR,2019,208,6,TAM,Bowling Green,22.0,14,102.5,5,19.1,11,42.300000000000004,30,163.9,5.463,0,1,0,5.4633,5.0759,0.3874,1,head_b_v3,v3,22.0,0,nfl_data_py,0,0,proxy_draft_year_age,,1,,0,0,proxy_age_at_draft,21.0,0,proxy_age_at_draft,,1,,,1,,,1,,,1,,,1,,,1,,,1,,,1,,,1,,,1,,,1,,208,0,nfl_data_py,6,0,nfl_data_py,,1,,,1,,,1,,,1,,,1,,0.3928,0,cfbd,,1,,0.3516,0,cfbd,19.0,0,cfbd_proxy,,1,,,1,,,1,,,1,,,1,,,1,,,1,,13.29,0,cfbd,,1,,,1,,,1,,,1,,0,0,proxy_age_at_draft,0,0,,1,,2.7309,0,cfbd,,,,,,,,,,,,,,,,,,
00-0035299,Rodney Anderson,RB,2019,211,6,CIN,Oklahoma,22.0,0,0.0,0,0.0,0,0.0,0,0.0,0.0,1,1,1,,6.9631,,0,head_b_v3,v3,22.0,0,nfl_data_py,0,0,proxy_draft_year_age,,1,,0,0,proxy_age_at_draft,21.0,0,proxy_age_at_draft,72.0,0,nfl_combine,224.0,0,nfl_combine,,1,,,1,,,1,,224.0,0,nfl_combine,,1,,,1,,,1,,,1,,,1,,211,0,nfl_data_py,6,0,nfl_data_py,22.0,0,nfl_data_py,,1,,,1,,0.05287114845938375,0,cfbd,,1,,,1,,,1,,,1,,,1,,,1,,0.0158,0,cfbd,,1,,,1,,,1,,,1,,,1,,,1,,,1,,,1,,,1,,24.9,0,cfbd_sp_plus,,1,,0,0,,,,,,,,,,,,,,,,,,,,1,below_volume_gate,17.6875,0,cfbd
00-0035148,Darwin Thompson,RB,2019,214,6,KAN,Utah St.,22.0,5,33.2,0,0.0,0,0.0,5,33.2,6.64,1,1,1,,6.9631,,0,head_b_v3,v3,22.0,0,nfl_data_py,0,0,proxy_draft_year_age,,1,,0,0,proxy_age_at_draft,21.0,0,proxy_age_at_draft,,1,,,1,,,1,,,1,,,1,,,1,,,1,,,1,,,1,,,1,,,1,,214,0,nfl_data_py,6,0,nfl_data_py,22.0,0,nfl_data_py,,1,,,1,,0.3877437726810112,0,cfbd,,1,,,1,,,1,,,1,,,1,,,1,,0.2167,0,cfbd,,1,,,1,,,1,,,1,,,1,,,1,,,1,,,1,,,1,,14.2,0,cfbd_sp_plus,,1,,0,0,,,,,,,,,,,,,,,,,,,7.2045,0,cfbd,15.2727,0,cfbd
00-0035303,Mike Weber,RB,2019,218,7,DAL,Ohio St.,22.0,0,0.0,0,0.0,0,0.0,0,0.0,0.0,1,1,1,,6.9631,,0,head_b_v3,v3,22.0,0,nfl_data_py,0,0,proxy_draft_year_age,,1,,0,0,proxy_age_at_draft,21.0,0,proxy_age_at_draft,70.0,0,nfl_combine,211.0,0,nfl_combine,,1,,,1,,105.7,0,combine_barnwell2008,211.0,0,nfl_combine,,1,,1,0,combine_szekely2023_proxy,,1,,,1,,,1,,218,0,nfl_data_py,7,0,nfl_data_py,22.0,0,nfl_data_py,,1,,,1,,0.29806910569105693,0,cfbd,,1,,,1,,,1,,,1,,,1,,,1,,0.1338,0,cfbd,,1,,,1,,,1,,,1,,,1,,,1,,,1,,,1,,,1,,24.1,0,cfbd_sp_plus,,1,,0,0,,,,,,,,,,,,,,,,,,,5.5,0,cfbd,5.4898,0,cfbd
00-0035304,Cullen Gillaspia,RB,2019,220,7,HOU,Texas A&M,24.0,1,1.6,0,0.0,0,0.0,1,1.6,1.6,1,1,1,,6.9631,,0,head_b_v3,v3,24.0,0,nfl_data_py,0,0,proxy_draft_year_age,,1,,0,0,proxy_age_at_draft,23.0,0,proxy_age_at_draft,,1,,,1,,,1,,,1,,,1,,,1,,,1,,,1,,,1,,,1,,,1,,220,0,nfl_data_py,7,0,nfl_data_py,24.0,0,nfl_data_py,,1,,,1,,0.023638502352587847,0,cfbd,,1,,,1,,,1,,,1,,,1,,,1,,0.0116,0,cfbd,,1,,,1,,,1,,,1,,,1,,,1,,,1,,,1,,,1,,21.6,0,cfbd_sp_plus,,1,,0,0,,,,,,,,,,,,,,,,,,,,1,below_volume_gate,,1,below_volume_gate
00-0035596,Kerrith Whyte Jr,RB,2019,222,7,CHI,Florida Atlantic,22.0,0,0.0,0,0.0,0,0.0,0,0.0,0.0,1,1,1,,6.9631,,0,head_b_v3,v3,22.0,0,nfl_data_py,0,0,proxy_draft_year_age,,1,,0,0,proxy_age_at_draft,21.0,0,proxy_age_at_draft,,1,,,1,,,1,,,1,,,1,,,1,,,1,,,1,,,1,,,1,,,1,,222,0,nfl_data_py,7,0,nfl_data_py,22.0,0,nfl_data_py,,1,,,1,,,1,,,1,,,1,,,1,,,1,,,1,,,1,,0.1773,0,cfbd,,1,,,1,,,1,,,1,,,1,,,1,,,1,,,1,,,1,,-0.8,0,cfbd_sp_plus,,1,,0,0,,,,,,,,,,,,,,,,,,,6.4627,0,cfbd,10.3333,0,cfbd
00-0035539,Isaac Nauta,TE,2019,224,7,DET,Georgia,22.0,2,1.3,0,0.0,0,0.0,2,1.3,0.65,1,1,1,,4.601,,0,head_b_v3,v3,22.0,0,nfl_data_py,0,0,proxy_draft_year_age,,1,,0,0,proxy_age_at_draft,21.0,0,proxy_age_at_draft,75.0,0,nfl_combine,244.0,0,nfl_combine,,1,,,1,,,1,,,1,,,1,,,1,,244.0,0,nfl_combine,30.49,0,nfl_combine_derived,82.86,0,combine_pp_hass_approx,224,0,nfl_data_py,7,0,nfl_data_py,,1,,22.0,0,nfl_data_py,,1,,,1,,0.11204813679026113,0,cfbd,,1,,,1,,,1,,,1,,,1,,,1,,,1,,1.1994,0,cfbd,,1,,,1,,,1,,,1,,13.75,0,cfbd,,1,,,1,,,1,,,1,,0,0,,,,,,,,,,,,,,,,,,,,,,,,
00-0035308,Tommy Sweeney,TE,2019,228,7,BUF,Boston Col.,24.0,0,0.0,7,19.4,1,1.7000000000000002,8,21.1,2.637,1,1,0,2.6375,4.601,-1.9635,1,head_b_v3,v3,24.0,0,nfl_data_py,0,0,proxy_draft_year_age,,1,,0,0,proxy_age_at_draft,23.0,0,proxy_age_at_draft,76.0,0,nfl_combine,251.0,0,nfl_combine,,1,,,1,,,1,,,1,,,1,,,1,,251.0,0,nfl_combine,30.55,0,nfl_combine_derived,92.24,0,combine_pp_hass_approx,228,0,nfl_data_py,7,0,nfl_data_py,,1,,24.0,0,nfl_data_py,,1,,,1,,0.12752037252619325,0,cfbd,,1,,,1,,,1,,,1,,,1,,,1,,,1,,1.0326,0,cfbd,,1,,,1,,,1,,,1,,12.42,0,cfbd,,1,,,1,,,1,,,1,,0,0,,,,,,,,,,,,,,,,,,,,,,,,
00-0035309,Alizé Mack,TE,2019,231,7,NOR,Notre Dame,22.0,0,0.0,0,0.0,0,0.0,0,0.0,0.0,1,1,1,,4.601,,0,head_b_v3,v3,22.0,0,nfl_data_py,0,0,proxy_draft_year_age,,1,,0,0,proxy_age_at_draft,21.0,0,proxy_age_at_draft,76.0,0,nfl_combine,249.0,0,nfl_combine,,1,,,1,,,1,,,1,,,1,,,1,,249.0,0,nfl_combine,30.31,0,nfl_combine_derived,102.06,0,combine_pp_hass_approx,231,0,nfl_data_py,7,0,nfl_data_py,,1,,22.0,0,nfl_data_py,,1,,,1,,,1,,,1,,,1,,,1,,,1,,,1,,,1,,,1,,,1,,,1,,,1,,,1,,,1,,,1,,,1,,,1,,,1,,,1,,0,0,,,,,,,,,,,,,,,,,,,,,,,,
00-0035310,Chandler Cox,RB,2019,233,7,MIA,Auburn,23.0,2,2.9000000000000004,0,0.0,0,0.0,2,2.9,1.45,1,1,1,,6.9631,,0,head_b_v3,v3,23.0,0,nfl_data_py,0,0,proxy_draft_year_age,,1,,0,0,proxy_age_at_draft,22.0,0,proxy_age_at_draft,,1,,,1,,,1,,,1,,,1,,,1,,,1,,,1,,,1,,,1,,,1,,233,0,nfl_data_py,7,0,nfl_data_py,23.0,0,nfl_data_py,,1,,,1,,0.040689021589343136,0,cfbd,,1,,,1,,,1,,,1,,,1,,,1,,0.0186,0,cfbd,,1,,,1,,,1,,,1,,,1,,,1,,,1,,,1,,,1,,23.6,0,cfbd_sp_plus,,1,,0,0,,,,,,,,,,,,,,,,,,,,1,below_volume_gate,8.7826,0,cfbd
00-0035311,Myles Gaskin,RB,2019,234,7,MIA,Washington,22.0,10,164.20000000000002,17,173.6,2,9.4,29,347.2,11.972,0,1,0,11.9724,6.9631,5.0093,1,head_b_v3,v3,22.0,0,nfl_data_py,0,0,proxy_draft_year_age,,1,,0,0,proxy_age_at_draft,21.0,0,proxy_age_at_draft,69.0,0,nfl_combine,205.0,0,nfl_combine,,1,,,1,,93.18,0,combine_barnwell2008,205.0,0,nfl_combine,7.19,0,nfl_combine,1,0,combine_szekely2023_proxy,,1,,,1,,,1,,234,0,nfl_data_py,7,0,nfl_data_py,22.0,0,nfl_data_py,,1,,,1,,0.4874439880507842,0,cfbd,,1,,,1,,,1,,,1,,,1,,,1,,0.2289,0,cfbd,,1,,,1,,,1,,,1,,,1,,,1,,,1,,,1,,,1,,19.9,0,cfbd_sp_plus,,1,,0,0,,,,,,,,,,,,,,,,,,,4.927,0,cfbd,7.6182,0,cfbd
00-0035597,John Ursua,WR,2019,236,7,SEA,Hawaii,25.0,0,0.0,0,0.0,0,0.0,0,0.0,0.0,1,1,1,,4.8253,,0,head_b_v3,v3,25.0,0,nfl_data_py,0,0,proxy_draft_year_age,,1,,0,0,proxy_age_at_draft,24.0,0,proxy_age_at_draft,,1,,,1,,,1,,,1,,,1,,,1,,,1,,,1,,,1,,,1,,,1,,236,0,nfl_data_py,7,0,nfl_data_py,,1,,,1,,,1,,,1,,,1,,,1,,,1,,,1,,,1,,,1,,,1,,,1,,,1,,,1,,,1,,,1,,,1,,,1,,,1,,,1,,,1,,0,0,proxy_age_at_draft,0,0,,1,,,1,,,,,,,,,,,,,,,,,,,
00-0035313,Terry Godwin,WR,2019,237,7,CAR,Georgia,22.0,2,6.5,0,0.0,0,0.0,2,6.5,3.25,1,1,1,,4.8253,,0,head_b_v3,v3,22.0,0,nfl_data_py,0,0,proxy_draft_year_age,,1,,0,0,proxy_age_at_draft,21.0,0,proxy_age_at_draft,71.0,0,nfl_combine,184.0,0,nfl_combine,36.5,0,nfl_combine,1,0,nfl_combine_szekely2023_proxy,,1,,,1,,,1,,,1,,,1,,,1,,,1,,237,0,nfl_data_py,7,0,nfl_data_py,,1,,,1,,0.10304339745376824,0,cfbd,,1,,,1,,0.1151,0,cfbd,,1,,0.106,0,cfbd,20.0,0,cfbd_proxy,,1,,,1,,,1,,,1,,,1,,,1,,,1,,13.84,0,cfbd,,1,,,1,,,1,,,1,,0,0,proxy_age_at_draft,0,0,,1,,0.9551,0,cfbd,,,,,,,,,,,,,,,,,,
00-0035002,Dillon Mitchell,WR,2019,239,7,MIN,Oregon,22.0,0,0.0,0,0.0,0,0.0,0,0.0,0.0,1,1,1,,4.8253,,0,head_b_v3,v3,22.0,0,nfl_data_py,0,0,proxy_draft_year_age,,1,,0,0,proxy_age_at_draft,21.0,0,proxy_age_at_draft,73.0,0,nfl_combine,197.0,0,nfl_combine,36.5,0,nfl_combine,1,0,nfl_combine_szekely2023_proxy,,1,,,1,,,1,,,1,,,1,,,1,,,1,,239,0,nfl_data_py,7,0,nfl_data_py,,1,,,1,,0.3561506025385818,0,cfbd,,1,,,1,,0.3619,0,cfbd,,1,,0.3417,0,cfbd,20.0,0,cfbd_proxy,,1,,,1,,,1,,,1,,,1,,,1,,,1,,14.39,0,cfbd,,1,,,1,,,1,,,1,,0,0,proxy_age_at_draft,0,0,,1,,2.6651,0,cfbd,,,,,,,,,,,,,,,,,,
00-0035006,Olabisi Johnson,WR,2019,247,7,MIN,Colorado St.,22.0,8,34.9,0,0.0,0,0.0,8,34.9,4.362,1,1,0,4.3625,4.8253,-0.4628,1,head_b_v3,v3,22.0,0,nfl_data_py,0,0,proxy_draft_year_age,,1,,0,0,proxy_age_at_draft,21.0,0,proxy_age_at_draft,72.0,0,nfl_combine,204.0,0,nfl_combine,38.0,0,nfl_combine,1,0,nfl_combine_szekely2023_proxy,,1,,,1,,,1,,,1,,,1,,,1,,,1,,247,0,nfl_data_py,7,0,nfl_data_py,,1,,,1,,0.18569596569049973,0,cfbd,,1,,,1,,0.2163,0,cfbd,,1,,0.1851,0,cfbd,,1,,,1,,,1,,,1,,,1,,,1,,,1,,,1,,14.6,0,cfbd,,1,,,1,,,1,,,1,,0,0,proxy_age_at_draft,0,0,,1,,1.5857,0,cfbd,,,,,,,,,,,,,,,,,,
00-0035320,Caleb Wilson,TE,2019,254,7,ARI,UCLA,23.0,0,0.0,0,0.0,0,0.0,0,0.0,0.0,1,1,1,,4.3667,,0,head_b_v3,v3,23.0,0,nfl_data_py,0,0,proxy_draft_year_age,,1,,0,0,proxy_age_at_draft,22.0,0,proxy_age_at_draft,76.0,0,nfl_combine,240.0,0,nfl_combine,,1,,,1,,,1,,,1,,,1,,,1,,240.0,0,nfl_combine,29.21,0,nfl_combine_derived,111.02,0,combine_pp_hass_approx,254,0,nfl_data_py,7,0,nfl_data_py,,1,,23.0,0,nfl_data_py,,1,,,1,,0.3229663781714255,0,cfbd,,1,,,1,,,1,,,1,,,1,,,1,,,1,,2.4005,0,cfbd,,1,,,1,,,1,,,1,,14.69,0,cfbd,,1,,,1,,,1,,,1,,0,0,,,,,,,,,,,,,,,,,,,,,,,,
00-0036442,Joe Burrow,QB,2020,1,1,CIN,LSU,23.0,16,314.24,16,350.7,10,147.16,42,812.1,19.336,0,1,0,19.3357,,,0,head_b_v3,v3,23.0,0,nfl_data_py,0,0,proxy_draft_year_age,,1,,0,0,proxy_age_at_draft,22.0,0,proxy_age_at_draft,75.0,0,nfl_combine,221.0,0,nfl_combine,,1,,,1,,,1,,,1,,,1,,,1,,,1,,,1,,,1,,1,0,nfl_data_py,1,0,nfl_data_py,,1,,,1,,,1,,,1,,,1,,,1,,,1,,,1,,,1,,,1,,,1,,,1,,,1,,,1,,,1,,,1,,,1,,,1,,,1,,,1,,,1,,,1,,0,0,,,,,,,0.763,0,cfbd,10.8,0,cfbd,10.0,0,cfbd,0.068966,0,cfbd,,,,,,
00-0036212,Tua Tagovailoa,QB,2020,5,1,MIA,Alabama,22.0,13,180.92000000000002,13,230.92000000000002,17,272.36,43,684.2,15.912,0,1,0,15.9116,,,0,head_b_v3,v3,22.0,0,nfl_data_py,0,0,proxy_draft_year_age,,1,,0,0,proxy_age_at_draft,21.0,0,proxy_age_at_draft,72.0,0,nfl_combine,217.0,0,nfl_combine,,1,,,1,,,1,,,1,,,1,,,1,,,1,,,1,,,1,,5,0,nfl_data_py,1,0,nfl_data_py,,1,,,1,,,1,,,1,,,1,,,1,,,1,,,1,,,1,,,1,,,1,,,1,,,1,,,1,,,1,,,1,,,1,,,1,,,1,,,1,,,1,,,1,,0,0,,,,,,,0.714,0,cfbd,11.3,0,cfbd,11.0,0,cfbd,0.040189,0,cfbd,,,,,,
00-0036355,Justin Herbert,QB,2020,6,1,LAC,Oregon,22.0,17,382.76,17,281.26,13,234.16,47,898.18,19.11,0,1,0,19.1102,,,0,head_b_v3,v3,22.0,0,nfl_data_py,0,0,proxy_draft_year_age,,1,,0,0,proxy_age_at_draft,21.0,0,proxy_age_at_draft,78.0,0,nfl_combine,236.0,0,nfl_combine,,1,,,1,,,1,,,1,,,1,,,1,,,1,,,1,,,1,,6,0,nfl_data_py,1,0,nfl_data_py,,1,,,1,,,1,,,1,,,1,,,1,,,1,,,1,,,1,,,1,,,1,,,1,,,1,,,1,,,1,,,1,,,1,,,1,,,1,,,1,,,1,,,1,,0,0,,,,,,,0.668,0,cfbd,8.1,0,cfbd,5.333333,0,cfbd,0.066946,0,cfbd,,,,,,
00-0036357,Henry Ruggs III,WR,2020,12,1,LVR,Alabama,21.0,7,84.5,0,0.0,0,0.0,7,84.5,12.071,1,1,1,,10.4961,,0,head_b_v3,v3,21.0,0,nfl_data_py,0,0,proxy_draft_year_age,,1,,1,0,proxy_age_at_draft,20.0,0,proxy_age_at_draft,71.0,0,nfl_combine,188.0,0,nfl_combine,42.0,0,nfl_combine,1,0,nfl_combine_szekely2023_proxy,,1,,,1,,,1,,,1,,,1,,,1,,,1,,12,0,nfl_data_py,1,0,nfl_data_py,,1,,,1,,0.15526763638698904,0,cfbd,,1,,,1,,0.1744,0,cfbd,,1,,0.1633,0,cfbd,,1,,,1,,,1,,,1,,,1,,,1,,,1,,,1,,18.6,0,cfbd,,1,,,1,,,1,,,1,,1,0,proxy_age_at_draft,0,0,,1,,1.7709,0,cfbd,,,,,,,,,,,,,,,,,,
00-0036407,Jerry Jeudy,WR,2020,15,1,DEN,Alabama,21.0,10,85.0,15,204.20000000000002,16,141.8,41,431.0,10.512,0,1,0,10.5122,10.4961,0.0161,1,head_b_v3,v3,21.0,0,nfl_data_py,0,0,proxy_draft_year_age,,1,,1,0,proxy_age_at_draft,20.0,0,proxy_age_at_draft,73.0,0,nfl_combine,193.0,0,nfl_combine,35.0,0,nfl_combine,1,0,nfl_combine_szekely2023_proxy,,1,,,1,,,1,,,1,,,1,,,1,,,1,,15,0,nfl_data_py,1,0,nfl_data_py,,1,,,1,,0.23274434520942563,0,cfbd,,1,,,1,,0.2327,0,cfbd,,1,,0.2142,0,cfbd,19.0,0,cfbd_proxy,,1,,,1,,,1,,,1,,,1,,,1,,,1,,16.13,0,cfbd,,1,,,1,,,1,,,1,,1,0,proxy_age_at_draft,0,0,,1,,2.3621,0,cfbd,,,,,,,,,,,,,,,,,,
00-0036358,CeeDee Lamb,WR,2020,17,1,DAL,Oklahoma,21.0,16,232.8,17,301.6,17,405.20000000000005,50,939.6,18.792,0,1,0,18.792,10.4961,8.2959,1,head_b_v3,v3,21.0,0,nfl_data_py,0,0,proxy_draft_year_age,,1,,1,0,proxy_age_at_draft,20.0,0,proxy_age_at_draft,74.0,0,nfl_combine,198.0,0,nfl_combine,34.5,0,nfl_combine,1,0,nfl_combine_szekely2023_proxy,,1,,,1,,,1,,,1,,,1,,,1,,,1,,17,0,nfl_data_py,1,0,nfl_data_py,,1,,,1,,0.35378642331091903,0,cfbd,,1,,,1,,0.3067,0,cfbd,,1,,0.3478,0,cfbd,19.0,0,cfbd_proxy,,1,,,1,,,1,,,1,,,1,,,1,,,1,,19.45,0,cfbd,,1,,,1,,,1,,,1,,1,0,proxy_age_at_draft,0,0,,1,,3.1706,0,cfbd,,,,,,,,,,,,,,,,,,
00-0036387,Jalen Reagor,WR,2020,21,1,PHI,TCU,21.0,17,78.1,10,26.900000000000002,9,28.5,36,133.5,3.708,0,1,0,3.7083,10.3868,-6.6785,1,head_b_v3,v3,21.0,0,nfl_data_py,0,0,proxy_draft_year_age,,1,,1,0,proxy_age_at_draft,20.0,0,proxy_age_at_draft,71.0,0,nfl_combine,206.0,0,nfl_combine,42.0,0,nfl_combine,1,0,nfl_combine_szekely2023_proxy,,1,,,1,,,1,,,1,,,1,,,1,,,1,,21,0,nfl_data_py,1,0,nfl_data_py,,1,,,1,,0.29166666666666663,0,cfbd,,1,,,1,,0.25,0,cfbd,,1,,0.2917,0,cfbd,18.0,0,cfbd_proxy,,1,,,1,,,1,,,1,,,1,,,1,,,1,,14.58,0,cfbd,,1,,,1,,,1,,,1,,1,0,proxy_age_at_draft,0,0,,1,,1.5508,0,cfbd,,,,,,,,,,,,,,,,,,
00-0036322,Justin Jefferson,WR,2020,22,1,MIN,LSU,21.0,17,330.4,17,368.66,10,204.2,44,903.26,20.529,0,1,0,20.5286,10.3868,10.1418,1,head_b_v3,v3,21.0,0,nfl_data_py,0,0,proxy_draft_year_age,,1,,1,0,proxy_age_at_draft,20.0,0,proxy_age_at_draft,73.0,0,nfl_combine,202.0,0,nfl_combine,37.5,0,nfl_combine,1,0,nfl_combine_szekely2023_proxy,,1,,,1,,,1,,,1,,,1,,,1,,,1,,22,0,nfl_data_py,1,0,nfl_data_py,,1,,,1,,0.2753630287592798,0,cfbd,,1,,,1,,0.24,0,cfbd,,1,,0.2629,0,cfbd,19.0,0,cfbd_proxy,,1,,,1,,,1,,,1,,,1,,,1,,,1,,14.45,0,cfbd,,1,,,1,,,1,,,1,,1,0,proxy_age_at_draft,0,0,,1,,2.1287,0,cfbd,,,,,,,,,,,,,,,,,,
00-0036261,Brandon Aiyuk,WR,2020,25,1,SFO,Arizona St.,22.0,16,170.3,17,227.8,16,249.2,49,647.3,13.21,0,1,0,13.2102,10.3868,2.8234,1,head_b_v3,v3,22.0,0,nfl_data_py,0,0,proxy_draft_year_age,,1,,0,0,proxy_age_at_draft,21.0,0,proxy_age_at_draft,72.0,0,nfl_combine,205.0,0,nfl_combine,40.0,0,nfl_combine,1,0,nfl_combine_szekely2023_proxy,,1,,,1,,,1,,,1,,,1,,,1,,,1,,25,0,nfl_data_py,1,0,nfl_data_py,,1,,,1,,0.37471112092441305,0,cfbd,,1,,,1,,0.3921,0,cfbd,,1,,0.3865,0,cfbd,21.0,0,cfbd_proxy,,1,,,1,,,1,,,1,,,1,,,1,,,1,,18.03,0,cfbd,,1,,,1,,,1,,,1,,0,0,proxy_age_at_draft,0,0,,1,,3.1123,0,cfbd,,,,,,,,,,,,,,,,,,
00-0036264,Jordan Love,QB,2020,26,1,GNB,Utah St.,21.0,6,21.14,4,11.7,17,319.06,27,351.9,13.033,0,1,0,13.0333,,,0,head_b_v3,v3,21.0,0,nfl_data_py,0,0,proxy_draft_year_age,,1,,1,0,proxy_age_at_draft,20.0,0,proxy_age_at_draft,76.0,0,nfl_combine,224.0,0,nfl_combine,,1,,,1,,,1,,,1,,,1,,,1,,,1,,,1,,,1,,26,0,nfl_data_py,1,0,nfl_data_py,,1,,,1,,,1,,,1,,,1,,,1,,,1,,,1,,,1,,,1,,,1,,,1,,,1,,,1,,,1,,,1,,,1,,,1,,,1,,,1,,,1,,,1,,0,0,,,,,,,0.619,0,cfbd,7.2,0,cfbd,1.176471,0,cfbd,0.054409,0,cfbd,,,,,,
00-0036360,Clyde Edwards-Helaire,RB,2020,32,1,KAN,LSU,21.0,10,117.6,10,98.3,15,70.10000000000001,35,286.0,8.171,0,1,0,8.1714,12.444,-4.2726,1,head_b_v3,v3,21.0,0,nfl_data_py,0,0,proxy_draft_year_age,,1,,1,0,proxy_age_at_draft,20.0,0,proxy_age_at_draft,67.0,0,nfl_combine,207.0,0,nfl_combine,,1,,,1,,92.46,0,combine_barnwell2008,207.0,0,nfl_combine,,1,,1,0,combine_szekely2023_proxy,,1,,,1,,,1,,32,0,nfl_data_py,1,0,nfl_data_py,21.0,0,nfl_data_py,,1,,,1,,0.5325739408473221,0,cfbd,,1,,,1,,,1,,,1,,,1,,,1,,0.2334,0,cfbd,,1,,,1,,,1,,,1,,,1,,,1,,,1,,,1,,,1,,33.1,0,cfbd_sp_plus,,1,,0,0,,,,,,,,,,,,,,,,,,,6.5482,0,cfbd,8.6167,0,cfbd
00-0036410,Tee Higgins,WR,2020,33,2,CIN,Clemson,21.0,14,219.1,14,220.9,12,137.6,40,577.6,14.44,0,1,0,14.44,10.2078,4.2322,1,head_b_v3,v3,21.0,0,nfl_data_py,0,0,proxy_draft_year_age,,1,,1,0,proxy_age_at_draft,20.0,0,proxy_age_at_draft,76.0,0,nfl_combine,216.0,0,nfl_combine,,1,,,1,,,1,,,1,,,1,,,1,,,1,,,1,,,1,,33,0,nfl_data_py,2,0,nfl_data_py,,1,,,1,,0.29741329479768785,0,cfbd,,1,,,1,,0.2824,0,cfbd,,1,,0.3122,0,cfbd,19.0,0,cfbd_proxy,,1,,,1,,,1,,,1,,,1,,,1,,,1,,18.42,0,cfbd,,1,,,1,,,1,,,1,,1,0,proxy_age_at_draft,0,0,,1,,2.1257,0,cfbd,,,,,,,,,,,,,,,,,,
00-0036252,Michael Pittman Jr.,WR,2020,34,2,IND,USC,22.0,17,238.6,16,216.5,16,252.20000000000002,49,707.3,14.435,0,1,0,14.4347,10.2078,4.2269,1,head_b_v3,v3,22.0,0,nfl_data_py,0,0,proxy_draft_year_age,,1,,0,0,proxy_age_at_draft,21.0,0,proxy_age_at_draft,76.0,0,nfl_combine,223.0,0,nfl_combine,36.5,0,nfl_combine,1,0,nfl_combine_szekely2023_proxy,,1,,,1,,,1,,,1,,,1,,,1,,,1,,34,0,nfl_data_py,2,0,nfl_data_py,,1,,,1,,0.3031909671084929,0,cfbd,,1,,,1,,0.3032,0,cfbd,,1,,0.3182,0,cfbd,20.0,0,cfbd_proxy,,1,,,1,,,1,,,1,,,1,,,1,,,1,,14.8,0,cfbd,,1,,,1,,,1,,,1,,0,0,proxy_age_at_draft,0,0,,1,,2.3774,0,cfbd,,,,,,,,,,,,,,,,,,
00-0036275,D'Andre Swift,RB,2020,35,2,DET,Georgia,21.0,13,208.9,14,191.1,16,199.3,43,599.3,13.937,0,1,0,13.9372,12.444,1.4932,1,head_b_v3,v3,21.0,0,nfl_data_py,0,0,proxy_draft_year_age,,1,,1,0,proxy_age_at_draft,20.0,0,proxy_age_at_draft,68.0,0,nfl_combine,212.0,0,nfl_combine,,1,,,1,,105.26,0,combine_barnwell2008,212.0,0,nfl_combine,,1,,1,0,combine_szekely2023_proxy,,1,,,1,,,1,,35,0,nfl_data_py,2,0,nfl_data_py,21.0,0,nfl_data_py,,1,,,1,,0.40171105107423133,0,cfbd,,1,,,1,,,1,,,1,,,1,,,1,,0.2666,0,cfbd,,1,,,1,,,1,,,1,,,1,,,1,,,1,,,1,,,1,,26.8,0,cfbd_sp_plus,,1,,0,0,,,,,,,,,,,,,,,,,,,6.2359,0,cfbd,9.5303,0,cfbd
00-0036223,Jonathan Taylor,RB,2020,41,2,IND,Wisconsin,21.0,17,373.1,11,146.4,10,156.4,38,675.9,17.787,0,1,0,17.7868,12.444,5.3428,1,head_b_v3,v3,21.0,0,nfl_data_py,0,0,proxy_draft_year_age,,1,,1,0,proxy_age_at_draft,20.0,0,proxy_age_at_draft,70.0,0,nfl_combine,226.0,0,nfl_combine,,1,,,1,,121.7,0,combine_barnwell2008,226.0,0,nfl_combine,7.01,0,nfl_combine,1,0,combine_szekely2023_proxy,,1,,,1,,,1,,41,0,nfl_data_py,2,0,nfl_data_py,21.0,0,nfl_data_py,,1,,,1,,0.5833360224595825,0,cfbd,,1,,,1,,,1,,,1,,,1,,,1,,0.3679,0,cfbd,,1,,,1,,,1,,,1,,,1,,,1,,,1,,,1,,,1,,20.3,0,cfbd_sp_plus,,1,,0,0,,,,,,,,,,,,,,,,,,,6.3846,0,cfbd,9.0,0,cfbd
00-0036268,Laviska Shenault Jr.,WR,2020,42,2,JAX,Colorado,21.0,16,127.0,13,72.7,8,21.5,37,221.2,5.978,0,1,0,5.9784,9.8012,-3.8228,1,head_b_v3,v3,21.0,0,nfl_data_py,0,0,proxy_draft_year_age,,1,,1,0,proxy_age_at_draft,20.0,0,proxy_age_at_draft,73.0,0,nfl_combine,227.0,0,nfl_combine,,1,,,1,,,1,,,1,,,1,,,1,,,1,,,1,,,1,,42,0,nfl_data_py,2,0,nfl_data_py,,1,,,1,,0.24477101314050229,0,cfbd,,1,,,1,,0.2673,0,cfbd,,1,,0.2448,0,cfbd,19.0,0,cfbd_proxy,,1,,,1,,,1,,,1,,,1,,,1,,,1,,13.04,0,cfbd,,1,,,1,,,1,,,1,,1,0,proxy_age_at_draft,0,0,,1,,1.8589,0,cfbd,,,,,,,,,,,,,,,,,,
00-0036290,Cole Kmet,TE,2020,43,2,CHI,Notre Dame,21.0,17,121.2,17,147.29999999999998,15,181.1,49,449.6,9.176,0,1,0,9.1755,9.6969,-0.5214,1,head_b_v3,v3,21.0,0,nfl_data_py,0,0,proxy_draft_year_age,,1,,1,0,proxy_age_at_draft,20.0,0,proxy_age_at_draft,78.0,0,nfl_combine,262.0,0,nfl_combine,,1,,,1,,,1,,,1,,,1,,,1,,262.0,0,nfl_combine,30.27,0,nfl_combine_derived,110.21,0,combine_pp_hass_approx,43,0,nfl_data_py,2,0,nfl_data_py,,1,,21.0,0,nfl_data_py,,1,,,1,,0.15963507742031233,0,cfbd,,1,,,1,,,1,,,1,,,1,,,1,,,1,,1.1587,0,cfbd,,1,,,1,,,1,,,1,,11.35,0,cfbd,,1,,,1,,,1,,,1,,0,0,,,,,,,,,,,,,,,,,,,,,,,,
00-0036412,KJ Hamler,WR,2020,46,2,DEN,Penn St.,21.0,3,12.4,6,25.8,0,0.0,9,38.2,4.244,1,1,0,4.2444,9.8012,-5.5568,1,head_b_v3,v3,21.0,0,nfl_data_py,0,0,proxy_draft_year_age,,1,,1,0,proxy_age_at_draft,20.0,0,proxy_age_at_draft,69.0,0,nfl_combine,178.0,0,nfl_combine,,1,,,1,,,1,,,1,,,1,,,1,,,1,,,1,,,1,,46,0,nfl_data_py,2,0,nfl_data_py,,1,,,1,,0.31710809871393814,0,cfbd,,1,,,1,,0.3127,0,cfbd,,1,,0.323,0,cfbd,19.0,0,cfbd_proxy,,1,,,1,,,1,,,1,,,1,,,1,,,1,,16.38,0,cfbd,,1,,,1,,,1,,,1,,1,0,proxy_age_at_draft,0,0,,1,,2.3252,0,cfbd,,,,,,,,,,,,,,,,,,
00-0036326,Chase Claypool,WR,2020,49,2,PIT,Notre Dame,22.0,15,166.6,15,105.04,7,21.7,37,293.34,7.928,0,1,0,7.9281,9.8012,-1.8731,1,head_b_v3,v3,22.0,0,nfl_data_py,0,0,proxy_draft_year_age,,1,,0,0,proxy_age_at_draft,21.0,0,proxy_age_at_draft,76.0,0,nfl_combine,238.0,0,nfl_combine,40.5,0,nfl_combine,1,0,nfl_combine_szekely2023_proxy,,1,,,1,,,1,,,1,,,1,,,1,,,1,,49,0,nfl_data_py,2,0,nfl_data_py,,1,,,1,,0.33385139257622476,0,cfbd,,1,,,1,,0.294,0,cfbd,,1,,0.3136,0,cfbd,21.0,0,cfbd_proxy,,1,,,1,,,1,,,1,,,1,,,1,,,1,,14.22,0,cfbd,,1,,,1,,,1,,,1,,0,0,proxy_age_at_draft,0,0,,1,,2.1418,0,cfbd,,,,,,,,,,,,,,,,,,
00-0036414,Cam Akers,RB,2020,52,2,LAR,Florida St.,21.0,1,4.3,15,141.3,7,46.7,23,192.3,8.361,0,1,0,8.3609,11.6922,-3.3313,1,head_b_v3,v3,21.0,0,nfl_data_py,0,0,proxy_draft_year_age,,1,,1,0,proxy_age_at_draft,20.0,0,proxy_age_at_draft,70.0,0,nfl_combine,217.0,0,nfl_combine,,1,,,1,,108.71,0,combine_barnwell2008,217.0,0,nfl_combine,,1,,1,0,combine_szekely2023_proxy,,1,,,1,,,1,,52,0,nfl_data_py,2,0,nfl_data_py,21.0,0,nfl_data_py,,1,,,1,,0.6044058684162565,0,cfbd,,1,,,1,,,1,,,1,,,1,,,1,,0.279,0,cfbd,,1,,,1,,,1,,,1,,,1,,,1,,,1,,,1,,,1,,1.8,0,cfbd_sp_plus,,1,,0,0,,,,,,,,,,,,,,,,,,,4.9524,0,cfbd,6.9412,0,cfbd
00-0036389,Jalen Hurts,QB,2020,53,2,PHI,Oklahoma,22.0,15,312.16,15,378.04,17,356.82,47,1047.02,22.277,0,1,0,22.277,,,0,head_b_v3,v3,22.0,0,nfl_data_py,0,0,proxy_draft_year_age,,1,,0,0,proxy_age_at_draft,21.0,0,proxy_age_at_draft,73.0,0,nfl_combine,222.0,0,nfl_combine,,1,,,1,,,1,,,1,,,1,,,1,,,1,,,1,,,1,,53,0,nfl_data_py,2,0,nfl_data_py,,1,,,1,,,1,,,1,,,1,,,1,,,1,,,1,,,1,,,1,,,1,,,1,,,1,,,1,,,1,,,1,,,1,,,1,,,1,,,1,,,1,,,1,,0,0,,,,,,,0.695,0,cfbd,11.3,0,cfbd,4.0,0,cfbd,0.063882,0,cfbd,,,,,,
00-0036158,J.K. Dobbins,RB,2020,55,2,BAL,Ohio St.,21.0,0,0.0,8,81.2,1,11.7,9,92.9,10.322,1,1,0,10.3222,11.6922,-1.37,1,head_b_v3,v3,21.0,0,nfl_data_py,0,0,proxy_draft_year_age,,1,,1,0,proxy_age_at_draft,20.0,0,proxy_age_at_draft,69.0,0,nfl_combine,209.0,0,nfl_combine,,1,,,1,,,1,,209.0,0,nfl_combine,,1,,,1,,,1,,,1,,,1,,55,0,nfl_data_py,2,0,nfl_data_py,21.0,0,nfl_data_py,,1,,,1,,0.5373699927916795,0,cfbd,,1,,,1,,,1,,,1,,,1,,,1,,0.2924,0,cfbd,,1,,,1,,,1,,,1,,,1,,,1,,,1,,,1,,,1,,35.4,0,cfbd_sp_plus,,1,,0,0,,,,,,,,,,,,,,,,,,,6.4629,0,cfbd,9.4032,0,cfbd
00-0036415,Van Jefferson,WR,2020,57,2,LAR,Florida,24.0,17,168.20000000000002,10,78.9,14,41.300000000000004,41,288.4,7.034,0,1,0,7.0341,8.5194,-1.4853,1,head_b_v3,v3,24.0,0,nfl_data_py,0,0,proxy_draft_year_age,,1,,0,0,proxy_age_at_draft,23.0,0,proxy_age_at_draft,73.0,0,nfl_combine,200.0,0,nfl_combine,,1,,,1,,,1,,,1,,,1,,,1,,,1,,,1,,,1,,57,0,nfl_data_py,2,0,nfl_data_py,,1,,,1,,0.1749244361776331,0,cfbd,,1,,,1,,0.1465,0,cfbd,,1,,0.167,0,cfbd,,1,,,1,,,1,,,1,,,1,,,1,,,1,,,1,,13.07,0,cfbd,,1,,,1,,,1,,,1,,0,0,proxy_age_at_draft,0,0,,1,,1.1306,0,cfbd,,,,,,,,,,,,,,,,,,
00-0036255,Denzel Mims,WR,2020,59,2,NYJ,Baylor,22.0,10,21.3,9,29.6,0,0.0,19,50.9,2.679,0,1,0,2.6789,8.5194,-5.8405,1,head_b_v3,v3,22.0,0,nfl_data_py,0,0,proxy_draft_year_age,,1,,0,0,proxy_age_at_draft,21.0,0,proxy_age_at_draft,75.0,0,nfl_combine,207.0,0,nfl_combine,38.5,0,nfl_combine,1,0,nfl_combine_szekely2023_proxy,,1,,,1,,,1,,,1,,,1,,,1,,,1,,59,0,nfl_data_py,2,0,nfl_data_py,,1,,,1,,0.3928171380565668,0,cfbd,,1,,,1,,0.2832,0,cfbd,,1,,0.3807,0,cfbd,19.0,0,cfbd_proxy,,1,,,1,,,1,,,1,,,1,,,1,,,1,,15.74,0,cfbd,,1,,,1,,,1,,,1,,0,0,proxy_age_at_draft,0,0,,1,,2.1284,0,cfbd,,,,,,,,,,,,,,,,,,
00-0036265,AJ Dillon,RB,2020,62,2,GNB,Boston Col.,22.0,17,185.6,17,167.6,15,117.60000000000001,49,470.8,9.608,0,1,0,9.6082,11.6922,-2.084,1,head_b_v3,v3,22.0,0,nfl_data_py,0,0,proxy_draft_year_age,,1,,0,0,proxy_age_at_draft,21.0,0,proxy_age_at_draft,72.0,0,nfl_combine,247.0,0,nfl_combine,,1,,,1,,117.31,0,combine_barnwell2008,247.0,0,nfl_combine,7.19,0,nfl_combine,1,0,combine_szekely2023_proxy,,1,,,1,,,1,,62,0,nfl_data_py,2,0,nfl_data_py,22.0,0,nfl_data_py,,1,,,1,,0.5152604746952969,0,cfbd,,1,,,1,,,1,,,1,,,1,,,1,,0.3458,0,cfbd,,1,,,1,,,1,,,1,,,1,,,1,,,1,,,1,,,1,,-5.7,0,cfbd_sp_plus,,1,,0,0,,,,,,,,,,,,,,,,,,,5.2987,0,cfbd,11.2381,0,cfbd
00-0036328,Antonio Gibson,RB,2020,66,3,WAS,Memphis,22.0,16,229.10000000000002,15,165.9,16,127.4,47,522.4,11.115,0,1,0,11.1149,11.6922,-0.5773,1,head_b_v3,v3,22.0,0,nfl_data_py,0,0,proxy_draft_year_age,,1,,0,0,proxy_age_at_draft,21.0,0,proxy_age_at_draft,72.0,0,nfl_combine,228.0,0,nfl_combine,,1,,,1,,122.77,0,combine_barnwell2008,228.0,0,nfl_combine,,1,,1,0,combine_szekely2023_proxy,,1,,,1,,,1,,66,0,nfl_data_py,3,0,nfl_data_py,22.0,0,nfl_data_py,,1,,,1,,0.1330814843152257,0,cfbd,,1,,,1,,,1,,,1,,,1,,,1,,0.1576,0,cfbd,,1,,,1,,,1,,,1,,,1,,,1,,,1,,,1,,,1,,18.0,0,cfbd_sp_plus,,1,,0,0,,,,,,,,,,,,,,,,,,,,1,below_volume_gate,19.3421,0,cfbd
00-0036450,Ke'Shawn Vaughn,RB,2020,76,3,TAM,Illinois,23.0,6,36.6,5,10.2,5,6.4,16,53.2,3.325,0,1,0,3.325,11.2764,-7.9514,1,head_b_v3,v3,23.0,0,nfl_data_py,0,0,proxy_draft_year_age,,1,,0,0,proxy_age_at_draft,22.0,0,proxy_age_at_draft,70.0,0,nfl_combine,214.0,0,nfl_combine,,1,,,1,,103.45,0,combine_barnwell2008,214.0,0,nfl_combine,,1,,1,0,combine_szekely2023_proxy,,1,,,1,,,1,,76,0,nfl_data_py,3,0,nfl_data_py,23.0,0,nfl_data_py,,1,,,1,,,1,,,1,,,1,,,1,,,1,,,1,,,1,,,1,,,1,,,1,,,1,,,1,,,1,,,1,,,1,,,1,,,1,,0.6,0,cfbd_sp_plus,,1,,0,0,,,,,,,,,,,,,,,,,,,,1,,8.32,0,cfbd
00-0036364,Lynn Bowden Jr.,WR,2020,80,3,LVR,Kentucky,22.0,0,0.0,0,0.0,8,22.5,8,22.5,2.812,1,1,0,2.8125,8.2367,-5.4242,1,head_b_v3,v3,22.0,0,nfl_data_py,0,0,proxy_draft_year_age,,1,,0,0,proxy_age_at_draft,21.0,0,proxy_age_at_draft,71.0,0,nfl_combine,204.0,0,nfl_combine,,1,,,1,,,1,,,1,,,1,,,1,,,1,,,1,,,1,,80,0,nfl_data_py,3,0,nfl_data_py,,1,,,1,,0.17328221320102238,0,cfbd,,1,,,1,,0.2477,0,cfbd,,1,,0.1863,0,cfbd,20.0,0,cfbd_proxy,,1,,,1,,,1,,,1,,,1,,,1,,,1,,11.39,0,cfbd,,1,,,1,,,1,,,1,,0,0,proxy_age_at_draft,0,0,,1,,1.3541,0,cfbd,,,,,,,,,,,,,,,,,,
00-0036365,Bryan Edwards,WR,2020,81,3,LVR,South Carolina,21.0,16,109.1,4,4.5,0,0.0,20,113.6,5.68,0,1,0,5.68,8.2367,-2.5567,1,head_b_v3,v3,21.0,0,nfl_data_py,0,0,proxy_draft_year_age,,1,,1,0,proxy_age_at_draft,20.0,0,proxy_age_at_draft,75.0,0,nfl_combine,212.0,0,nfl_combine,,1,,,1,,,1,,,1,,,1,,,1,,,1,,,1,,,1,,81,0,nfl_data_py,3,0,nfl_data_py,,1,,,1,,0.4029808773903262,0,cfbd,,1,,,1,,0.306,0,cfbd,,1,,0.403,0,cfbd,17.0,0,cfbd_proxy,,1,,,1,,,1,,,1,,,1,,,1,,,1,,12.95,0,cfbd,,1,,,1,,,1,,,1,,1,0,proxy_age_at_draft,0,0,,1,,1.7511,0,cfbd,,,,,,,,,,,,,,,,,,
00-0036251,Zack Moss,RB,2020,86,3,BUF,Utah,22.0,13,105.2,13,64.5,14,169.6,40,339.3,8.482,0,1,0,8.4825,11.2764,-2.7939,1,head_b_v3,v3,22.0,0,nfl_data_py,0,0,proxy_draft_year_age,,1,,0,0,proxy_age_at_draft,21.0,0,proxy_age_at_draft,69.0,0,nfl_combine,223.0,0,nfl_combine,,1,,,1,,95.39,0,combine_barnwell2008,223.0,0,nfl_combine,,1,,1,0,combine_szekely2023_proxy,,1,,,1,,,1,,86,0,nfl_data_py,3,0,nfl_data_py,22.0,0,nfl_data_py,,1,,,1,,0.471741126390251,0,cfbd,,1,,,1,,,1,,,1,,,1,,,1,,0.3006,0,cfbd,,1,,,1,,,1,,,1,,,1,,,1,,,1,,,1,,,1,,19.5,0,cfbd_sp_plus,,1,,0,0,,,,,,,,,,,,,,,,,,,6.2055,0,cfbd,10.5079,0,cfbd
00-0036194,Devin Asiasi,TE,2020,91,3,NWE,UCLA,23.0,0,0.0,3,2.5,0,0.0,3,2.5,0.833,1,1,1,,7.7581,,0,head_b_v3,v3,23.0,0,nfl_data_py,0,0,proxy_draft_year_age,,1,,0,0,proxy_age_at_draft,22.0,0,proxy_age_at_draft,75.0,0,nfl_combine,257.0,0,nfl_combine,,1,,,1,,,1,,,1,,,1,,,1,,257.0,0,nfl_combine,32.12,0,nfl_combine_derived,101.34,0,combine_pp_hass_approx,91,0,nfl_data_py,3,0,nfl_data_py,,1,,23.0,0,nfl_data_py,,1,,,1,,0.19544268516871255,0,cfbd,,1,,,1,,,1,,,1,,,1,,,1,,,1,,1.5047,0,cfbd,,1,,,1,,,1,,,1,,15.42,0,cfbd,,1,,,1,,,1,,,1,,0,0,,,,,,,,,,,,,,,,,,,,,,,,
00-0036331,Devin Duvernay,WR,2020,92,3,BAL,Texas,22.0,15,77.2,14,116.10000000000001,6,7.3,35,200.6,5.731,0,1,0,5.7314,8.2367,-2.5053,1,head_b_v3,v3,22.0,0,nfl_data_py,0,0,proxy_draft_year_age,,1,,0,0,proxy_age_at_draft,21.0,0,proxy_age_at_draft,70.0,0,nfl_combine,200.0,0,nfl_combine,35.5,0,nfl_combine,1,0,nfl_combine_szekely2023_proxy,,1,,,1,,,1,,,1,,,1,,,1,,,1,,92,0,nfl_data_py,3,0,nfl_data_py,,1,,,1,,0.32488450545067804,0,cfbd,,1,,,1,,0.3641,0,cfbd,,1,,0.32,0,cfbd,21.0,0,cfbd_proxy,,1,,,1,,,1,,,1,,,1,,,1,,,1,,13.77,0,cfbd,,1,,,1,,,1,,,1,,0,0,proxy_age_at_draft,0,0,,1,,2.7532,0,cfbd,,,,,,,,,,,,,,,,,,
00-0036297,Darrynton Evans,RB,2020,93,3,TEN,Appalachian St.,22.0,1,3.8,3,10.700000000000001,6,30.0,10,44.5,4.45,1,1,0,4.45,7.3666,-2.9166,1,head_b_v3,v3,22.0,0,nfl_data_py,0,0,proxy_draft_year_age,,1,,0,0,proxy_age_at_draft,21.0,0,proxy_age_at_draft,70.0,0,nfl_combine,203.0,0,nfl_combine,,1,,,1,,107.34,0,combine_barnwell2008,203.0,0,nfl_combine,,1,,1,0,combine_szekely2023_proxy,,1,,,1,,,1,,93,0,nfl_data_py,3,0,nfl_data_py,22.0,0,nfl_data_py,,1,,,1,,,1,,,1,,,1,,,1,,,1,,,1,,,1,,,1,,,1,,,1,,,1,,,1,,,1,,,1,,,1,,,1,,,1,,,1,,,1,,0,0,,,,,,,,,,,,,,,,,,,,1,,,1,
00-0036332,Josiah Deguara,TE,2020,94,3,GNB,Cincinnati,23.0,12,61.5,9,24.400000000000002,4,14.5,25,100.4,4.016,0,1,0,4.016,7.674,-3.658,1,head_b_v3,v3,23.0,0,nfl_data_py,0,0,proxy_draft_year_age,,1,,0,0,proxy_age_at_draft,22.0,0,proxy_age_at_draft,74.0,0,nfl_combine,242.0,0,nfl_combine,,1,,,1,,,1,,,1,,,1,,,1,,242.0,0,nfl_combine,31.07,0,nfl_combine_derived,94.95,0,combine_pp_hass_approx,94,0,nfl_data_py,3,0,nfl_data_py,,1,,23.0,0,nfl_data_py,,1,,,1,,0.28295660782049165,0,cfbd,,1,,,1,,,1,,,1,,,1,,,1,,,1,,1.305,0,cfbd,,1,,,1,,,1,,,1,,12.52,0,cfbd,,1,,,1,,,1,,,1,,0,0,,,,,,,,,,,,,,,,,,,,,,,,
00-0036225,Dalton Keene,TE,2020,101,3,NWE,Virginia Tech,21.0,0,0.0,0,0.0,0,0.0,0,0.0,0.0,1,1,1,,7.674,,0,head_b_v3,v3,21.0,0,nfl_data_py,0,0,proxy_draft_year_age,,1,,1,0,proxy_age_at_draft,20.0,0,proxy_age_at_draft,76.0,0,nfl_combine,253.0,0,nfl_combine,,1,,,1,,,1,,,1,,,1,,,1,,253.0,0,nfl_combine,30.79,0,nfl_combine_derived,102.82,0,combine_pp_hass_approx,101,0,nfl_data_py,3,0,nfl_data_py,,1,,21.0,0,nfl_data_py,,1,,,1,,0.14762891344383058,0,cfbd,,1,,,1,,,1,,,1,,,1,,,1,,,1,,0.7256,0,cfbd,,1,,,1,,,1,,,1,,13.57,0,cfbd,,1,,,1,,,1,,,1,,0,0,,,,,,,,,,,,,,,,,,,,,,,,
00-0036422,Adam Trautman,TE,2020,105,3,NOR,Dayton,23.0,11,63.3,12,44.7,16,60.400000000000006,39,168.4,4.318,0,1,0,4.3179,7.674,-3.3561,1,head_b_v3,v3,23.0,0,nfl_data_py,0,0,proxy_draft_year_age,,1,,0,0,proxy_age_at_draft,22.0,0,proxy_age_at_draft,77.0,0,nfl_combine,255.0,0,nfl_combine,,1,,,1,,,1,,,1,,,1,,,1,,255.0,0,nfl_combine,30.24,0,nfl_combine_derived,97.33,0,combine_pp_hass_approx,105,0,nfl_data_py,3,0,nfl_data_py,,1,,23.0,0,nfl_data_py,,1,,,1,,,1,,,1,,,1,,,1,,,1,,,1,,,1,,,1,,,1,,,1,,,1,,,1,,,1,,,1,,,1,,,1,,,1,,,1,,0,0,,,,,,,,,,,,,,,,,,,,,,,,
00-0036370,Joshua Kelley,RB,2020,112,4,LAC,UCLA,22.0,8,17.0,12,64.80000000000001,17,61.7,37,143.5,3.878,0,1,0,3.8784,7.3384,-3.46,1,head_b_v3,v3,22.0,0,nfl_data_py,0,0,proxy_draft_year_age,,1,,0,0,proxy_age_at_draft,21.0,0,proxy_age_at_draft,71.0,0,nfl_combine,212.0,0,nfl_combine,,1,,,1,,104.32,0,combine_barnwell2008,212.0,0,nfl_combine,6.95,0,nfl_combine,1,0,combine_szekely2023_proxy,,1,,,1,,,1,,112,0,nfl_data_py,4,0,nfl_data_py,22.0,0,nfl_data_py,,1,,,1,,0.6274509803921569,0,cfbd,,1,,,1,,,1,,,1,,,1,,,1,,0.2312,0,cfbd,,1,,,1,,,1,,,1,,,1,,,1,,,1,,,1,,,1,,-3.9,0,cfbd_sp_plus,,1,,0,0,,,,,,,,,,,,,,,,,,,4.6288,0,cfbd,6.9474,0,cfbd
00-0036232,Harrison Bryant,TE,2020,115,4,CLE,Florida Atlantic,22.0,13,62.3,14,61.7,13,37.9,40,161.9,4.048,0,1,0,4.0475,6.2285,-2.181,1,head_b_v3,v3,22.0,0,nfl_data_py,0,0,proxy_draft_year_age,,1,,0,0,proxy_age_at_draft,21.0,0,proxy_age_at_draft,77.0,0,nfl_combine,243.0,0,nfl_combine,,1,,,1,,,1,,,1,,,1,,,1,,243.0,0,nfl_combine,28.81,0,nfl_combine_derived,98.37,0,combine_pp_hass_approx,115,0,nfl_data_py,4,0,nfl_data_py,,1,,22.0,0,nfl_data_py,,1,,,1,,0.2446625871154173,0,cfbd,,1,,,1,,,1,,,1,,,1,,,1,,,1,,2.0,0,cfbd,,1,,,1,,,1,,,1,,14.44,0,cfbd,,1,,,1,,,1,,,1,,0,0,,,,,,,,,,,,,,,,,,,,,,,,
00-0036423,Albert Okwuegbunam,TE,2020,118,4,DEN,Missouri,22.0,13,76.0,6,25.5,1,0.0,20,101.5,5.075,0,1,0,5.075,6.2285,-1.1535,1,head_b_v3,v3,22.0,0,nfl_data_py,0,0,proxy_draft_year_age,,1,,0,0,proxy_age_at_draft,21.0,0,proxy_age_at_draft,77.0,0,nfl_combine,258.0,0,nfl_combine,,1,,,1,,,1,,,1,,,1,,,1,,258.0,0,nfl_combine,30.59,0,nfl_combine_derived,128.63,0,combine_pp_hass_approx,118,0,nfl_data_py,4,0,nfl_data_py,,1,,22.0,0,nfl_data_py,,1,,,1,,0.2337525051203559,0,cfbd,,1,,,1,,,1,,,1,,,1,,,1,,,1,,0.8138,0,cfbd,,1,,,1,,,1,,,1,,12.17,0,cfbd,,1,,,1,,,1,,,1,,0,0,,,,,,,,,,,,,,,,,,,,,,,,
00-0036269,La'Mical Perine,RB,2020,120,4,NYJ,Florida,22.0,2,3.1000000000000005,0,0.0,2,14.0,4,17.1,4.275,1,1,1,,7.3384,,0,head_b_v3,v3,22.0,0,nfl_data_py,0,0,proxy_draft_year_age,,1,,0,0,proxy_age_at_draft,21.0,0,proxy_age_at_draft,71.0,0,nfl_combine,216.0,0,nfl_combine,,1,,,1,,94.82,0,combine_barnwell2008,216.0,0,nfl_combine,7.13,0,nfl_combine,1,0,combine_szekely2023_proxy,,1,,,1,,,1,,120,0,nfl_data_py,4,0,nfl_data_py,22.0,0,nfl_data_py,,1,,,1,,,1,,,1,,,1,,,1,,,1,,,1,,,1,,0.1498,0,cfbd,,1,,,1,,,1,,,1,,,1,,,1,,,1,,,1,,,1,,24.0,0,cfbd_sp_plus,,1,,0,0,,,,,,,,,,,,,,,,,,,4.521,0,cfbd,9.6667,0,cfbd
00-0036226,Jacob Eason,QB,2020,122,4,IND,Washington,22.0,1,-1.0,1,0.3599999999999999,0,0.0,2,-0.64,-0.32,1,1,1,,,,0,head_b_v3,v3,22.0,0,nfl_data_py,0,0,proxy_draft_year_age,,1,,0,0,proxy_age_at_draft,21.0,0,proxy_age_at_draft,78.0,0,nfl_combine,231.0,0,nfl_combine,,1,,,1,,,1,,,1,,,1,,,1,,,1,,,1,,,1,,122,0,nfl_data_py,4,0,nfl_data_py,,1,,,1,,,1,,,1,,,1,,,1,,,1,,,1,,,1,,,1,,,1,,,1,,,1,,,1,,,1,,,1,,,1,,,1,,,1,,,1,,,1,,,1,,0,0,,,,,,,0.642,0,cfbd,7.7,0,cfbd,2.875,0,cfbd,0.059497,0,cfbd,,,,,,
00-0036336,Anthony McFarland Jr.,RB,2020,124,4,PIT,Maryland,22.0,2,2.4,1,6.1000000000000005,1,3.1,4,11.6,2.9,1,1,1,,7.3384,,0,head_b_v3,v3,22.0,0,nfl_data_py,0,0,proxy_draft_year_age,,1,,0,0,proxy_age_at_draft,21.0,0,proxy_age_at_draft,68.0,0,nfl_combine,208.0,0,nfl_combine,,1,,,1,,107.04,0,combine_barnwell2008,208.0,0,nfl_combine,,1,,1,0,combine_szekely2023_proxy,,1,,,1,,,1,,124,0,nfl_data_py,4,0,nfl_data_py,22.0,0,nfl_data_py,,1,,,1,,,1,,,1,,,1,,,1,,,1,,,1,,,1,,,1,,,1,,,1,,,1,,,1,,,1,,,1,,,1,,,1,,,1,,-6.3,0,cfbd_sp_plus,,1,,0,0,,,,,,,,,,,,,,,,,,,,1,,,1,
00-0036301,James Morgan,QB,2020,125,4,NYJ,Florida International,23.0,0,0.0,0,0.0,0,0.0,0,0.0,0.0,1,1,1,,,,0,head_b_v3,v3,23.0,0,nfl_data_py,0,0,proxy_draft_year_age,,1,,0,0,proxy_age_at_draft,22.0,0,proxy_age_at_draft,76.0,0,nfl_combine,229.0,0,nfl_combine,,1,,,1,,,1,,,1,,,1,,,1,,,1,,,1,,,1,,125,0,nfl_data_py,4,0,nfl_data_py,,1,,,1,,,1,,,1,,,1,,,1,,,1,,,1,,,1,,,1,,,1,,,1,,,1,,,1,,,1,,,1,,,1,,,1,,,1,,,1,,,1,,,1,,0,0,,,,,,,0.58,0,cfbd,7.2,0,cfbd,2.8,0,cfbd,0.034739,0,cfbd,,,,,,
00-0036196,Gabriel Davis,WR,2020,128,4,BUF,Central Florida,21.0,15,125.9,15,171.6,16,161.4,46,458.9,9.976,0,1,0,9.9761,6.5416,3.4345,1,head_b_v3,v3,21.0,0,nfl_data_py,0,0,proxy_draft_year_age,,1,,1,0,proxy_age_at_draft,20.0,0,proxy_age_at_draft,74.0,0,nfl_combine,216.0,0,nfl_combine,35.0,0,nfl_combine,1,0,nfl_combine_szekely2023_proxy,,1,,,1,,,1,,,1,,,1,,,1,,,1,,128,0,nfl_data_py,4,0,nfl_data_py,,1,,,1,,0.317383207837422,0,cfbd,,1,,,1,,0.3773,0,cfbd,,1,,0.3956,0,cfbd,19.0,0,cfbd_proxy,,1,,,1,,,1,,,1,,,1,,,1,,,1,,15.99,0,cfbd,,1,,,1,,,1,,,1,,1,0,proxy_age_at_draft,0,0,,1,,2.7155,0,cfbd,,,,,,,,,,,,,,,,,,
00-0036244,Colby Parkinson,TE,2020,133,4,SEA,Stanford,21.0,5,8.3,14,69.2,14,61.7,33,139.2,4.218,0,1,0,4.2182,6.2285,-2.0103,1,head_b_v3,v3,21.0,0,nfl_data_py,0,0,proxy_draft_year_age,,1,,1,0,proxy_age_at_draft,20.0,0,proxy_age_at_draft,79.0,0,nfl_combine,252.0,0,nfl_combine,,1,,,1,,,1,,,1,,,1,,,1,,252.0,0,nfl_combine,28.39,0,nfl_combine_derived,101.19,0,combine_pp_hass_approx,133,0,nfl_data_py,4,0,nfl_data_py,,1,,21.0,0,nfl_data_py,,1,,,1,,0.12210833511281942,0,cfbd,,1,,,1,,,1,,,1,,,1,,,1,,,1,,1.3326,0,cfbd,,1,,,1,,,1,,,1,,13.51,0,cfbd,,1,,,1,,,1,,,1,,0,0,,,,,,,,,,,,,,,,,,,,,,,,
00-0036424,Brycen Hopkins,TE,2020,136,4,LAR,Purdue,23.0,1,1.9,7,17.900000000000002,4,12.8,12,32.6,2.717,1,1,0,2.7167,6.2285,-3.5118,1,head_b_v3,v3,23.0,0,nfl_data_py,0,0,proxy_draft_year_age,,1,,0,0,proxy_age_at_draft,22.0,0,proxy_age_at_draft,76.0,0,nfl_combine,245.0,0,nfl_combine,,1,,,1,,,1,,,1,,,1,,,1,,245.0,0,nfl_combine,29.82,0,nfl_combine_derived,103.91,0,combine_pp_hass_approx,136,0,nfl_data_py,4,0,nfl_data_py,,1,,23.0,0,nfl_data_py,,1,,,1,,0.2322787920371624,0,cfbd,,1,,,1,,,1,,,1,,,1,,,1,,,1,,1.5962,0,cfbd,,1,,,1,,,1,,,1,,15.09,0,cfbd,,1,,,1,,,1,,,1,,0,0,,,,,,,,,,,,,,,,,,,,,,,,
00-0036340,Antonio Gandy-Golden,WR,2020,142,4,WAS,Liberty,22.0,0,0.0,0,0.0,0,0.0,0,0.0,0.0,1,1,1,,6.5416,,0,head_b_v3,v3,22.0,0,nfl_data_py,0,0,proxy_draft_year_age,,1,,0,0,proxy_age_at_draft,21.0,0,proxy_age_at_draft,76.0,0,nfl_combine,223.0,0,nfl_combine,36.0,0,nfl_combine,1,0,nfl_combine_szekely2023_proxy,,1,,,1,,,1,,,1,,,1,,,1,,,1,,142,0,nfl_data_py,4,0,nfl_data_py,,1,,,1,,0.35824978884359737,0,cfbd,,1,,,1,,0.3835,0,cfbd,,1,,0.3584,0,cfbd,19.0,0,cfbd_proxy,,1,,,1,,,1,,,1,,,1,,,1,,,1,,16.41,0,cfbd,,1,,,1,,,1,,,1,,0,0,proxy_age_at_draft,0,0,,1,,2.9491,0,cfbd,,,,,,,,,,,,,,,,,,
00-0036425,DeeJay Dallas,RB,2020,144,4,SEA,Miami (FL),21.0,11,60.1,11,46.2,10,12.200000000000001,32,118.5,3.703,0,1,0,3.7031,7.0626,-3.3595,1,head_b_v3,v3,21.0,0,nfl_data_py,0,0,proxy_draft_year_age,,1,,1,0,proxy_age_at_draft,20.0,0,proxy_age_at_draft,70.0,0,nfl_combine,217.0,0,nfl_combine,,1,,,1,,98.63,0,combine_barnwell2008,217.0,0,nfl_combine,7.18,0,nfl_combine,1,0,combine_szekely2023_proxy,,1,,,1,,,1,,144,0,nfl_data_py,4,0,nfl_data_py,21.0,0,nfl_data_py,,1,,,1,,0.4757328990228013,0,cfbd,,1,,,1,,,1,,,1,,,1,,,1,,0.1826,0,cfbd,,1,,,1,,,1,,,1,,,1,,,1,,,1,,,1,,,1,,9.6,0,cfbd_sp_plus,,1,,0,0,,,,,,,,,,,,,,,,,,,6.0789,0,cfbd,10.9259,0,cfbd
00-0036377,Joe Reed,WR,2020,151,5,LAC,Virginia,22.0,0,0.0,0,0.0,0,0.0,0,0.0,0.0,1,1,1,,6.5416,,0,head_b_v3,v3,22.0,0,nfl_data_py,0,0,proxy_draft_year_age,,1,,0,0,proxy_age_at_draft,21.0,0,proxy_age_at_draft,72.0,0,nfl_combine,224.0,0,nfl_combine,38.0,0,nfl_combine,1,0,nfl_combine_szekely2023_proxy,,1,,,1,,,1,,,1,,,1,,,1,,,1,,151,0,nfl_data_py,5,0,nfl_data_py,,1,,,1,,0.24275555658670134,0,cfbd,,1,,,1,,0.1831,0,cfbd,,1,,0.2494,0,cfbd,20.0,0,cfbd_proxy,,1,,,1,,,1,,,1,,,1,,,1,,,1,,11.69,0,cfbd,,1,,,1,,,1,,,1,,0,0,proxy_age_at_draft,0,0,,1,,1.2058,0,cfbd,,,,,,,,,,,,,,,,,,
00-0036427,Tyler Johnson,WR,2020,161,5,TAM,Minnesota,22.0,15,72.0,0,0.0,1,8.8,16,80.8,5.05,0,1,0,5.05,6.5416,-1.4916,1,head_b_v3,v3,22.0,0,nfl_data_py,0,0,proxy_draft_year_age,,1,,0,0,proxy_age_at_draft,21.0,0,proxy_age_at_draft,73.0,0,nfl_combine,206.0,0,nfl_combine,,1,,,1,,,1,,,1,,,1,,,1,,,1,,,1,,,1,,161,0,nfl_data_py,5,0,nfl_data_py,,1,,,1,,0.40979888913922985,0,cfbd,,1,,,1,,0.3696,0,cfbd,,1,,0.3812,0,cfbd,19.0,0,cfbd_proxy,,1,,,1,,,1,,,1,,,1,,,1,,,1,,15.45,0,cfbd,,1,,,1,,,1,,,1,,0,0,proxy_age_at_draft,0,0,,1,,3.4489,0,cfbd,,,,,,,,,,,,,,,,,,
00-0036254,Collin Johnson,WR,2020,165,5,JAX,Texas,22.0,7,21.5,0,0.0,1,2.1,8,23.6,2.95,1,1,0,2.95,6.5416,-3.5916,1,head_b_v3,v3,22.0,0,nfl_data_py,0,0,proxy_draft_year_age,,1,,0,0,proxy_age_at_draft,21.0,0,proxy_age_at_draft,78.0,0,nfl_combine,222.0,0,nfl_combine,,1,,,1,,,1,,,1,,,1,,,1,,,1,,,1,,,1,,165,0,nfl_data_py,5,0,nfl_data_py,,1,,,1,,0.12119034166445095,0,cfbd,,1,,,1,,0.1398,0,cfbd,,1,,0.1044,0,cfbd,20.0,0,cfbd_proxy,,1,,,1,,,1,,,1,,,1,,,1,,,1,,13.88,0,cfbd,,1,,,1,,,1,,,1,,0,0,proxy_age_at_draft,0,0,,1,,1.0574,0,cfbd,,,,,,,,,,,,,,,,,,
00-0036277,Quintez Cephus,WR,2020,166,5,DET,Wisconsin,22.0,5,49.400000000000006,1,3.5,0,0.0,6,52.9,8.817,1,1,1,,6.5416,,0,head_b_v3,v3,22.0,0,nfl_data_py,0,0,proxy_draft_year_age,,1,,0,0,proxy_age_at_draft,21.0,0,proxy_age_at_draft,73.0,0,nfl_combine,202.0,0,nfl_combine,38.5,0,nfl_combine,1,0,nfl_combine_szekely2023_proxy,,1,,,1,,,1,,,1,,,1,,,1,,,1,,166,0,nfl_data_py,5,0,nfl_data_py,,1,,,1,,0.3552224601475137,0,cfbd,,1,,,1,,0.3219,0,cfbd,,1,,0.3374,0,cfbd,19.0,0,cfbd_proxy,,1,,,1,,,1,,,1,,,1,,,1,,,1,,16.71,0,cfbd,,1,,,1,,,1,,,1,,0,0,proxy_age_at_draft,0,0,,1,,2.3989,0,cfbd,,,,,,,,,,,,,,,,,,
00-0036197,Jake Fromm,QB,2020,167,5,BUF,Georgia,22.0,3,10.900000000000002,0,0.0,0,0.0,3,10.9,3.633,1,1,1,,,,0,head_b_v3,v3,22.0,0,nfl_data_py,0,0,proxy_draft_year_age,,1,,0,0,proxy_age_at_draft,21.0,0,proxy_age_at_draft,74.0,0,nfl_combine,219.0,0,nfl_combine,,1,,,1,,,1,,,1,,,1,,,1,,,1,,,1,,,1,,167,0,nfl_data_py,5,0,nfl_data_py,,1,,,1,,,1,,,1,,,1,,,1,,,1,,,1,,,1,,,1,,,1,,,1,,,1,,,1,,,1,,,1,,,1,,,1,,,1,,,1,,,1,,,1,,0,0,,,,,,,0.608,0,cfbd,7.4,0,cfbd,4.8,0,cfbd,0.04157,0,cfbd,,,,,,
00-0036398,John Hightower,WR,2020,168,5,PHI,Boise St.,24.0,0,0.0,0,0.0,0,0.0,0,0.0,0.0,1,1,1,,6.5416,,0,head_b_v3,v3,24.0,0,nfl_data_py,0,0,proxy_draft_year_age,,1,,0,0,proxy_age_at_draft,23.0,0,proxy_age_at_draft,73.0,0,nfl_combine,189.0,0,nfl_combine,38.5,0,nfl_combine,1,0,nfl_combine_szekely2023_proxy,,1,,,1,,,1,,,1,,,1,,,1,,,1,,168,0,nfl_data_py,5,0,nfl_data_py,,1,,,1,,0.25771675588111,0,cfbd,,1,,,1,,0.2655,0,cfbd,,1,,0.2661,0,cfbd,23.0,0,cfbd_proxy,,1,,,1,,,1,,,1,,,1,,,1,,,1,,18.06,0,cfbd,,1,,,1,,,1,,,1,,0,0,proxy_age_at_draft,0,0,,1,,1.9892,0,cfbd,,,,,,,,,,,,,,,,,,
00-0036308,Isaiah Coulter,WR,2020,171,5,HOU,Rhode Island,21.0,1,0.0,0,0.0,0,0.0,1,0.0,0.0,1,1,1,,6.5416,,0,head_b_v3,v3,21.0,0,nfl_data_py,0,0,proxy_draft_year_age,,1,,1,0,proxy_age_at_draft,20.0,0,proxy_age_at_draft,74.0,0,nfl_combine,198.0,0,nfl_combine,36.0,0,nfl_combine,1,0,nfl_combine_szekely2023_proxy,,1,,,1,,,1,,,1,,,1,,,1,,,1,,171,0,nfl_data_py,5,0,nfl_data_py,,1,,,1,,,1,,,1,,,1,,0.3553,0,cfbd,,1,,0.3443,0,cfbd,18.0,0,cfbd_proxy,,1,,,1,,,1,,,1,,,1,,,1,,,1,,18.95,0,cfbd,,1,,,1,,,1,,,1,,1,0,proxy_age_at_draft,0,0,,1,,,1,,,,,,,,,,,,,,,,,,,
00-0036278,Jason Huntley,RB,2020,172,5,DET,New Mexico St.,22.0,1,5.1000000000000005,0,0.0,0,0.0,1,5.1,5.1,1,1,1,,6.9631,,0,head_b_v3,v3,22.0,0,nfl_data_py,0,0,proxy_draft_year_age,,1,,0,0,proxy_age_at_draft,21.0,0,proxy_age_at_draft,,1,,,1,,,1,,,1,,,1,,,1,,,1,,,1,,,1,,,1,,,1,,172,0,nfl_data_py,5,0,nfl_data_py,22.0,0,nfl_data_py,,1,,,1,,0.5977424506387921,0,cfbd,,1,,,1,,,1,,,1,,,1,,,1,,0.2945,0,cfbd,,1,,,1,,,1,,,1,,,1,,,1,,,1,,,1,,,1,,-22.0,0,cfbd_sp_plus,,1,,0,0,,,,,,,,,,,,,,,,,,,7.0779,0,cfbd,8.0775,0,cfbd
00-0036309,Darnell Mooney,WR,2020,173,5,CHI,Tulane,22.0,17,219.70000000000002,11,101.5,14,78.9,42,400.1,9.526,0,1,0,9.5262,6.5416,2.9846,1,head_b_v3,v3,22.0,0,nfl_data_py,0,0,proxy_draft_year_age,,1,,0,0,proxy_age_at_draft,21.0,0,proxy_age_at_draft,70.0,0,nfl_combine,176.0,0,nfl_combine,37.0,0,nfl_combine,1,0,nfl_combine_szekely2023_proxy,,1,,,1,,,1,,,1,,,1,,,1,,,1,,173,0,nfl_data_py,5,0,nfl_data_py,,1,,,1,,0.26465098917506535,0,cfbd,,1,,,1,,0.2719,0,cfbd,,1,,0.2922,0,cfbd,18.0,0,cfbd_proxy,,1,,,1,,,1,,,1,,,1,,,1,,,1,,16.82,0,cfbd,,1,,,1,,,1,,,1,,0,0,proxy_age_at_draft,0,0,,1,,1.994,0,cfbd,,,,,,,,,,,,,,,,,,
00-0036345,K.J. Osborn,WR,2020,176,5,MIN,Miami (FL),23.0,17,158.5,17,155.6,15,120.0,49,434.1,8.859,0,1,0,8.8592,6.0142,2.845,1,head_b_v3,v3,23.0,0,nfl_data_py,0,0,proxy_draft_year_age,,1,,0,0,proxy_age_at_draft,22.0,0,proxy_age_at_draft,71.0,0,nfl_combine,203.0,0,nfl_combine,37.5,0,nfl_combine,1,0,nfl_combine_szekely2023_proxy,,1,,,1,,,1,,,1,,,1,,,1,,,1,,176,0,nfl_data_py,5,0,nfl_data_py,,1,,,1,,0.17703223445736566,0,cfbd,,1,,,1,,0.1591,0,cfbd,,1,,0.1721,0,cfbd,,1,,,1,,,1,,,1,,,1,,,1,,,1,,,1,,10.91,0,cfbd,,1,,,1,,,1,,,1,,0,0,proxy_age_at_draft,0,0,,1,,1.1236,0,cfbd,,,,,,,,,,,,,,,,,,
00-0036233,Donovan Peoples-Jones,WR,2020,187,6,CLE,Michigan,21.0,13,109.7,17,167.1,12,28.5,42,305.3,7.269,0,1,0,7.269,5.0759,2.1931,1,head_b_v3,v3,21.0,0,nfl_data_py,0,0,proxy_draft_year_age,,1,,1,0,proxy_age_at_draft,20.0,0,proxy_age_at_draft,74.0,0,nfl_combine,212.0,0,nfl_combine,44.5,0,nfl_combine,1,0,nfl_combine_szekely2023_proxy,,1,,,1,,,1,,,1,,,1,,,1,,,1,,187,0,nfl_data_py,6,0,nfl_data_py,,1,,,1,,0.1871573137074517,0,cfbd,,1,,,1,,0.1334,0,cfbd,,1,,0.1917,0,cfbd,19.0,0,cfbd_proxy,,1,,,1,,,1,,,1,,,1,,,1,,,1,,13.23,0,cfbd,,1,,,1,,,1,,,1,,1,0,proxy_age_at_draft,0,0,,1,,0.9854,0,cfbd,,,,,,,,,,,,,,,,,,
00-0036312,Jake Luton,QB,2020,189,6,JAX,Oregon St.,24.0,0,0.0,0,0.0,0,0.0,0,0.0,0.0,1,1,1,,,,0,head_b_v3,v3,24.0,0,nfl_data_py,0,0,proxy_draft_year_age,,1,,0,0,proxy_age_at_draft,23.0,0,proxy_age_at_draft,78.0,0,nfl_combine,224.0,0,nfl_combine,,1,,,1,,,1,,,1,,,1,,,1,,,1,,,1,,,1,,189,0,nfl_data_py,6,0,nfl_data_py,,1,,,1,,,1,,,1,,,1,,,1,,,1,,,1,,,1,,,1,,,1,,,1,,,1,,,1,,,1,,,1,,,1,,,1,,,1,,,1,,,1,,,1,,0,0,,,,,,,0.62,0,cfbd,7.6,0,cfbd,9.333333,0,cfbd,0.070796,0,cfbd,,,,,,
00-0036429,Charlie Woerner,TE,2020,190,6,SFO,Georgia,22.0,4,10.200000000000001,2,0.0,3,6.2,9,16.4,1.822,1,1,0,1.8222,4.7182,-2.896,1,head_b_v3,v3,22.0,0,nfl_data_py,0,0,proxy_draft_year_age,,1,,0,0,proxy_age_at_draft,21.0,0,proxy_age_at_draft,77.0,0,nfl_combine,244.0,0,nfl_combine,,1,,,1,,,1,,,1,,,1,,,1,,244.0,0,nfl_combine,28.93,0,nfl_combine_derived,94.71,0,combine_pp_hass_approx,190,0,nfl_data_py,6,0,nfl_data_py,,1,,22.0,0,nfl_data_py,,1,,,1,,0.03172276154338935,0,cfbd,,1,,,1,,,1,,,1,,,1,,,1,,,1,,0.188,0,cfbd,,1,,,1,,,1,,,1,,11.31,0,cfbd,,1,,,1,,,1,,,1,,0,0,,,,,,,,,,,,,,,,,,,,,,,,
00-0036271,Quez Watkins,WR,2020,200,6,PHI,Southern Miss,22.0,17,116.0,16,84.5,5,35.2,38,235.7,6.203,0,1,0,6.2026,5.0759,1.1267,1,head_b_v3,v3,22.0,0,nfl_data_py,0,0,proxy_draft_year_age,,1,,0,0,proxy_age_at_draft,21.0,0,proxy_age_at_draft,72.0,0,nfl_combine,185.0,0,nfl_combine,36.5,0,nfl_combine,1,0,nfl_combine_szekely2023_proxy,,1,,,1,,,1,,,1,,,1,,,1,,,1,,200,0,nfl_data_py,6,0,nfl_data_py,,1,,,1,,,1,,,1,,,1,,0.2957,0,cfbd,,1,,0.2794,0,cfbd,20.0,0,cfbd_proxy,,1,,,1,,,1,,,1,,,1,,,1,,,1,,14.95,0,cfbd,,1,,,1,,,1,,,1,,0,0,proxy_age_at_draft,0,0,,1,,2.3379,0,cfbd,,,,,,,,,,,,,,,,,,
00-0036133,James Proche,WR,2020,201,6,BAL,SMU,23.0,7,36.2,7,12.200000000000001,2,0.0,16,48.4,3.025,0,1,0,3.025,5.0759,-2.0509,1,head_b_v3,v3,23.0,0,nfl_data_py,0,0,proxy_draft_year_age,,1,,0,0,proxy_age_at_draft,22.0,0,proxy_age_at_draft,71.0,0,nfl_combine,201.0,0,nfl_combine,34.5,0,nfl_combine,1,0,nfl_combine_szekely2023_proxy,,1,,,1,,,1,,,1,,,1,,,1,,,1,,201,0,nfl_data_py,6,0,nfl_data_py,,1,,,1,,0.3667247386759582,0,cfbd,,1,,,1,,0.3068,0,cfbd,,1,,0.3655,0,cfbd,19.0,0,cfbd_proxy,,1,,,1,,,1,,,1,,,1,,,1,,,1,,13.23,0,cfbd,,1,,,1,,,1,,,1,,0,0,proxy_age_at_draft,0,0,,1,,2.2644,0,cfbd,,,,,,,,,,,,,,,,,,
00-0036250,Tyler Davis,TE,2020,206,6,JAX,Georgia Tech,23.0,4,7.5,5,6.6,0,0.0,9,14.1,1.567,1,1,0,1.5667,4.601,-3.0343,1,head_b_v3,v3,23.0,0,nfl_data_py,0,0,proxy_draft_year_age,,1,,0,0,proxy_age_at_draft,22.0,0,proxy_age_at_draft,,1,,,1,,,1,,,1,,,1,,,1,,,1,,,1,,,1,,,1,,,1,,206,0,nfl_data_py,6,0,nfl_data_py,,1,,23.0,0,nfl_data_py,,1,,,1,,0.08176282336207663,0,cfbd,,1,,,1,,,1,,,1,,,1,,,1,,,1,,0.5502,0,cfbd,,1,,,1,,,1,,,1,,8.71,0,cfbd,,1,,,1,,,1,,,1,,0,0,,,,,,,,,,,,,,,,,,,,,,,,
00-0036165,Isaiah Hodgins,WR,2020,207,6,BUF,Oregon St.,21.0,0,0.0,9,100.2,14,60.0,23,160.2,6.965,0,1,0,6.9652,5.0759,1.8893,1,head_b_v3,v3,21.0,0,nfl_data_py,0,0,proxy_draft_year_age,,1,,1,0,proxy_age_at_draft,20.0,0,proxy_age_at_draft,76.0,0,nfl_combine,210.0,0,nfl_combine,36.5,0,nfl_combine,1,0,nfl_combine_szekely2023_proxy,,1,,,1,,,1,,,1,,,1,,,1,,,1,,207,0,nfl_data_py,6,0,nfl_data_py,,1,,,1,,0.40794402700642496,0,cfbd,,1,,,1,,0.3826,0,cfbd,,1,,0.4079,0,cfbd,19.0,0,cfbd_proxy,,1,,,1,,,1,,,1,,,1,,,1,,,1,,13.19,0,cfbd,,1,,,1,,,1,,,1,,1,0,proxy_age_at_draft,0,0,,1,,2.7881,0,cfbd,,,,,,,,,,,,,,,,,,
00-0036228,Dezmon Patmon,WR,2020,212,6,IND,Washington St.,22.0,4,10.1,1,4.4,0,0.0,5,14.5,2.9,1,1,1,,5.0759,,0,head_b_v3,v3,22.0,0,nfl_data_py,0,0,proxy_draft_year_age,,1,,0,0,proxy_age_at_draft,21.0,0,proxy_age_at_draft,76.0,0,nfl_combine,225.0,0,nfl_combine,36.0,0,nfl_combine,1,0,nfl_combine_szekely2023_proxy,,1,,,1,,,1,,,1,,,1,,,1,,,1,,212,0,nfl_data_py,6,0,nfl_data_py,,1,,,1,,0.1470892762810354,0,cfbd,,1,,,1,,0.1388,0,cfbd,,1,,0.1439,0,cfbd,,1,,,1,,,1,,,1,,,1,,,1,,,1,,,1,,12.87,0,cfbd,,1,,,1,,,1,,,1,,0,0,proxy_age_at_draft,0,0,,1,,1.0423,0,cfbd,,,,,,,,,,,,,,,,,,
00-0036247,Freddie Swain,WR,2020,214,6,SEA,Florida,22.0,16,86.5,3,11.4,0,0.0,19,97.9,5.153,0,1,0,5.1526,5.0759,0.0767,1,head_b_v3,v3,22.0,0,nfl_data_py,0,0,proxy_draft_year_age,,1,,0,0,proxy_age_at_draft,21.0,0,proxy_age_at_draft,72.0,0,nfl_combine,197.0,0,nfl_combine,36.5,0,nfl_combine,1,0,nfl_combine_szekely2023_proxy,,1,,,1,,,1,,,1,,,1,,,1,,,1,,214,0,nfl_data_py,6,0,nfl_data_py,,1,,,1,,0.17217313802991552,0,cfbd,,1,,,1,,0.1376,0,cfbd,,1,,0.1782,0,cfbd,,1,,,1,,,1,,,1,,,1,,,1,,,1,,,1,,14.72,0,cfbd,,1,,,1,,,1,,,1,,0,0,proxy_age_at_draft,0,0,,1,,1.0621,0,cfbd,,,,,,,,,,,,,,,,,,
00-0036259,Jauan Jennings,WR,2020,217,7,SFO,Tennessee,23.0,13,82.2,16,82.6,12,51.5,41,216.3,5.276,0,1,0,5.2756,5.0759,0.1997,1,head_b_v3,v3,23.0,0,nfl_data_py,0,0,proxy_draft_year_age,,1,,0,0,proxy_age_at_draft,22.0,0,proxy_age_at_draft,75.0,0,nfl_combine,215.0,0,nfl_combine,29.0,0,nfl_combine,1,0,nfl_combine_szekely2023_proxy,,1,,,1,,,1,,,1,,,1,,,1,,,1,,217,0,nfl_data_py,7,0,nfl_data_py,,1,,,1,,0.3788723894517391,0,cfbd,,1,,,1,,0.3568,0,cfbd,,1,,0.3889,0,cfbd,19.0,0,cfbd_proxy,,1,,,1,,,1,,,1,,,1,,,1,,,1,,15.04,0,cfbd,,1,,,1,,,1,,,1,,0,0,proxy_age_at_draft,0,0,,1,,2.6167,0,cfbd,,,,,,,,,,,,,,,,,,
00-0036382,K.J. Hill,WR,2020,220,7,LAC,Ohio St.,22.0,1,6.0,0,0.0,0,0.0,1,6.0,6.0,1,1,1,,4.8253,,0,head_b_v3,v3,22.0,0,nfl_data_py,0,0,proxy_draft_year_age,,1,,0,0,proxy_age_at_draft,21.0,0,proxy_age_at_draft,72.0,0,nfl_combine,196.0,0,nfl_combine,32.5,0,nfl_combine,1,0,nfl_combine_szekely2023_proxy,,1,,,1,,,1,,,1,,,1,,,1,,,1,,220,0,nfl_data_py,7,0,nfl_data_py,,1,,,1,,0.190485884907709,0,cfbd,,1,,,1,,0.1691,0,cfbd,,1,,0.191,0,cfbd,,1,,,1,,,1,,,1,,,1,,,1,,,1,,,1,,11.58,0,cfbd,,1,,,1,,,1,,,1,,0,0,proxy_age_at_draft,0,0,,1,,1.4015,0,cfbd,,,,,,,,,,,,,,,,,,
00-0036383,Eno Benjamin,RB,2020,222,7,ARI,Arizona St.,21.0,7,28.0,12,89.60000000000001,0,0.0,19,117.6,6.189,0,1,0,6.1895,6.9631,-0.7736,1,head_b_v3,v3,21.0,0,nfl_data_py,0,0,proxy_draft_year_age,,1,,1,0,proxy_age_at_draft,20.0,0,proxy_age_at_draft,69.0,0,nfl_combine,207.0,0,nfl_combine,,1,,,1,,94.92,0,combine_barnwell2008,207.0,0,nfl_combine,6.97,0,nfl_combine,1,0,combine_szekely2023_proxy,,1,,,1,,,1,,222,0,nfl_data_py,7,0,nfl_data_py,21.0,0,nfl_data_py,,1,,,1,,0.7226303658887929,0,cfbd,,1,,,1,,,1,,,1,,,1,,,1,,0.3113,0,cfbd,,1,,,1,,,1,,,1,,,1,,,1,,,1,,,1,,,1,,6.3,0,cfbd_sp_plus,,1,,0,0,,,,,,,,,,,,,,,,,,,4.2806,0,cfbd,7.6364,0,cfbd
00-0036384,Ben DiNucci,QB,2020,231,7,DAL,James Madison,23.0,0,0.0,0,0.0,0,0.0,0,0.0,0.0,1,1,1,,,,0,head_b_v3,v3,23.0,0,nfl_data_py,0,0,proxy_draft_year_age,,1,,0,0,proxy_age_at_draft,22.0,0,proxy_age_at_draft,,1,,,1,,,1,,,1,,,1,,,1,,,1,,,1,,,1,,,1,,,1,,231,0,nfl_data_py,7,0,nfl_data_py,,1,,,1,,,1,,,1,,,1,,,1,,,1,,,1,,,1,,,1,,,1,,,1,,,1,,,1,,,1,,,1,,,1,,,1,,,1,,,1,,,1,,,1,,0,0,,,,,,,,1,below_volume_gate,,1,below_volume_gate,,1,below_volume_gate,,1,below_volume_gate,,,,,,
00-0036433,Tommy Stevens,QB,2020,240,7,NOR,Mississippi St.,23.0,0,0.0,0,0.0,0,0.0,0,0.0,0.0,1,1,1,,,,0,head_b_v3,v3,23.0,0,nfl_data_py,0,0,proxy_draft_year_age,,1,,0,0,proxy_age_at_draft,22.0,0,proxy_age_at_draft,,1,,,1,,,1,,,1,,,1,,,1,,,1,,,1,,,1,,,1,,,1,,240,0,nfl_data_py,7,0,nfl_data_py,,1,,,1,,,1,,,1,,,1,,,1,,,1,,,1,,,1,,,1,,,1,,,1,,,1,,,1,,,1,,,1,,,1,,,1,,,1,,,1,,,1,,,1,,0,0,,,,,,,0.602,0,cfbd,7.2,0,cfbd,2.2,0,cfbd,0.110169,0,cfbd,,,,,,
00-0036279,Nate Stanley,QB,2020,244,7,MIN,Iowa,23.0,0,0.0,0,0.0,0,0.0,0,0.0,0.0,1,1,1,,,,0,head_b_v3,v3,23.0,0,nfl_data_py,0,0,proxy_draft_year_age,,1,,0,0,proxy_age_at_draft,22.0,0,proxy_age_at_draft,76.0,0,nfl_combine,235.0,0,nfl_combine,,1,,,1,,,1,,,1,,,1,,,1,,,1,,,1,,,1,,244,0,nfl_data_py,7,0,nfl_data_py,,1,,,1,,,1,,,1,,,1,,,1,,,1,,,1,,,1,,,1,,,1,,,1,,,1,,,1,,,1,,,1,,,1,,,1,,,1,,,1,,,1,,,1,,0,0,,,,,,,,1,,,1,,,1,,,1,,,,,,,
00-0036435,Raymond Calais,RB,2020,245,7,TAM,Louisiana,22.0,0,0.0,0,0.0,0,0.0,0,0.0,0.0,1,1,1,,6.9631,,0,head_b_v3,v3,22.0,0,nfl_data_py,0,0,proxy_draft_year_age,,1,,0,0,proxy_age_at_draft,21.0,0,proxy_age_at_draft,68.0,0,nfl_combine,188.0,0,nfl_combine,,1,,,1,,98.51,0,combine_barnwell2008,188.0,0,nfl_combine,,1,,1,0,combine_szekely2023_proxy,,1,,,1,,,1,,245,0,nfl_data_py,7,0,nfl_data_py,22.0,0,nfl_data_py,,1,,,1,,0.19434755034089107,0,cfbd,,1,,,1,,,1,,,1,,,1,,,1,,0.1433,0,cfbd,,1,,,1,,,1,,,1,,,1,,,1,,,1,,,1,,,1,,9.6,0,cfbd_sp_plus,,1,,0,0,,,,,,,,,,,,,,,,,,,7.7411,0,cfbd,9.8,0,cfbd
00-0036245,Malcolm Perry,RB,2020,246,7,MIA,Navy,23.0,0,0.0,0,0.0,0,0.0,0,0.0,0.0,1,1,1,,6.9631,,0,head_b_v3,v3,23.0,0,nfl_data_py,0,0,proxy_draft_year_age,,1,,0,0,proxy_age_at_draft,22.0,0,proxy_age_at_draft,69.0,0,nfl_combine,186.0,0,nfl_combine,,1,,,1,,80.95,0,combine_barnwell2008,186.0,0,nfl_combine,7.12,0,nfl_combine,1,0,combine_szekely2023_proxy,,1,,,1,,,1,,246,0,nfl_data_py,7,0,nfl_data_py,23.0,0,nfl_data_py,,1,,,1,,0.4170926950156735,0,cfbd,,1,,,1,,,1,,,1,,,1,,,1,,0.3276,0,cfbd,,1,,,1,,,1,,,1,,,1,,,1,,,1,,,1,,,1,,9.9,0,cfbd_sp_plus,,1,,0,0,,,,,,,,,,,,,,,,,,,6.7566,0,cfbd,21.3636,0,cfbd
00-0036438,Stephen Sullivan,TE,2020,251,7,SEA,LSU,23.0,1,0.0,4,6.6000000000000005,10,24.5,15,31.1,2.073,1,1,0,2.0733,4.3667,-2.2934,1,head_b_v3,v3,23.0,0,nfl_data_py,0,0,proxy_draft_year_age,,1,,0,0,proxy_age_at_draft,22.0,0,proxy_age_at_draft,77.0,0,nfl_combine,248.0,0,nfl_combine,,1,,,1,,,1,,,1,,,1,,,1,,248.0,0,nfl_combine,29.41,0,nfl_combine_derived,106.56,0,combine_pp_hass_approx,251,0,nfl_data_py,7,0,nfl_data_py,,1,,23.0,0,nfl_data_py,,1,,,1,,0.010790172642762285,0,cfbd,,1,,,1,,,1,,,1,,,1,,,1,,,1,,0.2134,0,cfbd,,1,,,1,,,1,,,1,,15.07,0,cfbd,,1,,,1,,,1,,,1,,0,0,,,,,,,,,,,,,,,,,,,,,,,,
00-0036439,Tyrie Cleveland,WR,2020,252,7,DEN,Florida,22.0,1,0.0,3,4.800000000000001,0,0.0,4,4.8,1.2,1,1,1,,4.8253,,0,head_b_v3,v3,22.0,0,nfl_data_py,0,0,proxy_draft_year_age,,1,,0,0,proxy_age_at_draft,21.0,0,proxy_age_at_draft,74.0,0,nfl_combine,209.0,0,nfl_combine,39.5,0,nfl_combine,1,0,nfl_combine_szekely2023_proxy,,1,,,1,,,1,,,1,,,1,,,1,,,1,,252,0,nfl_data_py,7,0,nfl_data_py,,1,,,1,,0.060036425637448654,0,cfbd,,1,,,1,,0.0832,0,cfbd,,1,,0.0572,0,cfbd,19.0,0,cfbd_proxy,,1,,,1,,,1,,,1,,,1,,,1,,,1,,16.05,0,cfbd,,1,,,1,,,1,,,1,,0,0,proxy_age_at_draft,0,0,,1,,0.6424,0,cfbd,,,,,,,,,,,,,,,,,,
00-0036971,Trevor Lawrence,QB,2021,1,1,JAX,Clemson,21.0,17,295.62,16,262.54,10,145.7,43,703.86,16.369,0,1,0,16.3688,,,0,head_b_v3,v3,21.0,0,nfl_data_py,0,0,proxy_draft_year_age,,1,,1,0,proxy_age_at_draft,20.0,0,proxy_age_at_draft,77.0,0,nfl_combine,213.0,0,nfl_combine,,1,,,1,,,1,,,1,,,1,,,1,,,1,,,1,,,1,,1,0,nfl_data_py,1,0,nfl_data_py,,1,,,1,,,1,,,1,,,1,,,1,,,1,,,1,,,1,,,1,,,1,,,1,,,1,,,1,,,1,,,1,,,1,,,1,,,1,,,1,,,1,,,1,,0,0,,,,,,,0.692,0,cfbd,9.4,0,cfbd,4.8,0,cfbd,0.041096,0,cfbd,,,,,,
00-0037013,Zach Wilson,QB,2021,2,1,NYJ,BYU,22.0,9,98.92,12,119.94,0,0.0,21,218.86,10.422,0,1,0,10.4219,,,0,head_b_v3,v3,22.0,0,nfl_data_py,0,0,proxy_draft_year_age,,1,,0,0,proxy_age_at_draft,21.0,0,proxy_age_at_draft,74.0,0,nfl_combine,214.0,0,nfl_combine,,1,,,1,,,1,,,1,,,1,,,1,,,1,,,1,,,1,,2,0,nfl_data_py,1,0,nfl_data_py,,1,,,1,,,1,,,1,,,1,,,1,,,1,,,1,,,1,,,1,,,1,,,1,,,1,,,1,,,1,,,1,,,1,,,1,,,1,,,1,,,1,,,1,,0,0,,,,,,,0.733,0,cfbd,11.0,0,cfbd,10.666667,0,cfbd,0.031008,0,cfbd,,,,,,
00-0037012,Trey Lance,QB,2021,3,1,SFO,North Dakota St.,21.0,2,12.46,0,0.0,4,12.74,6,25.2,4.2,1,1,1,,,,0,head_b_v3,v3,21.0,0,nfl_data_py,0,0,proxy_draft_year_age,,1,,1,0,proxy_age_at_draft,20.0,0,proxy_age_at_draft,75.0,0,nfl_combine,224.0,0,nfl_combine,,1,,,1,,,1,,,1,,,1,,,1,,,1,,,1,,,1,,3,0,nfl_data_py,1,0,nfl_data_py,,1,,,1,,,1,,,1,,,1,,,1,,,1,,,1,,,1,,,1,,,1,,,1,,,1,,,1,,,1,,,1,,,1,,,1,,,1,,,1,,,1,,,1,,0,0,,,,,,,,1,,,1,,,1,,,1,,,,,,,
00-0036970,Kyle Pitts,TE,2021,4,1,ATL,Florida,20.0,10,75.6,17,137.3,17,131.2,44,344.1,7.82,0,1,0,7.8205,13.6764,-5.8559,1,head_b_v3,v3,20.0,0,nfl_data_py,0,0,proxy_draft_year_age,,1,,1,0,proxy_age_at_draft,19.0,0,proxy_age_at_draft,77.0,0,nfl_combine,245.0,0,nfl_combine,,1,,,1,,,1,,,1,,,1,,,1,,245.0,0,nfl_combine,29.05,0,nfl_combine_derived,127.75,0,combine_pp_hass_approx,4,0,nfl_data_py,1,0,nfl_data_py,,1,,20.0,0,nfl_data_py,,1,,,1,,0.21518054532056005,0,cfbd,,1,,,1,,,1,,,1,,,1,,,1,,,1,,1.6279,0,cfbd,,1,,,1,,,1,,,1,,14.98,0,cfbd,,1,,,1,,,1,,,1,,0,0,,,,,,,,,,,,,,,,,,,,,,,,
00-0036900,Ja'Marr Chase,WR,2021,5,1,CIN,LSU,21.0,12,242.4,16,262.72,17,403.0,45,908.12,20.18,0,1,0,20.1804,14.8475,5.3329,1,head_b_v3,v3,21.0,0,nfl_data_py,0,0,proxy_draft_year_age,,1,,1,0,proxy_age_at_draft,20.0,0,proxy_age_at_draft,72.0,0,nfl_combine,201.0,0,nfl_combine,41.0,0,nfl_combine,1,0,nfl_combine_szekely2023_proxy,,1,,,1,,,1,,,1,,,1,,,1,,,1,,5,0,nfl_data_py,1,0,nfl_data_py,,1,,,1,,,1,,,1,,,1,,0.2979,0,cfbd,,1,,0.3326,0,cfbd,19.0,0,cfbd_proxy,,1,,,1,,,1,,,1,,,1,,,1,,,1,,19.09,0,cfbd,,1,,,1,,,1,,,1,,1,0,proxy_age_at_draft,0,0,,1,,2.642,0,cfbd,,,,,,,,,,,,,,,,,,
00-0036613,Jaylen Waddle,WR,2021,6,1,MIA,Alabama,22.0,17,259.2,14,198.60000000000002,15,149.6,46,607.4,13.204,0,1,0,13.2043,13.2043,0.0,1,head_b_v3,v3,22.0,0,nfl_data_py,0,0,proxy_draft_year_age,,1,,0,0,proxy_age_at_draft,21.0,0,proxy_age_at_draft,,1,,,1,,,1,,,1,,,1,,,1,,,1,,,1,,,1,,,1,,,1,,6,0,nfl_data_py,1,0,nfl_data_py,,1,,,1,,0.11108554246440844,0,cfbd,,1,,,1,,0.143,0,cfbd,,1,,0.1321,0,cfbd,,1,,,1,,,1,,,1,,,1,,,1,,,1,,,1,,19.52,0,cfbd,,1,,,1,,,1,,,1,,0,0,proxy_age_at_draft,0,0,,1,,1.3106,0,cfbd,,,,,,,,,,,,,,,,,,
00-0036912,DeVonta Smith,WR,2021,10,1,PHI,Alabama,22.0,17,254.60000000000002,16,227.6,13,199.4,46,681.6,14.817,0,1,0,14.8174,10.4961,4.3213,1,head_b_v3,v3,22.0,0,nfl_data_py,0,0,proxy_draft_year_age,,1,,0,0,proxy_age_at_draft,21.0,0,proxy_age_at_draft,,1,,,1,,,1,,,1,,,1,,,1,,,1,,,1,,,1,,,1,,,1,,10,0,nfl_data_py,1,0,nfl_data_py,,1,,,1,,0.47312223858615615,0,cfbd,,1,,,1,,0.3879,0,cfbd,,1,,0.4515,0,cfbd,20.0,0,cfbd_proxy,,1,,,1,,,1,,,1,,,1,,,1,,,1,,16.83,0,cfbd,,1,,,1,,,1,,,1,,0,0,proxy_age_at_draft,0,0,,1,,3.5553,0,cfbd,,,,,,,,,,,,,,,,,,
00-0036945,Justin Fields,QB,2021,11,1,CHI,Ohio St.,22.0,15,295.98,13,230.18,10,119.14,38,645.3,16.982,0,1,0,16.9816,,,0,head_b_v3,v3,22.0,0,nfl_data_py,0,0,proxy_draft_year_age,,1,,0,0,proxy_age_at_draft,21.0,0,proxy_age_at_draft,74.0,0,nfl_combine,227.0,0,nfl_combine,,1,,,1,,,1,,,1,,,1,,,1,,,1,,,1,,,1,,11,0,nfl_data_py,1,0,nfl_data_py,,1,,,1,,,1,,,1,,,1,,,1,,,1,,,1,,,1,,,1,,,1,,,1,,,1,,,1,,,1,,,1,,,1,,,1,,,1,,,1,,,1,,,1,,0,0,,,,,,,0.702,0,cfbd,9.3,0,cfbd,3.666667,0,cfbd,0.085366,0,cfbd,,,,,,
00-0036972,Mac Jones,QB,2021,15,1,NWE,Alabama,23.0,14,170.08,11,106.4,10,96.08,35,372.56,10.645,0,1,0,10.6446,,,0,head_b_v3,v3,23.0,0,nfl_data_py,1,0,proxy_draft_year_age,,1,,0,0,proxy_age_at_draft,22.0,0,proxy_age_at_draft,74.0,0,nfl_combine,217.0,0,nfl_combine,,1,,,1,,,1,,,1,,,1,,,1,,,1,,,1,,,1,,15,0,nfl_data_py,1,0,nfl_data_py,,1,,,1,,,1,,,1,,,1,,,1,,,1,,,1,,,1,,,1,,,1,,,1,,,1,,,1,,,1,,,1,,,1,,,1,,,1,,,1,,,1,,,1,,0,0,,,,,,,0.774,0,cfbd,11.2,0,cfbd,10.25,0,cfbd,0.040632,0,cfbd,,,,,,
00-0036913,Kadarius Toney,WR,2021,20,1,NYG,Florida,22.0,9,59.300000000000004,13,53.0,2,-0.4,24,111.9,4.663,0,1,0,4.6625,10.3868,-5.7243,1,head_b_v3,v3,22.0,0,nfl_data_py,0,0,proxy_draft_year_age,,1,,0,0,proxy_age_at_draft,21.0,0,proxy_age_at_draft,71.0,0,nfl_combine,193.0,0,nfl_combine,39.5,0,nfl_combine,1,0,nfl_combine_szekely2023_proxy,,1,,,1,,,1,,,1,,,1,,,1,,,1,,20,0,nfl_data_py,1,0,nfl_data_py,,1,,,1,,0.21699413335375015,0,cfbd,,1,,,1,,0.2303,0,cfbd,,1,,0.2263,0,cfbd,21.0,0,cfbd_proxy,,1,,,1,,,1,,,1,,,1,,,1,,,1,,13.48,0,cfbd,,1,,,1,,,1,,,1,,0,0,proxy_age_at_draft,0,0,,1,,2.0803,0,cfbd,,,,,,,,,,,,,,,,,,
00-0036893,Najee Harris,RB,2021,24,1,PIT,Alabama,23.0,17,223.46,17,195.5,17,204.6,51,623.56,12.227,0,1,0,12.2267,14.4708,-2.2441,1,head_b_v3,v3,23.0,0,nfl_data_py,1,0,proxy_draft_year_age,,1,,0,0,proxy_age_at_draft,22.0,0,proxy_age_at_draft,,1,,,1,,,1,,,1,,,1,,,1,,,1,,,1,,,1,,,1,,,1,,24,0,nfl_data_py,1,0,nfl_data_py,23.0,0,nfl_data_py,,1,,,1,,0.6595935717045893,0,cfbd,,1,,,1,,,1,,,1,,,1,,,1,,0.2633,0,cfbd,,1,,,1,,,1,,,1,,,1,,,1,,,1,,,1,,,1,,28.3,0,cfbd_sp_plus,,1,,0,0,,,,,,,,,,,,,,,,,,,5.8972,0,cfbd,9.6418,0,cfbd
00-0036973,Travis Etienne,RB,2021,25,1,JAX,Clemson,22.0,17,203.1,17,282.4,15,130.2,49,615.7,12.565,0,1,0,12.5653,12.5653,0.0,1,head_b_v3,v3,22.0,0,nfl_data_py,0,0,proxy_draft_year_age,,1,,0,0,proxy_age_at_draft,21.0,0,proxy_age_at_draft,70.0,0,nfl_combine,215.0,0,nfl_combine,,1,,,1,,109.65,0,combine_barnwell2008,215.0,0,nfl_combine,,1,,1,0,combine_szekely2023_proxy,,1,,,1,,,1,,25,0,nfl_data_py,1,0,nfl_data_py,22.0,0,nfl_data_py,,1,,,1,,0.4594155844155844,0,cfbd,,1,,,1,,,1,,,1,,,1,,,1,,0.2508,0,cfbd,,1,,,1,,,1,,,1,,,1,,,1,,,1,,,1,,,1,,26.1,0,cfbd_sp_plus,,1,,0,0,,,,,,,,,,,,,,,,,,,5.5823,0,cfbd,10.7273,0,cfbd
00-0036550,Rashod Bateman,WR,2021,27,1,BAL,Minnesota,21.0,6,53.5,15,76.5,16,174.60000000000002,37,304.6,8.232,0,1,0,8.2324,10.2078,-1.9754,1,head_b_v3,v3,21.0,0,nfl_data_py,0,0,proxy_draft_year_age,,1,,1,0,proxy_age_at_draft,20.0,0,proxy_age_at_draft,72.0,0,nfl_combine,190.0,0,nfl_combine,36.0,0,nfl_combine,1,0,nfl_combine_szekely2023_proxy,,1,,,1,,,1,,,1,,,1,,,1,,,1,,27,0,nfl_data_py,1,0,nfl_data_py,,1,,,1,,0.3121541299446608,0,cfbd,,1,,,1,,0.3386,0,cfbd,,1,,0.3122,0,cfbd,18.0,0,cfbd_proxy,,1,,,1,,,1,,,1,,,1,,,1,,,1,,16.28,0,cfbd,,1,,,1,,,1,,,1,,1,0,proxy_age_at_draft,0,0,,1,,2.5652,0,cfbd,,,,,,,,,,,,,,,,,,
00-0036980,Elijah Moore,WR,2021,34,2,NYJ,Mississippi,21.0,14,88.1,16,132.10000000000002,17,120.9,47,341.1,7.257,0,1,0,7.2574,10.2078,-2.9504,1,head_b_v3,v3,21.0,0,nfl_data_py,0,0,proxy_draft_year_age,,1,,1,0,proxy_age_at_draft,20.0,0,proxy_age_at_draft,,1,,,1,,36.0,0,nfl_combine,1,0,nfl_combine_szekely2023_proxy,,1,,,1,,,1,,,1,,,1,,,1,,,1,,34,0,nfl_data_py,2,0,nfl_data_py,,1,,,1,,0.30623188405797097,0,cfbd,,1,,,1,,,1,,,1,,,1,,,1,,,1,,,1,,,1,,,1,,,1,,,1,,,1,,,1,,,1,,,1,,,1,,,1,,1,0,proxy_age_at_draft,0,0,,1,,,1,,,,,,,,,,,,,,,,,,,
00-0036997,Javonte Williams,RB,2021,35,2,DEN,North Carolina,21.0,4,42.0,16,179.2,17,157.9,37,379.1,10.246,0,1,0,10.2459,12.444,-2.1981,1,head_b_v3,v3,21.0,0,nfl_data_py,0,0,proxy_draft_year_age,,1,,1,0,proxy_age_at_draft,20.0,0,proxy_age_at_draft,69.0,0,nfl_combine,212.0,0,nfl_combine,,1,,,1,,98.93,0,combine_barnwell2008,212.0,0,nfl_combine,6.97,0,nfl_combine,1,0,combine_szekely2023_proxy,,1,,,1,,,1,,35,0,nfl_data_py,2,0,nfl_data_py,21.0,0,nfl_data_py,,1,,,1,,0.47284199899040885,0,cfbd,,1,,,1,,,1,,,1,,,1,,,1,,0.2356,0,cfbd,,1,,,1,,,1,,,1,,,1,,,1,,,1,,,1,,,1,,18.0,0,cfbd_sp_plus,,1,,0,0,,,,,,,,,,,,,,,,,,,7.2611,0,cfbd,11.1064,0,cfbd
00-0036936,Rondale Moore,WR,2021,49,2,ARI,Purdue,21.0,8,87.9,17,105.0,0,0.0,25,192.9,7.716,0,1,0,7.716,9.8012,-2.0852,1,head_b_v3,v3,21.0,0,nfl_data_py,0,0,proxy_draft_year_age,,1,,1,0,proxy_age_at_draft,20.0,0,proxy_age_at_draft,67.0,0,nfl_combine,180.0,0,nfl_combine,42.5,0,nfl_combine,1,0,nfl_combine_szekely2023_proxy,,1,,,1,,,1,,,1,,,1,,,1,,,1,,49,0,nfl_data_py,2,0,nfl_data_py,,1,,,1,,0.07281553398058252,0,cfbd,,1,,,1,,0.1456,0,cfbd,,1,,0.0728,0,cfbd,18.0,0,cfbd_proxy,,1,,,1,,,1,,,1,,,1,,,1,,,1,,10.9,0,cfbd,,1,,,1,,,1,,,1,,1,0,proxy_age_at_draft,0,0,,1,,1.0345,0,cfbd,,,,,,,,,,,,,,,,,,
00-0036894,Pat Freiermuth,TE,2021,55,2,PIT,Penn St.,22.0,15,148.2,11,76.8,17,168.3,43,393.3,9.147,0,1,0,9.1465,8.8173,0.3292,1,head_b_v3,v3,22.0,0,nfl_data_py,0,0,proxy_draft_year_age,,1,,0,0,proxy_age_at_draft,21.0,0,proxy_age_at_draft,77.0,0,nfl_combine,251.0,0,nfl_combine,,1,,,1,,,1,,,1,,,1,,,1,,251.0,0,nfl_combine,29.76,0,nfl_combine_derived,,1,,55,0,nfl_data_py,2,0,nfl_data_py,,1,,22.0,0,nfl_data_py,,1,,,1,,0.0968617211897814,0,cfbd,,1,,,1,,,1,,,1,,,1,,,1,,,1,,1.0131,0,cfbd,,1,,,1,,,1,,,1,,12.59,0,cfbd,,1,,,1,,,1,,,1,,0,0,,,,,,,,,,,,,,,,,,,,,,,,
00-0036620,D'Wayne Eskridge,WR,2021,56,2,SEA,Western Michigan,24.0,8,13.8,3,0.5,3,7.4,14,21.7,1.55,1,1,0,1.55,8.5194,-6.9694,1,head_b_v3,v3,24.0,0,nfl_data_py,1,0,proxy_draft_year_age,,1,,0,0,proxy_age_at_draft,23.0,0,proxy_age_at_draft,68.0,0,nfl_combine,190.0,0,nfl_combine,35.0,0,nfl_combine,1,0,nfl_combine_szekely2023_proxy,,1,,,1,,,1,,,1,,,1,,,1,,,1,,56,0,nfl_data_py,2,0,nfl_data_py,,1,,,1,,0.4475743348982786,0,cfbd,,1,,,1,,0.4507,0,cfbd,,1,,0.4476,0,cfbd,20.0,0,cfbd_proxy,,1,,,1,,,1,,,1,,,1,,,1,,,1,,18.34,0,cfbd,,1,,,1,,,1,,,1,,0,0,proxy_age_at_draft,0,0,,1,,4.9548,0,cfbd,,,,,,,,,,,,,,,,,,
00-0036849,Tutu Atwell,WR,2021,57,2,LAR,Louisville,21.0,12,63.2,14,112.4,15,98.9,41,274.5,6.695,0,1,0,6.6951,8.5194,-1.8243,1,head_b_v3,v3,21.0,0,nfl_data_py,0,0,proxy_draft_year_age,,1,,1,0,proxy_age_at_draft,20.0,0,proxy_age_at_draft,68.0,0,nfl_combine,155.0,0,nfl_combine,33.0,0,nfl_combine,1,0,nfl_combine_szekely2023_proxy,,1,,,1,,,1,,,1,,,1,,,1,,,1,,57,0,nfl_data_py,2,0,nfl_data_py,,1,,,1,,,1,,,1,,,1,,,1,,,1,,,1,,,1,,,1,,,1,,,1,,,1,,,1,,,1,,,1,,,1,,,1,,,1,,,1,,,1,,1,0,proxy_age_at_draft,0,0,,1,,,1,,,,,,,,,,,,,,,,,,,
00-0036955,Terrace Marshall Jr.,WR,2021,59,2,CAR,LSU,21.0,13,83.0,8,32.900000000000006,5,7.1000000000000005,26,123.0,4.731,0,1,0,4.7308,8.5194,-3.7886,1,head_b_v3,v3,21.0,0,nfl_data_py,0,0,proxy_draft_year_age,,1,,1,0,proxy_age_at_draft,20.0,0,proxy_age_at_draft,,1,,,1,,,1,,,1,,,1,,,1,,,1,,,1,,,1,,,1,,,1,,59,0,nfl_data_py,2,0,nfl_data_py,,1,,,1,,0.32544323400619457,0,cfbd,,1,,,1,,0.2387,0,cfbd,,1,,0.3277,0,cfbd,20.0,0,cfbd_proxy,,1,,,1,,,1,,,1,,,1,,,1,,,1,,15.13,0,cfbd,,1,,,1,,,1,,,1,,1,0,proxy_age_at_draft,0,0,,1,,1.7363,0,cfbd,,,,,,,,,,,,,,,,,,
00-0036928,Kyle Trask,QB,2021,64,2,TAM,Florida,23.0,1,0.92,2,-0.1,3,-0.2,6,0.62,0.103,1,1,1,,,,0,head_b_v3,v3,23.0,0,nfl_data_py,1,0,proxy_draft_year_age,,1,,0,0,proxy_age_at_draft,22.0,0,proxy_age_at_draft,77.0,0,nfl_combine,236.0,0,nfl_combine,,1,,,1,,,1,,,1,,,1,,,1,,,1,,,1,,,1,,64,0,nfl_data_py,2,0,nfl_data_py,,1,,,1,,,1,,,1,,,1,,,1,,,1,,,1,,,1,,,1,,,1,,,1,,,1,,,1,,,1,,,1,,,1,,,1,,,1,,,1,,,1,,,1,,0,0,,,,,,,0.689,0,cfbd,9.8,0,cfbd,5.375,0,cfbd,0.040568,0,cfbd,,,,,,
00-0036946,Kellen Mond,QB,2021,66,3,MIN,Texas A&M,22.0,0,0.0,0,0.0,0,0.0,0,0.0,0.0,1,1,1,,,,0,head_b_v3,v3,22.0,0,nfl_data_py,0,0,proxy_draft_year_age,,1,,0,0,proxy_age_at_draft,21.0,0,proxy_age_at_draft,,1,,,1,,,1,,,1,,,1,,,1,,,1,,,1,,,1,,,1,,,1,,66,0,nfl_data_py,3,0,nfl_data_py,,1,,,1,,,1,,,1,,,1,,,1,,,1,,,1,,,1,,,1,,,1,,,1,,,1,,,1,,,1,,,1,,,1,,,1,,,1,,,1,,,1,,,1,,0,0,,,,,,,0.632,0,cfbd,7.5,0,cfbd,6.333333,0,cfbd,0.019544,0,cfbd,,,,,,
00-0036898,Davis Mills,QB,2021,67,3,HOU,Stanford,22.0,15,181.52,5,17.82,4,9.580000000000002,24,208.92,8.705,0,1,0,8.705,,,0,head_b_v3,v3,22.0,0,nfl_data_py,0,0,proxy_draft_year_age,,1,,0,0,proxy_age_at_draft,21.0,0,proxy_age_at_draft,75.0,0,nfl_combine,217.0,0,nfl_combine,,1,,,1,,,1,,,1,,,1,,,1,,,1,,,1,,,1,,67,0,nfl_data_py,3,0,nfl_data_py,,1,,,1,,,1,,,1,,,1,,,1,,,1,,,1,,,1,,,1,,,1,,,1,,,1,,,1,,,1,,,1,,,1,,,1,,,1,,,1,,,1,,,1,,0,0,,,,,,,0.658,0,cfbd,7.8,0,cfbd,2.333333,0,cfbd,0.043478,0,cfbd,,,,,,
00-0036988,Josh Palmer,WR,2021,77,3,LAC,Tennessee,21.0,16,169.3,10,106.7,15,107.4,41,383.4,9.351,0,1,0,9.3512,8.5194,0.8318,1,head_b_v3,v3,21.0,0,nfl_data_py,0,0,proxy_draft_year_age,,1,,1,0,proxy_age_at_draft,20.0,0,proxy_age_at_draft,,1,,,1,,,1,,,1,,,1,,,1,,,1,,,1,,,1,,,1,,,1,,77,0,nfl_data_py,3,0,nfl_data_py,,1,,,1,,0.2588805918068253,0,cfbd,,1,,,1,,0.232,0,cfbd,,1,,0.2589,0,cfbd,20.0,0,cfbd_proxy,,1,,,1,,,1,,,1,,,1,,,1,,,1,,15.55,0,cfbd,,1,,,1,,,1,,,1,,1,0,proxy_age_at_draft,0,0,,1,,1.6667,0,cfbd,,,,,,,,,,,,,,,,,,
00-0037004,Hunter Long,TE,2021,81,3,MIA,Boston Col.,23.0,0,0.0,0,0.0,7,19.0,7,19.0,2.714,1,1,1,,8.082,,0,head_b_v3,v3,23.0,0,nfl_data_py,1,0,proxy_draft_year_age,,1,,0,0,proxy_age_at_draft,22.0,0,proxy_age_at_draft,,1,,,1,,,1,,,1,,,1,,,1,,,1,,,1,,,1,,,1,,,1,,81,0,nfl_data_py,3,0,nfl_data_py,,1,,23.0,0,nfl_data_py,,1,,,1,,0.21826059139336282,0,cfbd,,1,,,1,,,1,,,1,,,1,,,1,,,1,,1.7564,0,cfbd,,1,,,1,,,1,,,1,,14.39,0,cfbd,,1,,,1,,,1,,,1,,0,0,,,,,,,,,,,,,,,,,,,,,,,,
00-0036626,Dyami Brown,WR,2021,82,3,WAS,North Carolina,21.0,7,32.800000000000004,13,34.96,15,67.4,35,135.16,3.862,0,1,0,3.8617,8.2367,-4.375,1,head_b_v3,v3,21.0,0,nfl_data_py,0,0,proxy_draft_year_age,,1,,1,0,proxy_age_at_draft,20.0,0,proxy_age_at_draft,72.0,0,nfl_combine,189.0,0,nfl_combine,35.0,0,nfl_combine,1,0,nfl_combine_szekely2023_proxy,,1,,,1,,,1,,,1,,,1,,,1,,,1,,82,0,nfl_data_py,3,0,nfl_data_py,,1,,,1,,0.2788801983465178,0,cfbd,,1,,,1,,0.3221,0,cfbd,,1,,0.3039,0,cfbd,19.0,0,cfbd_proxy,,1,,,1,,,1,,,1,,,1,,,1,,,1,,18.84,0,cfbd,,1,,,1,,,1,,,1,,1,0,proxy_age_at_draft,0,0,,1,,3.0364,0,cfbd,,,,,,,,,,,,,,,,,,
00-0037005,Tommy Tremble,TE,2021,83,3,CAR,Notre Dame,21.0,14,54.400000000000006,13,60.4,10,56.4,37,171.2,4.627,0,1,0,4.627,8.082,-3.455,1,head_b_v3,v3,21.0,0,nfl_data_py,0,0,proxy_draft_year_age,,1,,1,0,proxy_age_at_draft,20.0,0,proxy_age_at_draft,75.0,0,nfl_combine,241.0,0,nfl_combine,,1,,,1,,,1,,,1,,,1,,,1,,241.0,0,nfl_combine,30.12,0,nfl_combine_derived,106.23,0,combine_pp_hass_approx,83,0,nfl_data_py,3,0,nfl_data_py,,1,,21.0,0,nfl_data_py,,1,,,1,,0.038083538083538086,0,cfbd,,1,,,1,,,1,,,1,,,1,,,1,,,1,,0.5994,0,cfbd,,1,,,1,,,1,,,1,,11.5,0,cfbd,,1,,,1,,,1,,,1,,0,0,,,,,,,,,,,,,,,,,,,,,,,,
00-0036991,Amari Rodgers,WR,2021,85,3,GNB,Clemson,21.0,9,43.1,1,0.0,0,0.0,10,43.1,4.31,1,1,0,4.31,8.2367,-3.9267,1,head_b_v3,v3,21.0,0,nfl_data_py,0,0,proxy_draft_year_age,,1,,1,0,proxy_age_at_draft,20.0,0,proxy_age_at_draft,69.0,0,nfl_combine,212.0,0,nfl_combine,33.0,0,nfl_combine,1,0,nfl_combine_szekely2023_proxy,,1,,,1,,,1,,,1,,,1,,,1,,,1,,85,0,nfl_data_py,3,0,nfl_data_py,,1,,,1,,0.23485444531864674,0,cfbd,,1,,,1,,0.2554,0,cfbd,,1,,0.2484,0,cfbd,20.0,0,cfbd_proxy,,1,,,1,,,1,,,1,,,1,,,1,,,1,,12.25,0,cfbd,,1,,,1,,,1,,,1,,1,0,proxy_age_at_draft,0,0,,1,,1.9714,0,cfbd,,,,,,,,,,,,,,,,,,
00-0036984,Trey Sermon,RB,2021,88,3,SFO,Ohio St.,22.0,1,1.9000000000000001,8,20.3,14,53.800000000000004,23,76.0,3.304,0,1,0,3.3043,7.3666,-4.0623,1,head_b_v3,v3,22.0,0,nfl_data_py,0,0,proxy_draft_year_age,,1,,0,0,proxy_age_at_draft,21.0,0,proxy_age_at_draft,72.0,0,nfl_combine,215.0,0,nfl_combine,,1,,,1,,98.58,0,combine_barnwell2008,215.0,0,nfl_combine,6.83,0,nfl_combine,1,0,combine_szekely2023_proxy,,1,,,1,,,1,,88,0,nfl_data_py,3,0,nfl_data_py,22.0,0,nfl_data_py,,1,,,1,,0.3174582798459563,0,cfbd,,1,,,1,,,1,,,1,,,1,,,1,,0.2209,0,cfbd,,1,,,1,,,1,,,1,,,1,,,1,,,1,,,1,,,1,,28.4,0,cfbd_sp_plus,,1,,0,0,,,,,,,,,,,,,,,,,,,8.0357,0,cfbd,,1,below_volume_gate
00-0036554,Nico Collins,WR,2021,89,3,HOU,Michigan,22.0,10,97.10000000000001,15,260.4,12,210.60000000000002,37,568.1,15.354,0,1,0,15.3541,8.2367,7.1174,1,head_b_v3,v3,22.0,0,nfl_data_py,0,0,proxy_draft_year_age,,1,,0,0,proxy_age_at_draft,21.0,0,proxy_age_at_draft,76.0,0,nfl_combine,215.0,0,nfl_combine,37.5,0,nfl_combine,1,0,nfl_combine_szekely2023_proxy,,1,,,1,,,1,,,1,,,1,,,1,,,1,,89,0,nfl_data_py,3,0,nfl_data_py,,1,,,1,,,1,,,1,,,1,,0.2249,0,cfbd,,1,,0.2583,0,cfbd,19.0,0,cfbd_proxy,,1,,,1,,,1,,,1,,,1,,,1,,,1,,18.58,0,cfbd,,1,,,1,,,1,,,1,,0,0,proxy_age_at_draft,0,0,,1,,1.661,0,cfbd,,,,,,,,,,,,,,,,,,
00-0036999,Anthony Schwartz,WR,2021,91,3,CLE,Auburn,21.0,6,18.8,0,0.0,0,0.0,6,18.8,3.133,1,1,1,,8.2367,,0,head_b_v3,v3,21.0,0,nfl_data_py,0,0,proxy_draft_year_age,,1,,1,0,proxy_age_at_draft,20.0,0,proxy_age_at_draft,72.0,0,nfl_combine,186.0,0,nfl_combine,32.0,0,nfl_combine,1,0,nfl_combine_szekely2023_proxy,,1,,,1,,,1,,,1,,,1,,,1,,,1,,91,0,nfl_data_py,3,0,nfl_data_py,,1,,,1,,0.2595995045417011,0,cfbd,,1,,,1,,0.3071,0,cfbd,,1,,0.2899,0,cfbd,20.0,0,cfbd_proxy,,1,,,1,,,1,,,1,,,1,,,1,,,1,,12.71,0,cfbd,,1,,,1,,,1,,,1,,1,0,proxy_age_at_draft,0,0,,1,,1.8011,0,cfbd,,,,,,,,,,,,,,,,,,
00-0037011,Tre' McKitty,TE,2021,97,3,LAC,Georgia,22.0,8,17.2,0,0.0,0,0.0,8,17.2,2.15,1,1,0,2.15,7.674,-5.524,1,head_b_v3,v3,22.0,0,nfl_data_py,0,0,proxy_draft_year_age,,1,,0,0,proxy_age_at_draft,21.0,0,proxy_age_at_draft,76.0,0,nfl_combine,247.0,0,nfl_combine,,1,,,1,,,1,,,1,,,1,,,1,,247.0,0,nfl_combine,30.06,0,nfl_combine_derived,,1,,97,0,nfl_data_py,3,0,nfl_data_py,,1,,22.0,0,nfl_data_py,,1,,,1,,0.04795040485829959,0,cfbd,,1,,,1,,,1,,,1,,,1,,,1,,,1,,0.3529,0,cfbd,,1,,,1,,,1,,,1,,18.0,0,cfbd,,1,,,1,,,1,,,1,,0,0,,,,,,,,,,,,,,,,,,,,,,,,
00-0036924,Michael Carter,RB,2021,107,4,NYJ,North Carolina,22.0,16,126.0,15,58.8,3,35.8,34,220.6,6.488,0,1,0,6.4882,7.3384,-0.8502,1,head_b_v3,v3,22.0,0,nfl_data_py,0,0,proxy_draft_year_age,,1,,0,0,proxy_age_at_draft,21.0,0,proxy_age_at_draft,67.0,0,nfl_combine,201.0,0,nfl_combine,,1,,,1,,98.03,0,combine_barnwell2008,201.0,0,nfl_combine,6.81,0,nfl_combine,1,0,combine_szekely2023_proxy,,1,,,1,,,1,,107,0,nfl_data_py,4,0,nfl_data_py,22.0,0,nfl_data_py,,1,,,1,,0.34853609288238263,0,cfbd,,1,,,1,,,1,,,1,,,1,,,1,,0.2466,0,cfbd,,1,,,1,,,1,,,1,,,1,,,1,,,1,,,1,,,1,,18.0,0,cfbd_sp_plus,,1,,0,0,,,,,,,,,,,,,,,,,,,7.9808,0,cfbd,8.1235,0,cfbd
00-0036627,Dez Fitzpatrick,WR,2021,109,4,TEN,Louisville,23.0,0,0.0,0,0.0,0,0.0,0,0.0,0.0,1,1,1,,8.2367,,0,head_b_v3,v3,23.0,0,nfl_data_py,1,0,proxy_draft_year_age,,1,,0,0,proxy_age_at_draft,22.0,0,proxy_age_at_draft,73.0,0,nfl_combine,208.0,0,nfl_combine,35.0,0,nfl_combine,1,0,nfl_combine_szekely2023_proxy,,1,,,1,,,1,,,1,,,1,,,1,,,1,,109,0,nfl_data_py,4,0,nfl_data_py,,1,,,1,,0.2300632911392405,0,cfbd,,1,,,1,,0.3105,0,cfbd,,1,,0.2302,0,cfbd,19.0,0,cfbd_proxy,,1,,,1,,,1,,,1,,,1,,,1,,,1,,16.79,0,cfbd,,1,,,1,,,1,,,1,,0,0,proxy_age_at_draft,0,0,,1,,2.6444,0,cfbd,,,,,,,,,,,,,,,,,,
00-0036963,Amon-Ra St. Brown,WR,2021,112,4,DET,USC,21.0,16,267.6,16,330.90000000000003,17,316.18,49,914.68,18.667,0,1,0,18.6669,8.2367,10.4302,1,head_b_v3,v3,21.0,0,nfl_data_py,0,0,proxy_draft_year_age,,1,,1,0,proxy_age_at_draft,20.0,0,proxy_age_at_draft,71.0,0,nfl_combine,197.0,0,nfl_combine,38.5,0,nfl_combine,1,0,nfl_combine_szekely2023_proxy,,1,,,1,,,1,,,1,,,1,,,1,,,1,,112,0,nfl_data_py,4,0,nfl_data_py,,1,,,1,,0.33062139260714724,0,cfbd,,1,,,1,,0.2495,0,cfbd,,1,,0.3306,0,cfbd,18.0,0,cfbd_proxy,,1,,,1,,,1,,,1,,,1,,,1,,,1,,12.47,0,cfbd,,1,,,1,,,1,,,1,,1,0,proxy_age_at_draft,0,0,,1,,1.8175,0,cfbd,,,,,,,,,,,,,,,,,,
00-0036842,Kene Nwangwu,RB,2021,119,4,MIN,Iowa St.,23.0,3,11.5,3,1.3,1,6.0,7,18.8,2.686,1,1,1,,7.3384,,0,head_b_v3,v3,23.0,0,nfl_data_py,1,0,proxy_draft_year_age,,1,,0,0,proxy_age_at_draft,22.0,0,proxy_age_at_draft,,1,,,1,,,1,,,1,,,1,,,1,,,1,,,1,,,1,,,1,,,1,,119,0,nfl_data_py,4,0,nfl_data_py,23.0,0,nfl_data_py,,1,,,1,,0.1368592788401966,0,cfbd,,1,,,1,,,1,,,1,,,1,,,1,,0.0629,0,cfbd,,1,,,1,,,1,,,1,,,1,,,1,,,1,,,1,,,1,,13.3,0,cfbd_sp_plus,,1,,0,0,,,,,,,,,,,,,,,,,,,5.68,0,cfbd,,1,below_volume_gate
00-0036875,Rhamondre Stevenson,RB,2021,120,4,NWE,Oklahoma,23.0,17,249.10000000000002,12,145.70000000000002,15,175.9,44,570.7,12.97,0,1,0,12.9705,7.3384,5.6321,1,head_b_v3,v3,23.0,0,nfl_data_py,1,0,proxy_draft_year_age,,1,,0,0,proxy_age_at_draft,22.0,0,proxy_age_at_draft,71.0,0,nfl_combine,231.0,0,nfl_combine,,1,,,1,,99.67,0,combine_barnwell2008,231.0,0,nfl_combine,7.09,0,nfl_combine,1,0,combine_szekely2023_proxy,,1,,,1,,,1,,120,0,nfl_data_py,4,0,nfl_data_py,23.0,0,nfl_data_py,,1,,,1,,0.297560838532007,0,cfbd,,1,,,1,,,1,,,1,,,1,,,1,,0.1444,0,cfbd,,1,,,1,,,1,,,1,,,1,,,1,,,1,,,1,,,1,,17.8,0,cfbd_sp_plus,,1,,0,0,,,,,,,,,,,,,,,,,,,5.759,0,cfbd,10.6429,0,cfbd
00-0036628,John Bates,TE,2021,124,4,WAS,Boise St.,23.0,9,30.8,14,34.1,10,14.4,33,79.3,2.403,0,1,0,2.403,6.2285,-3.8255,1,head_b_v3,v3,23.0,0,nfl_data_py,1,0,proxy_draft_year_age,,1,,0,0,proxy_age_at_draft,22.0,0,proxy_age_at_draft,,1,,,1,,,1,,,1,,,1,,,1,,,1,,,1,,,1,,,1,,,1,,124,0,nfl_data_py,4,0,nfl_data_py,,1,,23.0,0,nfl_data_py,,1,,,1,,0.03455404607206143,0,cfbd,,1,,,1,,,1,,,1,,,1,,,1,,,1,,0.5294,0,cfbd,,1,,,1,,,1,,,1,,12.15,0,cfbd,,1,,,1,,,1,,,1,,0,0,,,,,,,,,,,,,,,,,,,,,,,,
00-0036555,Chuba Hubbard,RB,2021,126,4,CAR,Oklahoma St.,22.0,12,89.7,17,182.5,15,241.60000000000002,44,513.8,11.677,0,1,0,11.6773,7.3384,4.3389,1,head_b_v3,v3,22.0,0,nfl_data_py,0,0,proxy_draft_year_age,,1,,0,0,proxy_age_at_draft,21.0,0,proxy_age_at_draft,72.0,0,nfl_combine,210.0,0,nfl_combine,,1,,,1,,104.26,0,combine_barnwell2008,210.0,0,nfl_combine,7.24,0,nfl_combine,1,0,combine_szekely2023_proxy,,1,,,1,,,1,,126,0,nfl_data_py,4,0,nfl_data_py,22.0,0,nfl_data_py,,1,,,1,,0.2979062811565304,0,cfbd,,1,,,1,,,1,,,1,,,1,,,1,,0.1555,0,cfbd,,1,,,1,,,1,,,1,,,1,,,1,,,1,,,1,,,1,,14.2,0,cfbd_sp_plus,,1,,0,0,,,,,,,,,,,,,,,,,,,4.7197,0,cfbd,8.8958,0,cfbd
00-0036876,Kylen Granson,TE,2021,127,4,IND,SMU,23.0,13,61.2,15,73.0,14,32.2,42,166.4,3.962,0,1,0,3.9619,6.2285,-2.2666,1,head_b_v3,v3,23.0,0,nfl_data_py,1,0,proxy_draft_year_age,,1,,0,0,proxy_age_at_draft,22.0,0,proxy_age_at_draft,,1,,,1,,,1,,,1,,,1,,,1,,,1,,,1,,,1,,,1,,,1,,127,0,nfl_data_py,4,0,nfl_data_py,,1,,23.0,0,nfl_data_py,,1,,,1,,0.19297238173366146,0,cfbd,,1,,,1,,,1,,,1,,,1,,,1,,,1,,1.4255,0,cfbd,,1,,,1,,,1,,,1,,16.39,0,cfbd,,1,,,1,,,1,,,1,,0,0,,,,,,,,,,,,,,,,,,,,,,,,
00-0036877,Jaelon Darden,WR,2021,129,4,TAM,North Texas,22.0,3,4.800000000000001,0,0.0,1,1.6,4,6.4,1.6,1,1,1,,6.5416,,0,head_b_v3,v3,22.0,0,nfl_data_py,0,0,proxy_draft_year_age,,1,,0,0,proxy_age_at_draft,21.0,0,proxy_age_at_draft,67.0,0,nfl_combine,174.0,0,nfl_combine,35.5,0,nfl_combine,1,0,nfl_combine_szekely2023_proxy,,1,,,1,,,1,,,1,,,1,,,1,,,1,,129,0,nfl_data_py,4,0,nfl_data_py,,1,,,1,,0.5495330641090359,0,cfbd,,1,,,1,,0.4643,0,cfbd,,1,,0.6121,0,cfbd,20.0,0,cfbd_proxy,,1,,,1,,,1,,,1,,,1,,,1,,,1,,12.17,0,cfbd,,1,,,1,,,1,,,1,,0,0,proxy_age_at_draft,0,0,,1,,3.5417,0,cfbd,,,,,,,,,,,,,,,,,,
00-0036630,Tylan Wallace,WR,2021,131,4,BAL,Oklahoma St.,22.0,5,7.3,2,8.1,8,36.300000000000004,15,51.7,3.447,1,1,0,3.4467,6.5416,-3.0949,1,head_b_v3,v3,22.0,0,nfl_data_py,0,0,proxy_draft_year_age,,1,,0,0,proxy_age_at_draft,21.0,0,proxy_age_at_draft,71.0,0,nfl_combine,194.0,0,nfl_combine,33.0,0,nfl_combine,1,0,nfl_combine_szekely2023_proxy,,1,,,1,,,1,,,1,,,1,,,1,,,1,,131,0,nfl_data_py,4,0,nfl_data_py,,1,,,1,,0.34100126742712294,0,cfbd,,1,,,1,,0.3751,0,cfbd,,1,,0.4018,0,cfbd,19.0,0,cfbd_proxy,,1,,,1,,,1,,,1,,,1,,,1,,,1,,17.11,0,cfbd,,1,,,1,,,1,,,1,,0,0,proxy_age_at_draft,0,0,,1,,2.5647,0,cfbd,,,,,,,,,,,,,,,,,,
00-0036929,Ian Book,QB,2021,133,4,NOR,Notre Dame,23.0,0,0.0,0,0.0,0,0.0,0,0.0,0.0,1,1,1,,,,0,head_b_v3,v3,23.0,0,nfl_data_py,1,0,proxy_draft_year_age,,1,,0,0,proxy_age_at_draft,22.0,0,proxy_age_at_draft,72.0,0,nfl_combine,211.0,0,nfl_combine,,1,,,1,,,1,,,1,,,1,,,1,,,1,,,1,,,1,,133,0,nfl_data_py,4,0,nfl_data_py,,1,,,1,,,1,,,1,,,1,,,1,,,1,,,1,,,1,,,1,,,1,,,1,,,1,,,1,,,1,,,1,,,1,,,1,,,1,,,1,,,1,,,1,,0,0,,,,,,,0.646,0,cfbd,8.0,0,cfbd,5.0,0,cfbd,0.064599,0,cfbd,,,,,,
00-0036918,Jacob Harris,WR,2021,141,4,LAR,Central Florida,24.0,1,1.6,0,0.0,0,0.0,1,1.6,1.6,1,1,1,,6.5416,,0,head_b_v3,v3,24.0,0,nfl_data_py,1,0,proxy_draft_year_age,,1,,0,0,proxy_age_at_draft,23.0,0,proxy_age_at_draft,,1,,,1,,,1,,,1,,,1,,,1,,,1,,,1,,,1,,,1,,,1,,141,0,nfl_data_py,4,0,nfl_data_py,,1,,,1,,0.20154075546719682,0,cfbd,,1,,,1,,0.1429,0,cfbd,,1,,0.1881,0,cfbd,,1,,,1,,,1,,,1,,,1,,,1,,,1,,,1,,20.44,0,cfbd,,1,,,1,,,1,,,1,,0,0,proxy_age_at_draft,0,0,,1,,1.1569,0,cfbd,,,,,,,,,,,,,,,,,,
00-0036887,Luke Farrell,TE,2021,145,5,JAX,Ohio St.,23.0,4,8.0,9,28.5,10,18.7,23,55.2,2.4,0,1,0,2.4,6.2285,-3.8285,1,head_b_v3,v3,23.0,0,nfl_data_py,1,0,proxy_draft_year_age,,1,,0,0,proxy_age_at_draft,22.0,0,proxy_age_at_draft,77.0,0,nfl_combine,251.0,0,nfl_combine,,1,,,1,,,1,,,1,,,1,,,1,,251.0,0,nfl_combine,29.76,0,nfl_combine_derived,96.61,0,combine_pp_hass_approx,145,0,nfl_data_py,5,0,nfl_data_py,,1,,23.0,0,nfl_data_py,,1,,,1,,0.03153679653679654,0,cfbd,,1,,,1,,,1,,,1,,,1,,,1,,,1,,0.1156,0,cfbd,,1,,,1,,,1,,,1,,11.63,0,cfbd,,1,,,1,,,1,,,1,,0,0,,,,,,,,,,,,,,,,,,,,,,,,
00-0036556,Brevin Jordan,TE,2021,147,5,HOU,Miami (FL),21.0,9,26.8,9,50.900000000000006,2,2.7,20,80.4,4.02,0,1,0,4.02,6.1922,-2.1722,1,head_b_v3,v3,21.0,0,nfl_data_py,0,0,proxy_draft_year_age,,1,,1,0,proxy_age_at_draft,20.0,0,proxy_age_at_draft,74.0,0,nfl_combine,247.0,0,nfl_combine,,1,,,1,,,1,,,1,,,1,,,1,,247.0,0,nfl_combine,31.71,0,nfl_combine_derived,103.77,0,combine_pp_hass_approx,147,0,nfl_data_py,5,0,nfl_data_py,,1,,21.0,0,nfl_data_py,,1,,,1,,0.22904161412358132,0,cfbd,,1,,,1,,,1,,,1,,,1,,,1,,,1,,1.2598,0,cfbd,,1,,,1,,,1,,,1,,13.24,0,cfbd,,1,,,1,,,1,,,1,,0,0,,,,,,,,,,,,,,,,,,,,,,,,
00-0036919,Kenneth Gainwell,RB,2021,150,5,PHI,Memphis,22.0,17,87.9,16,97.38,16,62.6,49,247.88,5.059,0,1,0,5.0588,7.0626,-2.0038,1,head_b_v3,v3,22.0,0,nfl_data_py,0,0,proxy_draft_year_age,,1,,0,0,proxy_age_at_draft,21.0,0,proxy_age_at_draft,,1,,201.0,0,nfl_combine,,1,,,1,,105.33,0,combine_barnwell2008,201.0,0,nfl_combine,,1,,1,0,combine_szekely2023_proxy,,1,,,1,,,1,,150,0,nfl_data_py,5,0,nfl_data_py,22.0,0,nfl_data_py,,1,,,1,,,1,,,1,,,1,,,1,,,1,,,1,,,1,,,1,,,1,,,1,,,1,,,1,,,1,,,1,,,1,,,1,,,1,,5.7,0,cfbd_sp_plus,,1,,0,0,,,,,,,,,,,,,,,,,,,,1,,11.68,0,cfbd
00-0036635,Ihmir Smith-Marsette,WR,2021,157,5,MIN,Iowa,22.0,3,0.4,7,32.5,1,6.0,11,38.9,3.536,1,1,0,3.5364,6.5416,-3.0052,1,head_b_v3,v3,22.0,0,nfl_data_py,0,0,proxy_draft_year_age,,1,,0,0,proxy_age_at_draft,21.0,0,proxy_age_at_draft,72.0,0,nfl_combine,181.0,0,nfl_combine,37.0,0,nfl_combine,1,0,nfl_combine_szekely2023_proxy,,1,,,1,,,1,,,1,,,1,,,1,,,1,,157,0,nfl_data_py,5,0,nfl_data_py,,1,,,1,,0.3313303816150116,0,cfbd,,1,,,1,,0.2182,0,cfbd,,1,,0.3313,0,cfbd,20.0,0,cfbd_proxy,,1,,,1,,,1,,,1,,,1,,,1,,,1,,14.55,0,cfbd,,1,,,1,,,1,,,1,,0,0,proxy_age_at_draft,0,0,,1,,1.3911,0,cfbd,,,,,,,,,,,,,,,,,,
00-0036637,Noah Gray,TE,2021,162,5,KAN,Duke,22.0,17,70.0,16,70.6,16,113.3,49,253.9,5.182,0,1,0,5.1816,6.1922,-1.0106,1,head_b_v3,v3,22.0,0,nfl_data_py,0,0,proxy_draft_year_age,,1,,0,0,proxy_age_at_draft,21.0,0,proxy_age_at_draft,75.0,0,nfl_combine,240.0,0,nfl_combine,,1,,,1,,,1,,,1,,,1,,,1,,240.0,0,nfl_combine,29.99,0,nfl_combine_derived,110.52,0,combine_pp_hass_approx,162,0,nfl_data_py,5,0,nfl_data_py,,1,,22.0,0,nfl_data_py,,1,,,1,,0.1478529663699676,0,cfbd,,1,,,1,,,1,,,1,,,1,,,1,,,1,,0.7128,0,cfbd,,1,,,1,,,1,,,1,,9.08,0,cfbd,,1,,,1,,,1,,,1,,0,0,,,,,,,,,,,,,,,,,,,,,,,,
00-0036640,Zach Davidson,TE,2021,168,5,MIN,Central Missouri St.,23.0,0,0.0,0,0.0,2,1.5,2,1.5,0.75,1,1,1,,6.1134,,0,head_b_v3,v3,23.0,0,nfl_data_py,1,0,proxy_draft_year_age,,1,,0,0,proxy_age_at_draft,22.0,0,proxy_age_at_draft,,1,,,1,,,1,,,1,,,1,,,1,,,1,,,1,,,1,,,1,,,1,,168,0,nfl_data_py,5,0,nfl_data_py,,1,,23.0,0,nfl_data_py,,1,,,1,,,1,,,1,,,1,,,1,,,1,,,1,,,1,,,1,,,1,,,1,,,1,,,1,,,1,,,1,,,1,,,1,,,1,,,1,,0,0,,,,,,,,,,,,,,,,,,,,,,,,
00-0036646,Simi Fehoko,WR,2021,179,5,DAL,Stanford,23.0,2,5.4,1,7.9,5,16.6,8,29.9,3.738,1,1,0,3.7375,5.0759,-1.3384,1,head_b_v3,v3,23.0,0,nfl_data_py,1,0,proxy_draft_year_age,,1,,0,0,proxy_age_at_draft,22.0,0,proxy_age_at_draft,75.0,0,nfl_combine,222.0,0,nfl_combine,34.5,0,nfl_combine,1,0,nfl_combine_szekely2023_proxy,,1,,,1,,,1,,,1,,,1,,,1,,,1,,179,0,nfl_data_py,5,0,nfl_data_py,,1,,,1,,0.3834630028141036,0,cfbd,,1,,,1,,0.3384,0,cfbd,,1,,0.3835,0,cfbd,21.0,0,cfbd_proxy,,1,,,1,,,1,,,1,,,1,,,1,,,1,,18.65,0,cfbd,,1,,,1,,,1,,,1,,0,0,proxy_age_at_draft,0,0,,1,,2.6545,0,cfbd,,,,,,,,,,,,,,,,,,
00-0036647,Cornell Powell,WR,2021,181,5,KAN,Clemson,23.0,0,0.0,0,0.0,0,0.0,0,0.0,0.0,1,1,1,,5.0759,,0,head_b_v3,v3,23.0,0,nfl_data_py,1,0,proxy_draft_year_age,,1,,0,0,proxy_age_at_draft,22.0,0,proxy_age_at_draft,72.0,0,nfl_combine,204.0,0,nfl_combine,36.5,0,nfl_combine,1,0,nfl_combine_szekely2023_proxy,,1,,,1,,,1,,,1,,,1,,,1,,,1,,181,0,nfl_data_py,5,0,nfl_data_py,,1,,,1,,0.2183551626787615,0,cfbd,,1,,,1,,0.1965,0,cfbd,,1,,0.1844,0,cfbd,,1,,,1,,,1,,,1,,,1,,,1,,,1,,,1,,12.61,0,cfbd,,1,,,1,,,1,,,1,,0,0,proxy_age_at_draft,0,0,,1,,1.5163,0,cfbd,,,,,,,,,,,,,,,,,,
00-0036951,Frank Darby,WR,2021,187,6,ATL,Arizona St.,23.0,1,2.5,0,0.0,0,0.0,1,2.5,2.5,1,1,1,,5.0759,,0,head_b_v3,v3,23.0,0,nfl_data_py,1,0,proxy_draft_year_age,,1,,0,0,proxy_age_at_draft,22.0,0,proxy_age_at_draft,72.0,0,nfl_combine,201.0,0,nfl_combine,34.5,0,nfl_combine,1,0,nfl_combine_szekely2023_proxy,,1,,,1,,,1,,,1,,,1,,,1,,,1,,187,0,nfl_data_py,6,0,nfl_data_py,,1,,,1,,0.1296010296010296,0,cfbd,,1,,,1,,0.0592,0,cfbd,,1,,0.1296,0,cfbd,21.0,0,cfbd_proxy,,1,,,1,,,1,,,1,,,1,,,1,,,1,,20.29,0,cfbd,,1,,,1,,,1,,,1,,0,0,proxy_age_at_draft,0,0,,1,,0.5287,0,cfbd,,,,,,,,,,,,,,,,,,
00-0036567,Elijah Mitchell,RB,2021,194,6,SFO,Louisiana,23.0,5,43.6,11,47.5,0,0.0,16,91.1,5.694,0,1,0,5.6937,6.9631,-1.2694,1,head_b_v3,v3,23.0,0,nfl_data_py,1,0,proxy_draft_year_age,,1,,0,0,proxy_age_at_draft,22.0,0,proxy_age_at_draft,70.0,0,nfl_combine,201.0,0,nfl_combine,,1,,,1,,109.23,0,combine_barnwell2008,201.0,0,nfl_combine,6.94,0,nfl_combine,1,0,combine_szekely2023_proxy,,1,,,1,,,1,,194,0,nfl_data_py,6,0,nfl_data_py,23.0,0,nfl_data_py,,1,,,1,,0.34720682302771855,0,cfbd,,1,,,1,,,1,,,1,,,1,,,1,,0.1978,0,cfbd,,1,,,1,,,1,,,1,,,1,,,1,,,1,,,1,,,1,,8.1,0,cfbd_sp_plus,,1,,0,0,,,,,,,,,,,,,,,,,,,6.1557,0,cfbd,11.8478,0,cfbd
00-0036569,Gary Brightwell,RB,2021,196,6,NYG,Arizona,22.0,8,29.0,3,11.6,0,0.0,11,40.6,3.691,1,1,0,3.6909,6.9631,-3.2722,1,head_b_v3,v3,22.0,0,nfl_data_py,0,0,proxy_draft_year_age,,1,,0,0,proxy_age_at_draft,21.0,0,proxy_age_at_draft,70.0,0,nfl_combine,218.0,0,nfl_combine,,1,,,1,,95.7,0,combine_barnwell2008,218.0,0,nfl_combine,7.51,0,nfl_combine,1,0,combine_szekely2023_proxy,,1,,,1,,,1,,196,0,nfl_data_py,6,0,nfl_data_py,22.0,0,nfl_data_py,,1,,,1,,0.3531323877068558,0,cfbd,,1,,,1,,,1,,,1,,,1,,,1,,0.2322,0,cfbd,,1,,,1,,,1,,,1,,,1,,,1,,,1,,,1,,,1,,-3.5,0,cfbd_sp_plus,,1,,0,0,,,,,,,,,,,,,,,,,,,4.4884,0,cfbd,6.6316,0,cfbd
00-0036650,Larry Rountree,RB,2021,198,6,LAC,Missouri,22.0,2,5.300000000000001,0,0.0,0,0.0,2,5.3,2.65,1,1,1,,6.9631,,0,head_b_v3,v3,22.0,0,nfl_data_py,0,0,proxy_draft_year_age,,1,,0,0,proxy_age_at_draft,21.0,0,proxy_age_at_draft,,1,,,1,,,1,,,1,,,1,,,1,,6.96,0,nfl_combine,,1,,,1,,,1,,,1,,198,0,nfl_data_py,6,0,nfl_data_py,22.0,0,nfl_data_py,,1,,,1,,,1,,,1,,,1,,,1,,,1,,,1,,,1,,,1,,,1,,,1,,,1,,,1,,,1,,,1,,,1,,,1,,,1,,-1.0,0,cfbd_sp_plus,,1,,0,0,,,,,,,,,,,,,,,,,,,,1,,,1,
00-0036857,Chris Evans,RB,2021,202,6,CIN,Michigan,23.0,4,12.8,1,2.1,0,0.0,5,14.9,2.98,1,1,1,,6.9631,,0,head_b_v3,v3,23.0,0,nfl_data_py,1,0,proxy_draft_year_age,,1,,0,0,proxy_age_at_draft,22.0,0,proxy_age_at_draft,71.0,0,nfl_combine,211.0,0,nfl_combine,,1,,,1,,102.91,0,combine_barnwell2008,211.0,0,nfl_combine,6.83,0,nfl_combine,1,0,combine_szekely2023_proxy,,1,,,1,,,1,,202,0,nfl_data_py,6,0,nfl_data_py,23.0,0,nfl_data_py,,1,,,1,,0.08804531977975434,0,cfbd,,1,,,1,,,1,,,1,,,1,,,1,,0.0697,0,cfbd,,1,,,1,,,1,,,1,,,1,,,1,,,1,,,1,,,1,,10.7,0,cfbd_sp_plus,,1,,0,0,,,,,,,,,,,,,,,,,,,,1,below_volume_gate,10.0435,0,cfbd
00-0036571,Marquez Stevenson,WR,2021,203,6,BUF,Houston,23.0,0,0.0,0,0.0,0,0.0,0,0.0,0.0,1,1,1,,5.0759,,0,head_b_v3,v3,23.0,0,nfl_data_py,1,0,proxy_draft_year_age,,1,,0,0,proxy_age_at_draft,22.0,0,proxy_age_at_draft,70.0,0,nfl_combine,180.0,0,nfl_combine,33.0,0,nfl_combine,1,0,nfl_combine_szekely2023_proxy,,1,,,1,,,1,,,1,,,1,,,1,,,1,,203,0,nfl_data_py,6,0,nfl_data_py,,1,,,1,,0.2055346503606146,0,cfbd,,1,,,1,,0.1636,0,cfbd,,1,,0.2356,0,cfbd,20.0,0,cfbd_proxy,,1,,,1,,,1,,,1,,,1,,,1,,,1,,15.81,0,cfbd,,1,,,1,,,1,,,1,,0,0,proxy_age_at_draft,0,0,,1,,1.0337,0,cfbd,,,,,,,,,,,,,,,,,,
00-0036572,Shi Smith,WR,2021,204,6,CAR,South Carolina,22.0,15,61.6,0,0.0,0,0.0,15,61.6,4.107,1,1,0,4.1067,5.0759,-0.9692,1,head_b_v3,v3,22.0,0,nfl_data_py,0,0,proxy_draft_year_age,,1,,0,0,proxy_age_at_draft,21.0,0,proxy_age_at_draft,,1,,,1,,,1,,,1,,,1,,,1,,,1,,,1,,,1,,,1,,,1,,204,0,nfl_data_py,6,0,nfl_data_py,,1,,,1,,0.4158653846153846,0,cfbd,,1,,,1,,0.335,0,cfbd,,1,,0.4175,0,cfbd,21.0,0,cfbd_proxy,,1,,,1,,,1,,,1,,,1,,,1,,,1,,12.62,0,cfbd,,1,,,1,,,1,,,1,,0,0,proxy_age_at_draft,0,0,,1,,2.1051,0,cfbd,,,,,,,,,,,,,,,,,,
00-0036652,Racey McMath,WR,2021,205,6,TEN,LSU,22.0,4,6.4,0,0.0,0,0.0,4,6.4,1.6,1,1,1,,5.0759,,0,head_b_v3,v3,22.0,0,nfl_data_py,0,0,proxy_draft_year_age,,1,,0,0,proxy_age_at_draft,21.0,0,proxy_age_at_draft,74.0,0,nfl_combine,217.0,0,nfl_combine,34.0,0,nfl_combine,1,0,nfl_combine_szekely2023_proxy,,1,,,1,,,1,,,1,,,1,,,1,,,1,,205,0,nfl_data_py,6,0,nfl_data_py,,1,,,1,,0.05207332051692833,0,cfbd,,1,,,1,,0.0637,0,cfbd,,1,,0.0527,0,cfbd,,1,,,1,,,1,,,1,,,1,,,1,,,1,,,1,,15.78,0,cfbd,,1,,,1,,,1,,,1,,0,0,proxy_age_at_draft,0,0,,1,,0.4632,0,cfbd,,,,,,,,,,,,,,,,,,
00-0036858,Jalen Camp,WR,2021,209,6,JAX,Georgia Tech,23.0,1,1.7000000000000002,0,0.0,0,0.0,1,1.7,1.7,1,1,1,,5.0759,,0,head_b_v3,v3,23.0,0,nfl_data_py,1,0,proxy_draft_year_age,,1,,0,0,proxy_age_at_draft,22.0,0,proxy_age_at_draft,,1,,,1,,,1,,,1,,,1,,,1,,,1,,,1,,,1,,,1,,,1,,209,0,nfl_data_py,6,0,nfl_data_py,,1,,,1,,0.24130013632776062,0,cfbd,,1,,,1,,0.1992,0,cfbd,,1,,0.2425,0,cfbd,22.0,0,cfbd_proxy,,1,,,1,,,1,,,1,,,1,,,1,,,1,,17.02,0,cfbd,,1,,,1,,,1,,,1,,0,0,proxy_age_at_draft,0,0,,1,,1.3852,0,cfbd,,,,,,,,,,,,,,,,,,
00-0036654,Demetric Felton,RB,2021,211,6,CLE,UCLA,23.0,4,2.4,0,0.0,0,0.0,4,2.4,0.6,1,1,1,,6.9631,,0,head_b_v3,v3,23.0,0,nfl_data_py,1,0,proxy_draft_year_age,,1,,0,0,proxy_age_at_draft,22.0,0,proxy_age_at_draft,68.0,0,nfl_combine,189.0,0,nfl_combine,,1,,,1,,88.2,0,combine_barnwell2008,189.0,0,nfl_combine,,1,,1,0,combine_szekely2023_proxy,,1,,,1,,,1,,211,0,nfl_data_py,6,0,nfl_data_py,23.0,0,nfl_data_py,,1,,,1,,0.399246973596416,0,cfbd,,1,,,1,,,1,,,1,,,1,,,1,,0.2559,0,cfbd,,1,,,1,,,1,,,1,,,1,,,1,,,1,,,1,,,1,,-1.1,0,cfbd_sp_plus,,1,,0,0,,,,,,,,,,,,,,,,,,,5.0606,0,cfbd,9.6768,0,cfbd
00-0036906,Khalil Herbert,RB,2021,217,6,CHI,Virginia Tech,23.0,13,117.80000000000001,12,112.5,8,31.5,33,261.8,7.933,0,1,0,7.9333,6.9631,0.9702,1,head_b_v3,v3,23.0,0,nfl_data_py,1,0,proxy_draft_year_age,,1,,0,0,proxy_age_at_draft,22.0,0,proxy_age_at_draft,68.0,0,nfl_combine,210.0,0,nfl_combine,,1,,,1,,106.15,0,combine_barnwell2008,210.0,0,nfl_combine,6.96,0,nfl_combine,1,0,combine_szekely2023_proxy,,1,,,1,,,1,,217,0,nfl_data_py,6,0,nfl_data_py,23.0,0,nfl_data_py,,1,,,1,,0.37152428107866176,0,cfbd,,1,,,1,,,1,,,1,,,1,,,1,,0.2802,0,cfbd,,1,,,1,,,1,,,1,,,1,,,1,,,1,,,1,,,1,,13.7,0,cfbd_sp_plus,,1,,0,0,,,,,,,,,,,,,,,,,,,7.6323,0,cfbd,17.9,0,cfbd
00-0036879,Sam Ehlinger,QB,2021,218,6,IND,Texas,22.0,4,35.620000000000005,0,0.0,0,0.0,4,35.62,8.905,1,1,1,,,,0,head_b_v3,v3,22.0,0,nfl_data_py,0,0,proxy_draft_year_age,,1,,0,0,proxy_age_at_draft,21.0,0,proxy_age_at_draft,73.0,0,nfl_combine,220.0,0,nfl_combine,,1,,,1,,,1,,,1,,,1,,,1,,,1,,,1,,,1,,218,0,nfl_data_py,6,0,nfl_data_py,,1,,,1,,,1,,,1,,,1,,,1,,,1,,,1,,,1,,,1,,,1,,,1,,,1,,,1,,,1,,,1,,,1,,,1,,,1,,,1,,,1,,,1,,0,0,,,,,,,0.602,0,cfbd,8.0,0,cfbd,5.2,0,cfbd,0.059946,0,cfbd,,,,,,
00-0036657,Seth Williams,WR,2021,219,6,DEN,Auburn,21.0,0,0.0,0,0.0,0,0.0,0,0.0,0.0,1,1,1,,4.9089,,0,head_b_v3,v3,21.0,0,nfl_data_py,0,0,proxy_draft_year_age,,1,,1,0,proxy_age_at_draft,20.0,0,proxy_age_at_draft,75.0,0,nfl_combine,211.0,0,nfl_combine,37.0,0,nfl_combine,1,0,nfl_combine_szekely2023_proxy,,1,,,1,,,1,,,1,,,1,,,1,,,1,,219,0,nfl_data_py,6,0,nfl_data_py,,1,,,1,,0.3202587393338838,0,cfbd,,1,,,1,,0.3165,0,cfbd,,1,,0.3401,0,cfbd,18.0,0,cfbd_proxy,,1,,,1,,,1,,,1,,,1,,,1,,,1,,16.13,0,cfbd,,1,,,1,,,1,,,1,,1,0,proxy_age_at_draft,0,0,,1,,1.8564,0,cfbd,,,,,,,,,,,,,,,,,,
00-0036907,Dazz Newsome,WR,2021,221,6,CHI,North Carolina,22.0,0,0.0,0,0.0,0,0.0,0,0.0,0.0,1,1,1,,4.8253,,0,head_b_v3,v3,22.0,0,nfl_data_py,0,0,proxy_draft_year_age,,1,,0,0,proxy_age_at_draft,21.0,0,proxy_age_at_draft,70.0,0,nfl_combine,190.0,0,nfl_combine,34.0,0,nfl_combine,1,0,nfl_combine_szekely2023_proxy,,1,,,1,,,1,,,1,,,1,,,1,,,1,,221,0,nfl_data_py,6,0,nfl_data_py,,1,,,1,,0.19132769092190105,0,cfbd,,1,,,1,,0.1831,0,cfbd,,1,,0.1808,0,cfbd,20.0,0,cfbd_proxy,,1,,,1,,,1,,,1,,,1,,,1,,,1,,13.2,0,cfbd,,1,,,1,,,1,,,1,,0,0,proxy_age_at_draft,0,0,,1,,1.7255,0,cfbd,,,,,,,,,,,,,,,,,,
00-0036482,Mike Strachan,WR,2021,229,7,IND,Charleston (WV),24.0,5,8.9,2,5.5,0,0.0,7,14.4,2.057,1,1,1,,4.8253,,0,head_b_v3,v3,24.0,0,nfl_data_py,1,0,proxy_draft_year_age,,1,,0,0,proxy_age_at_draft,23.0,0,proxy_age_at_draft,,1,,,1,,,1,,,1,,,1,,,1,,,1,,,1,,,1,,,1,,,1,,229,0,nfl_data_py,7,0,nfl_data_py,,1,,,1,,,1,,,1,,,1,,,1,,,1,,,1,,,1,,,1,,,1,,,1,,,1,,,1,,,1,,,1,,,1,,,1,,,1,,,1,,,1,,0,0,proxy_age_at_draft,0,0,,1,,,1,,,,,,,,,,,,,,,,,,,
00-0036860,Jake Funk,RB,2021,233,7,LAR,Maryland,23.0,0,0.0,1,3.2,0,0.0,1,3.2,3.2,1,1,1,,6.9631,,0,head_b_v3,v3,23.0,0,nfl_data_py,1,0,proxy_draft_year_age,,1,,0,0,proxy_age_at_draft,22.0,0,proxy_age_at_draft,70.0,0,nfl_combine,204.0,0,nfl_combine,,1,,,1,,100.39,0,combine_barnwell2008,204.0,0,nfl_combine,6.71,0,nfl_combine,1,0,combine_szekely2023_proxy,,1,,,1,,,1,,233,0,nfl_data_py,7,0,nfl_data_py,23.0,0,nfl_data_py,,1,,,1,,0.6573426573426573,0,cfbd,,1,,,1,,,1,,,1,,,1,,,1,,0.2899,0,cfbd,,1,,,1,,,1,,,1,,,1,,,1,,,1,,,1,,,1,,-0.1,0,cfbd_sp_plus,,1,,0,0,,,,,,,,,,,,,,,,,,,8.5167,0,cfbd,5.8261,0,cfbd
00-0036536,Tre Nixon,WR,2021,242,7,NWE,Central Florida,23.0,0,0.0,0,0.0,0,0.0,0,0.0,0.0,1,1,1,,4.8253,,0,head_b_v3,v3,23.0,0,nfl_data_py,1,0,proxy_draft_year_age,,1,,0,0,proxy_age_at_draft,22.0,0,proxy_age_at_draft,72.0,0,nfl_combine,187.0,0,nfl_combine,35.5,0,nfl_combine,1,0,nfl_combine_szekely2023_proxy,,1,,,1,,,1,,,1,,,1,,,1,,,1,,242,0,nfl_data_py,7,0,nfl_data_py,,1,,,1,,0.06788731894348196,0,cfbd,,1,,,1,,0.0636,0,cfbd,,1,,0.0651,0,cfbd,21.0,0,cfbd_proxy,,1,,,1,,,1,,,1,,,1,,,1,,,1,,15.48,0,cfbd,,1,,,1,,,1,,,1,,0,0,proxy_age_at_draft,0,0,,1,,0.5147,0,cfbd,,,,,,,,,,,,,,,,,,
00-0036578,Gerrid Doaks,RB,2021,244,7,MIA,Cincinnati,23.0,0,0.0,0,0.0,0,0.0,0,0.0,0.0,1,1,1,,6.9631,,0,head_b_v3,v3,23.0,0,nfl_data_py,1,0,proxy_draft_year_age,,1,,0,0,proxy_age_at_draft,22.0,0,proxy_age_at_draft,,1,,,1,,,1,,,1,,,1,,,1,,,1,,,1,,,1,,,1,,,1,,244,0,nfl_data_py,7,0,nfl_data_py,23.0,0,nfl_data_py,,1,,,1,,0.27896811236902713,0,cfbd,,1,,,1,,,1,,,1,,,1,,,1,,0.208,0,cfbd,,1,,,1,,,1,,,1,,,1,,,1,,,1,,,1,,,1,,18.6,0,cfbd_sp_plus,,1,,0,0,,,,,,,,,,,,,,,,,,,4.6736,0,cfbd,11.3056,0,cfbd
00-0036862,Ben Skowronek,WR,2021,249,7,LAR,Notre Dame,24.0,14,84.30000000000001,9,21.5,4,11.9,27,117.7,4.359,0,1,0,4.3593,4.8253,-0.466,1,head_b_v3,v3,24.0,0,nfl_data_py,1,0,proxy_draft_year_age,,1,,0,0,proxy_age_at_draft,23.0,0,proxy_age_at_draft,,1,,,1,,,1,,,1,,,1,,,1,,,1,,,1,,,1,,,1,,,1,,249,0,nfl_data_py,7,0,nfl_data_py,,1,,,1,,0.2437112437112437,0,cfbd,,1,,,1,,0.1523,0,cfbd,,1,,0.2428,0,cfbd,23.0,0,cfbd_proxy,,1,,,1,,,1,,,1,,,1,,,1,,,1,,15.92,0,cfbd,,1,,,1,,,1,,,1,,0,0,proxy_age_at_draft,0,0,,1,,1.0994,0,cfbd,,,,,,,,,,,,,,,,,,
00-0036939,Kawaan Baker,WR,2021,255,7,NOR,South Alabama,23.0,0,0.0,0,0.0,0,0.0,0,0.0,0.0,1,1,1,,4.4862,,0,head_b_v3,v3,23.0,0,nfl_data_py,1,0,proxy_draft_year_age,,1,,0,0,proxy_age_at_draft,22.0,0,proxy_age_at_draft,,1,,,1,,,1,,,1,,,1,,,1,,,1,,,1,,,1,,,1,,,1,,255,0,nfl_data_py,7,0,nfl_data_py,,1,,,1,,0.3428991905813098,0,cfbd,,1,,,1,,0.2414,0,cfbd,,1,,0.3429,0,cfbd,20.0,0,cfbd_proxy,,1,,,1,,,1,,,1,,,1,,,1,,,1,,14.61,0,cfbd,,1,,,1,,,1,,,1,,0,0,proxy_age_at_draft,0,0,,1,,1.8743,0,cfbd,,,,,,,,,,,,,,,,,,
00-0036669,Kylin Hill,RB,2021,256,7,GNB,Mississippi St.,23.0,1,0.7000000000000001,0,0.0,0,0.0,1,0.7,0.7,1,1,1,,6.525,,0,head_b_v3,v3,23.0,0,nfl_data_py,1,0,proxy_draft_year_age,,1,,0,0,proxy_age_at_draft,22.0,0,proxy_age_at_draft,70.0,0,nfl_combine,214.0,0,nfl_combine,,1,,,1,,103.45,0,combine_barnwell2008,214.0,0,nfl_combine,7.13,0,nfl_combine,1,0,combine_szekely2023_proxy,,1,,,1,,,1,,256,0,nfl_data_py,7,0,nfl_data_py,23.0,0,nfl_data_py,,1,,,1,,0.05979381443298969,0,cfbd,,1,,,1,,,1,,,1,,,1,,,1,,0.0841,0,cfbd,,1,,,1,,,1,,,1,,,1,,,1,,,1,,,1,,,1,,-1.4,0,cfbd_sp_plus,,1,,0,0,,,,,,,,,,,,,,,,,,,,1,below_volume_gate,9.8095,0,cfbd
00-0036670,Jermar Jefferson,RB,2021,257,7,DET,Oregon St.,21.0,0,0.0,0,0.0,2,4.2,2,4.2,2.1,1,1,1,,6.525,,0,head_b_v3,v3,21.0,0,nfl_data_py,0,0,proxy_draft_year_age,,1,,1,0,proxy_age_at_draft,20.0,0,proxy_age_at_draft,70.0,0,nfl_combine,206.0,0,nfl_combine,,1,,,1,,94.46,0,combine_barnwell2008,206.0,0,nfl_combine,7.38,0,nfl_combine,1,0,combine_szekely2023_proxy,,1,,,1,,,1,,257,0,nfl_data_py,7,0,nfl_data_py,21.0,0,nfl_data_py,,1,,,1,,0.54352856109906,0,cfbd,,1,,,1,,,1,,,1,,,1,,,1,,0.3219,0,cfbd,,1,,,1,,,1,,,1,,,1,,,1,,,1,,,1,,,1,,-0.7,0,cfbd_sp_plus,,1,,0,0,,,,,,,,,,,,,,,,,,,6.4511,0,cfbd,6.9535,0,cfbd
00-0036671,Dax Milne,WR,2021,258,7,WAS,BYU,22.0,7,15.7,0,0.0,0,0.0,7,15.7,2.243,1,1,1,,4.3167,,0,head_b_v3,v3,22.0,0,nfl_data_py,0,0,proxy_draft_year_age,,1,,0,0,proxy_age_at_draft,21.0,0,proxy_age_at_draft,,1,,,1,,31.0,0,nfl_combine,1,0,nfl_combine_szekely2023_proxy,,1,,,1,,,1,,,1,,,1,,,1,,,1,,258,0,nfl_data_py,7,0,nfl_data_py,,1,,,1,,0.27043400876232204,0,cfbd,,1,,,1,,0.3158,0,cfbd,,1,,0.2913,0,cfbd,21.0,0,cfbd_proxy,,1,,,1,,,1,,,1,,,1,,,1,,,1,,15.6,0,cfbd,,1,,,1,,,1,,,1,,0,0,proxy_age_at_draft,0,0,,1,,2.984,0,cfbd,,,,,,,,,,,,,,,,,,
00-0037238,Drake London,WR,2022,8,1,ATL,USC,21.0,16,174.38,17,280.8,0,0.0,33,455.18,13.793,0,1,1,,10.4961,,0,head_b_v3,v3,21.0,0,nfl_data_py,0,0,proxy_draft_year_age,,1,,1,0,proxy_age_at_draft,20.0,0,proxy_age_at_draft,76.0,0,nfl_combine,219.0,0,nfl_combine,,1,,,1,,,1,,,1,,,1,,,1,,,1,,,1,,,1,,8,0,nfl_data_py,1,0,nfl_data_py,,1,,,1,,0.3180633147113594,0,cfbd,,1,,,1,,0.3028,0,cfbd,,1,,0.3181,0,cfbd,19.0,0,cfbd_proxy,,1,,,1,,,1,,,1,,,1,,,1,,,1,,13.58,0,cfbd,,1,,,1,,,1,,,1,,1,0,proxy_age_at_draft,0,0,,1,,2.168,0,cfbd,,,,,,,,,,,,,,,,,,
00-0037740,Garrett Wilson,WR,2022,10,1,NYJ,Ohio St.,22.0,17,213.2,17,251.9,0,0.0,34,465.1,13.679,0,1,1,,10.4961,,0,head_b_v3,v3,22.0,0,nfl_data_py,0,0,proxy_draft_year_age,,1,,0,0,proxy_age_at_draft,21.0,0,proxy_age_at_draft,72.0,0,nfl_combine,183.0,0,nfl_combine,36.0,0,nfl_combine,1,0,nfl_combine_szekely2023_proxy,,1,,,1,,,1,,,1,,,1,,,1,,,1,,10,0,nfl_data_py,1,0,nfl_data_py,,1,,,1,,0.23726030764908337,0,cfbd,,1,,,1,,0.2416,0,cfbd,,1,,0.2708,0,cfbd,20.0,0,cfbd_proxy,,1,,,1,,,1,,,1,,,1,,,1,,,1,,15.4,0,cfbd,,1,,,1,,,1,,,1,,0,0,proxy_age_at_draft,0,0,,1,,2.1417,0,cfbd,,,,,,,,,,,,,,,,,,
00-0037239,Chris Olave,WR,2022,11,1,NOR,Ohio St.,22.0,16,231.3,8,76.7,0,0.0,24,308.0,12.833,0,1,1,,10.4961,,0,head_b_v3,v3,22.0,0,nfl_data_py,0,0,proxy_draft_year_age,,1,,0,0,proxy_age_at_draft,21.0,0,proxy_age_at_draft,72.0,0,nfl_combine,187.0,0,nfl_combine,32.0,0,nfl_combine,1,0,nfl_combine_szekely2023_proxy,,1,,,1,,,1,,,1,,,1,,,1,,,1,,11,0,nfl_data_py,1,0,nfl_data_py,,1,,,1,,0.23581161761607078,0,cfbd,,1,,,1,,0.2137,0,cfbd,,1,,0.2694,0,cfbd,19.0,0,cfbd_proxy,,1,,,1,,,1,,,1,,,1,,,1,,,1,,15.47,0,cfbd,,1,,,1,,,1,,,1,,0,0,proxy_age_at_draft,0,0,,1,,1.8947,0,cfbd,,,,,,,,,,,,,,,,,,
00-0037240,Jameson Williams,WR,2022,12,1,DET,Alabama,21.0,12,80.3,15,212.20000000000002,0,0.0,27,292.5,10.833,0,1,1,,10.4961,,0,head_b_v3,v3,21.0,0,nfl_data_py,0,0,proxy_draft_year_age,,1,,1,0,proxy_age_at_draft,20.0,0,proxy_age_at_draft,74.0,0,nfl_combine,179.0,0,nfl_combine,,1,,,1,,,1,,,1,,,1,,,1,,,1,,,1,,,1,,12,0,nfl_data_py,1,0,nfl_data_py,,1,,,1,,0.31118790656416323,0,cfbd,,1,,,1,,0.3195,0,cfbd,,1,,0.3302,0,cfbd,20.0,0,cfbd_proxy,,1,,,1,,,1,,,1,,,1,,,1,,,1,,21.25,0,cfbd,,1,,,1,,,1,,,1,,1,0,proxy_age_at_draft,0,0,,1,,2.5306,0,cfbd,,,,,,,,,,,,,,,,,,
00-0037741,Jahan Dotson,WR,2022,16,1,WAS,Penn St.,22.0,17,124.8,14,41.9,0,0.0,31,166.7,5.377,0,1,1,,10.4961,,0,head_b_v3,v3,22.0,0,nfl_data_py,0,0,proxy_draft_year_age,,1,,0,0,proxy_age_at_draft,21.0,0,proxy_age_at_draft,71.0,0,nfl_combine,178.0,0,nfl_combine,36.0,0,nfl_combine,1,0,nfl_combine_szekely2023_proxy,,1,,,1,,,1,,,1,,,1,,,1,,,1,,16,0,nfl_data_py,1,0,nfl_data_py,,1,,,1,,0.4092924663420223,0,cfbd,,1,,,1,,0.3589,0,cfbd,,1,,0.4295,0,cfbd,20.0,0,cfbd_proxy,,1,,,1,,,1,,,1,,,1,,,1,,,1,,15.12,0,cfbd,,1,,,1,,,1,,,1,,0,0,proxy_age_at_draft,0,0,,1,,2.4321,0,cfbd,,,,,,,,,,,,,,,,,,
00-0037742,Treylon Burks,WR,2022,18,1,TEN,Arkansas,22.0,9,39.9,5,7.5,0,0.0,14,47.4,3.386,1,1,1,,10.4597,,0,head_b_v3,v3,22.0,0,nfl_data_py,0,0,proxy_draft_year_age,,1,,0,0,proxy_age_at_draft,21.0,0,proxy_age_at_draft,74.0,0,nfl_combine,225.0,0,nfl_combine,33.0,0,nfl_combine,1,0,nfl_combine_szekely2023_proxy,,1,,,1,,,1,,,1,,,1,,,1,,,1,,18,0,nfl_data_py,1,0,nfl_data_py,,1,,,1,,0.44848975188781015,0,cfbd,,1,,,1,,0.4115,0,cfbd,,1,,0.4557,0,cfbd,20.0,0,cfbd_proxy,,1,,,1,,,1,,,1,,,1,,,1,,,1,,16.43,0,cfbd,,1,,,1,,,1,,,1,,0,0,proxy_age_at_draft,0,0,,1,,3.5159,0,cfbd,,,,,,,,,,,,,,,,,,
00-0038102,Kenny Pickett,QB,2022,20,1,PIT,Pittsburgh,24.0,12,110.2,5,25.14,0,0.0,17,135.34,7.961,0,1,1,,,,0,head_b_v3,v3,24.0,0,nfl_data_py,1,0,proxy_draft_year_age,,1,,0,0,proxy_age_at_draft,23.0,0,proxy_age_at_draft,75.0,0,nfl_combine,217.0,0,nfl_combine,,1,,,1,,,1,,,1,,,1,,,1,,,1,,,1,,,1,,20,0,nfl_data_py,1,0,nfl_data_py,,1,,,1,,,1,,,1,,,1,,,1,,,1,,,1,,,1,,,1,,,1,,,1,,,1,,,1,,,1,,,1,,,1,,,1,,,1,,,1,,,1,,,1,,0,0,,,,,,,0.672,0,cfbd,8.7,0,cfbd,6.0,0,cfbd,0.058824,0,cfbd,,,,,,
00-0038124,Christian Watson,WR,2022,34,2,GNB,North Dakota St.,23.0,9,101.3,14,105.3,0,0.0,23,206.6,8.983,0,1,1,,10.2078,,0,head_b_v3,v3,23.0,0,nfl_data_py,1,0,proxy_draft_year_age,,1,,0,0,proxy_age_at_draft,22.0,0,proxy_age_at_draft,76.0,0,nfl_combine,208.0,0,nfl_combine,38.5,0,nfl_combine,1,0,nfl_combine_szekely2023_proxy,,1,,,1,,,1,,,1,,,1,,,1,,,1,,34,0,nfl_data_py,2,0,nfl_data_py,,1,,,1,,,1,,,1,,,1,,,1,,,1,,,1,,,1,,,1,,,1,,,1,,,1,,,1,,,1,,,1,,,1,,,1,,,1,,,1,,,1,,0,0,proxy_age_at_draft,0,0,,1,,,1,,,,,,,,,,,,,,,,,,,
00-0038120,Breece Hall,RB,2022,36,2,NYJ,Iowa St.,21.0,17,290.5,16,240.9,0,0.0,33,531.4,16.103,0,1,1,,12.444,,0,head_b_v3,v3,21.0,0,nfl_data_py,0,0,proxy_draft_year_age,,1,,1,0,proxy_age_at_draft,20.0,0,proxy_age_at_draft,71.0,0,nfl_combine,217.0,0,nfl_combine,,1,,,1,,116.85,0,combine_barnwell2008,217.0,0,nfl_combine,,1,,1,0,combine_szekely2023_proxy,,1,,,1,,,1,,36,0,nfl_data_py,2,0,nfl_data_py,21.0,0,nfl_data_py,,1,,,1,,0.7523216850167544,0,cfbd,,1,,,1,,,1,,,1,,,1,,,1,,0.3375,0,cfbd,,1,,,1,,,1,,,1,,,1,,,1,,,1,,,1,,,1,,14.3,0,cfbd_sp_plus,,1,,0,0,,,,,,,,,,,,,,,,,,,5.8182,0,cfbd,8.9342,0,cfbd
00-0038134,Kenneth Walker III,RB,2022,41,2,SEA,Michigan St.,21.0,15,199.4,11,181.2,0,0.0,26,380.6,14.638,0,1,1,,12.444,,0,head_b_v3,v3,21.0,0,nfl_data_py,0,0,proxy_draft_year_age,,1,,1,0,proxy_age_at_draft,20.0,0,proxy_age_at_draft,69.0,0,nfl_combine,211.0,0,nfl_combine,,1,,,1,,114.66,0,combine_barnwell2008,211.0,0,nfl_combine,,1,,1,0,combine_szekely2023_proxy,,1,,,1,,,1,,41,0,nfl_data_py,2,0,nfl_data_py,21.0,0,nfl_data_py,,1,,,1,,0.7496048296482508,0,cfbd,,1,,,1,,,1,,,1,,,1,,,1,,0.3315,0,cfbd,,1,,,1,,,1,,,1,,,1,,,1,,,1,,,1,,,1,,11.2,0,cfbd_sp_plus,,1,,0,0,,,,,,,,,,,,,,,,,,,6.2205,0,cfbd,6.8462,0,cfbd
00-0038117,Wan'Dale Robinson,WR,2022,43,2,NYG,Kentucky,21.0,15,133.2,17,182.70000000000002,0,0.0,32,315.9,9.872,0,1,1,,9.8012,,0,head_b_v3,v3,21.0,0,nfl_data_py,0,0,proxy_draft_year_age,,1,,1,0,proxy_age_at_draft,20.0,0,proxy_age_at_draft,68.0,0,nfl_combine,178.0,0,nfl_combine,34.5,0,nfl_combine,1,0,nfl_combine_szekely2023_proxy,,1,,,1,,,1,,,1,,,1,,,1,,,1,,43,0,nfl_data_py,2,0,nfl_data_py,,1,,,1,,0.3732455392658257,0,cfbd,,1,,,1,,0.4311,0,cfbd,,1,,0.3677,0,cfbd,20.0,0,cfbd_proxy,,1,,,1,,,1,,,1,,,1,,,1,,,1,,12.38,0,cfbd,,1,,,1,,,1,,,1,,1,0,proxy_age_at_draft,0,0,,1,,3.1803,0,cfbd,,,,,,,,,,,,,,,,,,
00-0037614,John Metchie,WR,2022,44,2,HOU,Alabama,22.0,14,32.2,10,55.400000000000006,0,0.0,24,87.6,3.65,0,1,1,,9.8012,,0,head_b_v3,v3,22.0,0,nfl_data_py,0,0,proxy_draft_year_age,,1,,0,0,proxy_age_at_draft,21.0,0,proxy_age_at_draft,71.0,0,nfl_combine,187.0,0,nfl_combine,,1,,,1,,,1,,,1,,,1,,,1,,,1,,,1,,,1,,44,0,nfl_data_py,2,0,nfl_data_py,,1,,,1,,0.19589000591366057,0,cfbd,,1,,,1,,0.2525,0,cfbd,,1,,0.2172,0,cfbd,21.0,0,cfbd_proxy,,1,,,1,,,1,,,1,,,1,,,1,,,1,,13.52,0,cfbd,,1,,,1,,,1,,,1,,0,0,proxy_age_at_draft,0,0,,1,,2.0,0,cfbd,,,,,,,,,,,,,,,,,,
00-0038104,Tyquan Thornton,WR,2022,50,2,NWE,Baylor,21.0,9,27.200000000000003,4,8.7,0,0.0,13,35.9,2.762,1,1,1,,9.8012,,0,head_b_v3,v3,21.0,0,nfl_data_py,0,0,proxy_draft_year_age,,1,,1,0,proxy_age_at_draft,20.0,0,proxy_age_at_draft,74.0,0,nfl_combine,181.0,0,nfl_combine,36.5,0,nfl_combine,1,0,nfl_combine_szekely2023_proxy,,1,,,1,,,1,,,1,,,1,,,1,,,1,,50,0,nfl_data_py,2,0,nfl_data_py,,1,,,1,,0.37505862351975616,0,cfbd,,1,,,1,,0.3375,0,cfbd,,1,,0.3644,0,cfbd,18.0,0,cfbd_proxy,,1,,,1,,,1,,,1,,,1,,,1,,,1,,15.78,0,cfbd,,1,,,1,,,1,,,1,,1,0,proxy_age_at_draft,0,0,,1,,2.5918,0,cfbd,,,,,,,,,,,,,,,,,,
00-0037247,George Pickens,WR,2022,52,2,PIT,Georgia,21.0,17,208.8,14,164.4,0,0.0,31,373.2,12.039,0,1,1,,9.8012,,0,head_b_v3,v3,21.0,0,nfl_data_py,0,0,proxy_draft_year_age,,1,,1,0,proxy_age_at_draft,20.0,0,proxy_age_at_draft,75.0,0,nfl_combine,195.0,0,nfl_combine,33.0,0,nfl_combine,1,0,nfl_combine_szekely2023_proxy,,1,,,1,,,1,,,1,,,1,,,1,,,1,,52,0,nfl_data_py,2,0,nfl_data_py,,1,,,1,,0.014160931709899417,0,cfbd,,1,,,1,,0.0143,0,cfbd,,1,,0.0071,0,cfbd,18.0,0,cfbd_proxy,,1,,,1,,,1,,,1,,,1,,,1,,,1,,14.14,0,cfbd,,1,,,1,,,1,,,1,,1,0,proxy_age_at_draft,0,0,,1,,0.113,0,cfbd,,,,,,,,,,,,,,,,,,
00-0037664,Alec Pierce,WR,2022,53,2,IND,Cincinnati,22.0,17,95.4,16,161.4,0,0.0,33,256.8,7.782,0,1,1,,9.8012,,0,head_b_v3,v3,22.0,0,nfl_data_py,0,0,proxy_draft_year_age,,1,,0,0,proxy_age_at_draft,21.0,0,proxy_age_at_draft,75.0,0,nfl_combine,211.0,0,nfl_combine,40.5,0,nfl_combine,1,0,nfl_combine_szekely2023_proxy,,1,,,1,,,1,,,1,,,1,,,1,,,1,,53,0,nfl_data_py,2,0,nfl_data_py,,1,,,1,,0.2520975224558286,0,cfbd,,1,,,1,,0.2682,0,cfbd,,1,,0.2553,0,cfbd,21.0,0,cfbd_proxy,,1,,,1,,,1,,,1,,,1,,,1,,,1,,18.11,0,cfbd,,1,,,1,,,1,,,1,,0,0,proxy_age_at_draft,0,0,,1,,2.1675,0,cfbd,,,,,,,,,,,,,,,,,,
00-0038090,Skyy Moore,WR,2022,54,2,KAN,Western Michigan,21.0,13,53.7,2,0.0,0,0.0,15,53.7,3.58,1,1,1,,9.8012,,0,head_b_v3,v3,21.0,0,nfl_data_py,0,0,proxy_draft_year_age,,1,,1,0,proxy_age_at_draft,20.0,0,proxy_age_at_draft,70.0,0,nfl_combine,195.0,0,nfl_combine,34.5,0,nfl_combine,1,0,nfl_combine_szekely2023_proxy,,1,,,1,,,1,,,1,,,1,,,1,,,1,,54,0,nfl_data_py,2,0,nfl_data_py,,1,,,1,,0.4133270034682386,0,cfbd,,1,,,1,,0.4006,0,cfbd,,1,,0.4384,0,cfbd,18.0,0,cfbd_proxy,,1,,,1,,,1,,,1,,,1,,,1,,,1,,14.69,0,cfbd,,1,,,1,,,1,,,1,,1,0,proxy_age_at_draft,0,0,,1,,3.413,0,cfbd,,,,,,,,,,,,,,,,,,
00-0037744,Trey McBride,TE,2022,55,2,ARI,Colorado St.,22.0,17,181.5,16,243.8,0,0.0,33,425.3,12.888,0,1,1,,8.8173,,0,head_b_v3,v3,22.0,0,nfl_data_py,0,0,proxy_draft_year_age,,1,,0,0,proxy_age_at_draft,21.0,0,proxy_age_at_draft,76.0,0,nfl_combine,246.0,0,nfl_combine,,1,,,1,,,1,,,1,,,1,,,1,,246.0,0,nfl_combine,29.94,0,nfl_combine_derived,,1,,55,0,nfl_data_py,2,0,nfl_data_py,,1,,22.0,0,nfl_data_py,,1,,,1,,0.21892935982339956,0,cfbd,,1,,,1,,,1,,,1,,,1,,,1,,,1,,2.8308,0,cfbd,,1,,,1,,,1,,,1,,12.79,0,cfbd,,1,,,1,,,1,,,1,,0,0,,,,,,,,,,,,,,,,,,,,,,,,
00-0037248,James Cook,RB,2022,63,2,BUF,Georgia,22.0,17,232.70000000000002,16,266.7,0,0.0,33,499.4,15.133,0,1,1,,11.6922,,0,head_b_v3,v3,22.0,0,nfl_data_py,0,0,proxy_draft_year_age,,1,,0,0,proxy_age_at_draft,21.0,0,proxy_age_at_draft,71.0,0,nfl_combine,199.0,0,nfl_combine,,1,,,1,,104.28,0,combine_barnwell2008,199.0,0,nfl_combine,,1,,1,0,combine_szekely2023_proxy,,1,,,1,,,1,,63,0,nfl_data_py,2,0,nfl_data_py,22.0,0,nfl_data_py,,1,,,1,,0.24778462723945288,0,cfbd,,1,,,1,,,1,,,1,,,1,,,1,,0.1345,0,cfbd,,1,,,1,,,1,,,1,,,1,,,1,,,1,,,1,,,1,,32.0,0,cfbd_sp_plus,,1,,0,0,,,,,,,,,,,,,,,,,,,6.1287,0,cfbd,9.8852,0,cfbd
00-0037745,Velus Jones Jr.,WR,2022,71,3,CHI,Tennessee,25.0,10,11.1,2,2.9000000000000004,0,0.0,12,14.0,1.167,1,1,1,,8.5194,,0,head_b_v3,v3,25.0,0,nfl_data_py,1,0,proxy_draft_year_age,,1,,0,0,proxy_age_at_draft,24.0,0,proxy_age_at_draft,72.0,0,nfl_combine,204.0,0,nfl_combine,33.0,0,nfl_combine,1,0,nfl_combine_szekely2023_proxy,,1,,,1,,,1,,,1,,,1,,,1,,,1,,71,0,nfl_data_py,3,0,nfl_data_py,,1,,,1,,0.2267966922365486,0,cfbd,,1,,,1,,0.2436,0,cfbd,,1,,0.2289,0,cfbd,24.0,0,cfbd_proxy,,1,,,1,,,1,,,1,,,1,,,1,,,1,,13.54,0,cfbd,,1,,,1,,,1,,,1,,0,0,proxy_age_at_draft,0,0,,1,,1.9253,0,cfbd,,,,,,,,,,,,,,,,,,
00-0037755,Jelani Woods,TE,2022,73,3,IND,Virginia,23.0,0,0.0,0,0.0,0,0.0,0,0.0,0.0,1,1,1,,8.082,,0,head_b_v3,v3,23.0,0,nfl_data_py,1,0,proxy_draft_year_age,,1,,0,0,proxy_age_at_draft,22.0,0,proxy_age_at_draft,79.0,0,nfl_combine,259.0,0,nfl_combine,,1,,,1,,,1,,,1,,,1,,,1,,259.0,0,nfl_combine,29.17,0,nfl_combine_derived,119.22,0,combine_pp_hass_approx,73,0,nfl_data_py,3,0,nfl_data_py,,1,,23.0,0,nfl_data_py,,1,,,1,,0.19256816966672607,0,cfbd,,1,,,1,,,1,,,1,,,1,,,1,,,1,,1.0794,0,cfbd,,1,,,1,,,1,,,1,,13.59,0,cfbd,,1,,,1,,,1,,,1,,0,0,,,,,,,,,,,,,,,,,,,,,,,,
00-0038122,Desmond Ridder,QB,2022,74,3,ATL,Cincinnati,23.0,15,181.14000000000001,5,21.92,0,0.0,20,203.06,10.153,0,1,1,,,,0,head_b_v3,v3,23.0,0,nfl_data_py,1,0,proxy_draft_year_age,,1,,0,0,proxy_age_at_draft,22.0,0,proxy_age_at_draft,75.0,0,nfl_combine,211.0,0,nfl_combine,,1,,,1,,,1,,,1,,,1,,,1,,,1,,,1,,,1,,74,0,nfl_data_py,3,0,nfl_data_py,,1,,,1,,,1,,,1,,,1,,,1,,,1,,,1,,,1,,,1,,,1,,,1,,,1,,,1,,,1,,,1,,,1,,,1,,,1,,,1,,,1,,,1,,0,0,,,,,,,0.649,0,cfbd,8.6,0,cfbd,3.75,0,cfbd,0.061033,0,cfbd,,,,,,
00-0037252,Greg Dulcich,TE,2022,80,3,DEN,UCLA,22.0,2,5.5,3,7.8,0,0.0,5,13.3,2.66,1,1,1,,8.082,,0,head_b_v3,v3,22.0,0,nfl_data_py,0,0,proxy_draft_year_age,,1,,0,0,proxy_age_at_draft,21.0,0,proxy_age_at_draft,76.0,0,nfl_combine,243.0,0,nfl_combine,,1,,,1,,,1,,,1,,,1,,,1,,243.0,0,nfl_combine,29.58,0,nfl_combine_derived,100.45,0,combine_pp_hass_approx,80,0,nfl_data_py,3,0,nfl_data_py,,1,,22.0,0,nfl_data_py,,1,,,1,,0.24226234340456893,0,cfbd,,1,,,1,,,1,,,1,,,1,,,1,,,1,,2.1642,0,cfbd,,1,,,1,,,1,,,1,,17.57,0,cfbd,,1,,,1,,,1,,,1,,0,0,,,,,,,,,,,,,,,,,,,,,,,,
00-0038128,Malik Willis,QB,2022,86,3,TEN,Liberty,23.0,2,3.06,6,51.800000000000004,0,0.0,8,54.86,6.858,1,1,1,,,,0,head_b_v3,v3,23.0,0,nfl_data_py,1,0,proxy_draft_year_age,,1,,0,0,proxy_age_at_draft,22.0,0,proxy_age_at_draft,73.0,0,nfl_combine,219.0,0,nfl_combine,,1,,,1,,,1,,,1,,,1,,,1,,,1,,,1,,,1,,86,0,nfl_data_py,3,0,nfl_data_py,,1,,,1,,,1,,,1,,,1,,,1,,,1,,,1,,,1,,,1,,,1,,,1,,,1,,,1,,,1,,,1,,,1,,,1,,,1,,,1,,,1,,,1,,0,0,,,,,,,0.611,0,cfbd,8.4,0,cfbd,2.25,0,cfbd,0.120092,0,cfbd,,,,,,
00-0037666,Jalen Tolbert,WR,2022,88,3,DAL,South Alabama,23.0,13,60.800000000000004,17,152.0,0,0.0,30,212.8,7.093,0,1,1,,8.2367,,0,head_b_v3,v3,23.0,0,nfl_data_py,1,0,proxy_draft_year_age,,1,,0,0,proxy_age_at_draft,22.0,0,proxy_age_at_draft,73.0,0,nfl_combine,194.0,0,nfl_combine,36.0,0,nfl_combine,1,0,nfl_combine_szekely2023_proxy,,1,,,1,,,1,,,1,,,1,,,1,,,1,,88,0,nfl_data_py,3,0,nfl_data_py,,1,,,1,,0.4217270359848485,0,cfbd,,1,,,1,,0.4798,0,cfbd,,1,,0.4217,0,cfbd,20.0,0,cfbd_proxy,,1,,,1,,,1,,,1,,,1,,,1,,,1,,17.65,0,cfbd,,1,,,1,,,1,,,1,,0,0,proxy_age_at_draft,0,0,,1,,3.6216,0,cfbd,,,,,,,,,,,,,,,,,,
00-0037256,Rachaad White,RB,2022,91,3,TAM,Arizona St.,23.0,17,267.9,15,199.6,0,0.0,32,467.5,14.609,0,1,1,,7.3666,,0,head_b_v3,v3,23.0,0,nfl_data_py,1,0,proxy_draft_year_age,,1,,0,0,proxy_age_at_draft,22.0,0,proxy_age_at_draft,72.0,0,nfl_combine,214.0,0,nfl_combine,,1,,,1,,106.25,0,combine_barnwell2008,214.0,0,nfl_combine,,1,,1,0,combine_szekely2023_proxy,,1,,,1,,,1,,91,0,nfl_data_py,3,0,nfl_data_py,23.0,0,nfl_data_py,,1,,,1,,0.4206677897889466,0,cfbd,,1,,,1,,,1,,,1,,,1,,,1,,0.3003,0,cfbd,,1,,,1,,,1,,,1,,,1,,,1,,,1,,,1,,,1,,11.8,0,cfbd_sp_plus,,1,,0,0,,,,,,,,,,,,,,,,,,,5.5275,0,cfbd,11.902,0,cfbd
00-0037827,Tyrion Davis-Price,RB,2022,93,3,SFO,LSU,21.0,1,2.1,1,0.7000000000000001,0,0.0,2,2.8,1.4,1,1,1,,7.3666,,0,head_b_v3,v3,21.0,0,nfl_data_py,0,0,proxy_draft_year_age,,1,,1,0,proxy_age_at_draft,20.0,0,proxy_age_at_draft,72.0,0,nfl_combine,211.0,0,nfl_combine,,1,,,1,,104.76,0,combine_barnwell2008,211.0,0,nfl_combine,,1,,1,0,combine_szekely2023_proxy,,1,,,1,,,1,,93,0,nfl_data_py,3,0,nfl_data_py,21.0,0,nfl_data_py,,1,,,1,,0.6717273954116059,0,cfbd,,1,,,1,,,1,,,1,,,1,,,1,,0.2362,0,cfbd,,1,,,1,,,1,,,1,,,1,,,1,,,1,,,1,,,1,,4.1,0,cfbd_sp_plus,,1,,0,0,,,,,,,,,,,,,,,,,,,4.7536,0,cfbd,6.6071,0,cfbd
00-0038132,Matt Corral,QB,2022,94,3,CAR,Mississippi,23.0,0,0.0,0,0.0,0,0.0,0,0.0,0.0,1,1,1,,,,0,head_b_v3,v3,23.0,0,nfl_data_py,1,0,proxy_draft_year_age,,1,,0,0,proxy_age_at_draft,22.0,0,proxy_age_at_draft,74.0,0,nfl_combine,212.0,0,nfl_combine,,1,,,1,,,1,,,1,,,1,,,1,,,1,,,1,,,1,,94,0,nfl_data_py,3,0,nfl_data_py,,1,,,1,,,1,,,1,,,1,,,1,,,1,,,1,,,1,,,1,,,1,,,1,,,1,,,1,,,1,,,1,,,1,,,1,,,1,,,1,,,1,,,1,,0,0,,,,,,,,1,,,1,,,1,,,1,,,,,,,
00-0037746,Brian Robinson Jr.,RB,2022,98,3,WAS,Alabama,23.0,15,198.10000000000002,14,159.8,0,0.0,29,357.9,12.341,0,1,1,,7.3666,,0,head_b_v3,v3,23.0,0,nfl_data_py,1,0,proxy_draft_year_age,,1,,0,0,proxy_age_at_draft,22.0,0,proxy_age_at_draft,74.0,0,nfl_combine,225.0,0,nfl_combine,,1,,,1,,106.86,0,combine_barnwell2008,225.0,0,nfl_combine,,1,,1,0,combine_szekely2023_proxy,,1,,,1,,,1,,98,0,nfl_data_py,3,0,nfl_data_py,23.0,0,nfl_data_py,,1,,,1,,0.6317777777777778,0,cfbd,,1,,,1,,,1,,,1,,,1,,,1,,0.2076,0,cfbd,,1,,,1,,,1,,,1,,,1,,,1,,,1,,,1,,,1,,26.0,0,cfbd_sp_plus,,1,,0,0,,,,,,,,,,,,,,,,,,,4.8027,0,cfbd,8.7083,0,cfbd
00-0037257,David Bell,WR,2022,99,3,CLE,Purdue,21.0,9,48.7,1,5.7,0,0.0,10,54.4,5.44,1,1,1,,8.2367,,0,head_b_v3,v3,21.0,0,nfl_data_py,0,0,proxy_draft_year_age,,1,,1,0,proxy_age_at_draft,20.0,0,proxy_age_at_draft,73.0,0,nfl_combine,212.0,0,nfl_combine,33.0,0,nfl_combine,1,0,nfl_combine_szekely2023_proxy,,1,,,1,,,1,,,1,,,1,,,1,,,1,,99,0,nfl_data_py,3,0,nfl_data_py,,1,,,1,,0.2248917748917749,0,cfbd,,1,,,1,,0.3147,0,cfbd,,1,,0.2574,0,cfbd,18.0,0,cfbd_proxy,,1,,,1,,,1,,,1,,,1,,,1,,,1,,12.7,0,cfbd,,1,,,1,,,1,,,1,,1,0,proxy_age_at_draft,0,0,,1,,2.2326,0,cfbd,,,,,,,,,,,,,,,,,,
00-0037805,Jeremy Ruckert,TE,2022,101,3,NYJ,Ohio St.,22.0,10,31.1,13,28.5,0,0.0,23,59.6,2.591,0,1,1,,7.674,,0,head_b_v3,v3,22.0,0,nfl_data_py,0,0,proxy_draft_year_age,,1,,0,0,proxy_age_at_draft,21.0,0,proxy_age_at_draft,77.0,0,nfl_combine,250.0,0,nfl_combine,,1,,,1,,,1,,,1,,,1,,,1,,250.0,0,nfl_combine,29.64,0,nfl_combine_derived,,1,,101,0,nfl_data_py,3,0,nfl_data_py,,1,,22.0,0,nfl_data_py,,1,,,1,,0.06380821099950833,0,cfbd,,1,,,1,,,1,,,1,,,1,,,1,,,1,,0.5749,0,cfbd,,1,,,1,,,1,,,1,,10.72,0,cfbd,,1,,,1,,,1,,,1,,0,0,,,,,,,,,,,,,,,,,,,,,,,,
00-0037828,Danny Gray,WR,2022,105,3,SFO,SMU,23.0,0,0.0,0,0.0,0,0.0,0,0.0,0.0,1,1,1,,8.2367,,0,head_b_v3,v3,23.0,0,nfl_data_py,1,0,proxy_draft_year_age,,1,,0,0,proxy_age_at_draft,22.0,0,proxy_age_at_draft,72.0,0,nfl_combine,186.0,0,nfl_combine,34.0,0,nfl_combine,1,0,nfl_combine_szekely2023_proxy,,1,,,1,,,1,,,1,,,1,,,1,,,1,,105,0,nfl_data_py,3,0,nfl_data_py,,1,,,1,,0.22526419940213044,0,cfbd,,1,,,1,,0.2198,0,cfbd,,1,,0.2253,0,cfbd,22.0,0,cfbd_proxy,,1,,,1,,,1,,,1,,,1,,,1,,,1,,15.26,0,cfbd,,1,,,1,,,1,,,1,,0,0,proxy_age_at_draft,0,0,,1,,1.7158,0,cfbd,,,,,,,,,,,,,,,,,,
00-0038129,Cade Otton,TE,2022,106,4,TAM,Washington,23.0,16,116.5,14,140.6,0,0.0,30,257.1,8.57,0,1,1,,7.674,,0,head_b_v3,v3,23.0,0,nfl_data_py,1,0,proxy_draft_year_age,,1,,0,0,proxy_age_at_draft,22.0,0,proxy_age_at_draft,77.0,0,nfl_combine,247.0,0,nfl_combine,,1,,,1,,,1,,,1,,,1,,,1,,247.0,0,nfl_combine,29.29,0,nfl_combine_derived,,1,,106,0,nfl_data_py,4,0,nfl_data_py,,1,,23.0,0,nfl_data_py,,1,,,1,,0.07962962962962963,0,cfbd,,1,,,1,,,1,,,1,,,1,,,1,,,1,,0.6112,0,cfbd,,1,,,1,,,1,,,1,,11.45,0,cfbd,,1,,,1,,,1,,,1,,0,0,,,,,,,,,,,,,,,,,,,,,,,,
00-0037258,Dameon Pierce,RB,2022,107,4,HOU,Florida,22.0,13,82.7,9,43.5,0,0.0,22,126.2,5.736,0,1,1,,7.3384,,0,head_b_v3,v3,22.0,0,nfl_data_py,0,0,proxy_draft_year_age,,1,,0,0,proxy_age_at_draft,21.0,0,proxy_age_at_draft,70.0,0,nfl_combine,218.0,0,nfl_combine,,1,,,1,,98.23,0,combine_barnwell2008,218.0,0,nfl_combine,,1,,1,0,combine_szekely2023_proxy,,1,,,1,,,1,,107,0,nfl_data_py,4,0,nfl_data_py,22.0,0,nfl_data_py,,1,,,1,,0.35574797347089165,0,cfbd,,1,,,1,,,1,,,1,,,1,,,1,,0.1298,0,cfbd,,1,,,1,,,1,,,1,,,1,,,1,,,1,,,1,,,1,,11.0,0,cfbd_sp_plus,,1,,0,0,,,,,,,,,,,,,,,,,,,5.9425,0,cfbd,9.5952,0,cfbd
00-0038115,Daniel Bellinger,TE,2022,112,4,NYG,San Diego St.,21.0,13,50.5,7,26.5,0,0.0,20,77.0,3.85,0,1,1,,7.0958,,0,head_b_v3,v3,21.0,0,nfl_data_py,0,0,proxy_draft_year_age,,1,,1,0,proxy_age_at_draft,20.0,0,proxy_age_at_draft,77.0,0,nfl_combine,253.0,0,nfl_combine,,1,,,1,,,1,,,1,,,1,,,1,,253.0,0,nfl_combine,30.0,0,nfl_combine_derived,111.56,0,combine_pp_hass_approx,112,0,nfl_data_py,4,0,nfl_data_py,,1,,21.0,0,nfl_data_py,,1,,,1,,0.13842513823904723,0,cfbd,,1,,,1,,,1,,,1,,,1,,,1,,,1,,0.9529,0,cfbd,,1,,,1,,,1,,,1,,11.52,0,cfbd,,1,,,1,,,1,,,1,,0,0,,,,,,,,,,,,,,,,,,,,,,,,
00-0038040,Zamir White,RB,2022,122,4,LVR,Georgia,22.0,13,73.9,8,29.3,0,0.0,21,103.2,4.914,0,1,1,,7.3384,,0,head_b_v3,v3,22.0,0,nfl_data_py,0,0,proxy_draft_year_age,,1,,0,0,proxy_age_at_draft,21.0,0,proxy_age_at_draft,72.0,0,nfl_combine,214.0,0,nfl_combine,,1,,,1,,114.19,0,combine_barnwell2008,214.0,0,nfl_combine,,1,,1,0,combine_szekely2023_proxy,,1,,,1,,,1,,122,0,nfl_data_py,4,0,nfl_data_py,22.0,0,nfl_data_py,,1,,,1,,0.339096513195916,0,cfbd,,1,,,1,,,1,,,1,,,1,,,1,,0.1357,0,cfbd,,1,,,1,,,1,,,1,,,1,,,1,,,1,,,1,,,1,,32.0,0,cfbd_sp_plus,,1,,0,0,,,,,,,,,,,,,,,,,,,5.3185,0,cfbd,8.3571,0,cfbd
00-0038045,Isaiah Spiller,RB,2022,123,4,LAC,Texas A&M,21.0,9,19.0,0,0.0,0,0.0,9,19.0,2.111,1,1,1,,7.3384,,0,head_b_v3,v3,21.0,0,nfl_data_py,0,0,proxy_draft_year_age,,1,,1,0,proxy_age_at_draft,20.0,0,proxy_age_at_draft,72.0,0,nfl_combine,217.0,0,nfl_combine,,1,,,1,,,1,,217.0,0,nfl_combine,,1,,,1,,,1,,,1,,,1,,123,0,nfl_data_py,4,0,nfl_data_py,21.0,0,nfl_data_py,,1,,,1,,0.4066618450658952,0,cfbd,,1,,,1,,,1,,,1,,,1,,,1,,0.2538,0,cfbd,,1,,,1,,,1,,,1,,,1,,,1,,,1,,,1,,,1,,21.1,0,cfbd_sp_plus,,1,,0,0,,,,,,,,,,,,,,,,,,,5.648,0,cfbd,8.3824,0,cfbd
00-0038092,Erik Ezukanma,WR,2022,125,4,MIA,Texas Tech,22.0,2,2.2,1,0.0,0,0.0,3,2.2,0.733,1,1,1,,6.5416,,0,head_b_v3,v3,22.0,0,nfl_data_py,0,0,proxy_draft_year_age,,1,,0,0,proxy_age_at_draft,21.0,0,proxy_age_at_draft,74.0,0,nfl_combine,209.0,0,nfl_combine,36.5,0,nfl_combine,1,0,nfl_combine_szekely2023_proxy,,1,,,1,,,1,,,1,,,1,,,1,,,1,,125,0,nfl_data_py,4,0,nfl_data_py,,1,,,1,,0.21652379053694842,0,cfbd,,1,,,1,,0.228,0,cfbd,,1,,0.2317,0,cfbd,20.0,0,cfbd_proxy,,1,,,1,,,1,,,1,,,1,,,1,,,1,,15.74,0,cfbd,,1,,,1,,,1,,,1,,0,0,proxy_age_at_draft,0,0,,1,,1.817,0,cfbd,,,,,,,,,,,,,,,,,,
00-0038098,Pierre Strong,RB,2022,127,4,NWE,South Dakota St.,23.0,13,42.800000000000004,11,35.2,0,0.0,24,78.0,3.25,0,1,1,,7.3384,,0,head_b_v3,v3,23.0,0,nfl_data_py,1,0,proxy_draft_year_age,,1,,0,0,proxy_age_at_draft,22.0,0,proxy_age_at_draft,71.0,0,nfl_combine,207.0,0,nfl_combine,,1,,,1,,113.52,0,combine_barnwell2008,207.0,0,nfl_combine,,1,,1,0,combine_szekely2023_proxy,,1,,,1,,,1,,127,0,nfl_data_py,4,0,nfl_data_py,23.0,0,nfl_data_py,,1,,,1,,,1,,,1,,,1,,,1,,,1,,,1,,,1,,,1,,,1,,,1,,,1,,,1,,,1,,,1,,,1,,,1,,,1,,,1,,,1,,0,0,,,,,,,,,,,,,,,,,,,,1,,,1,
00-0038046,Charlie Kolar,TE,2022,128,4,BAL,Iowa St.,23.0,6,21.700000000000003,7,28.3,0,0.0,13,50.0,3.846,1,1,1,,6.2285,,0,head_b_v3,v3,23.0,0,nfl_data_py,1,0,proxy_draft_year_age,,1,,0,0,proxy_age_at_draft,22.0,0,proxy_age_at_draft,79.0,0,nfl_combine,252.0,0,nfl_combine,,1,,,1,,,1,,,1,,,1,,,1,,252.0,0,nfl_combine,28.39,0,nfl_combine_derived,,1,,128,0,nfl_data_py,4,0,nfl_data_py,,1,,23.0,0,nfl_data_py,,1,,,1,,0.2465677179962894,0,cfbd,,1,,,1,,,1,,,1,,,1,,,1,,,1,,1.6211,0,cfbd,,1,,,1,,,1,,,1,,13.29,0,cfbd,,1,,,1,,,1,,,1,,0,0,,,,,,,,,,,,,,,,,,,,,,,,
00-0038041,Jake Ferguson,TE,2022,129,4,DAL,Wisconsin,23.0,17,177.1,14,104.4,0,0.0,31,281.5,9.081,0,1,1,,6.2285,,0,head_b_v3,v3,23.0,0,nfl_data_py,1,0,proxy_draft_year_age,,1,,0,0,proxy_age_at_draft,22.0,0,proxy_age_at_draft,77.0,0,nfl_combine,250.0,0,nfl_combine,,1,,,1,,,1,,,1,,,1,,,1,,250.0,0,nfl_combine,29.64,0,nfl_combine_derived,94.64,0,combine_pp_hass_approx,129,0,nfl_data_py,4,0,nfl_data_py,,1,,23.0,0,nfl_data_py,,1,,,1,,0.24443280062876604,0,cfbd,,1,,,1,,,1,,,1,,,1,,,1,,,1,,1.39,0,cfbd,,1,,,1,,,1,,,1,,11.2,0,cfbd,,1,,,1,,,1,,,1,,0,0,,,,,,,,,,,,,,,,,,,,,,,,
00-0037617,Hassan Haskins,RB,2022,131,4,TEN,Michigan,22.0,0,0.0,11,32.8,0,0.0,11,32.8,2.982,1,1,1,,7.3384,,0,head_b_v3,v3,22.0,0,nfl_data_py,0,0,proxy_draft_year_age,,1,,0,0,proxy_age_at_draft,21.0,0,proxy_age_at_draft,74.0,0,nfl_combine,228.0,0,nfl_combine,,1,,,1,,,1,,228.0,0,nfl_combine,,1,,,1,,,1,,,1,,,1,,131,0,nfl_data_py,4,0,nfl_data_py,22.0,0,nfl_data_py,,1,,,1,,0.4775032254205863,0,cfbd,,1,,,1,,,1,,,1,,,1,,,1,,0.2383,0,cfbd,,1,,,1,,,1,,,1,,,1,,,1,,,1,,,1,,,1,,23.4,0,cfbd_sp_plus,,1,,0,0,,,,,,,,,,,,,,,,,,,4.9349,0,cfbd,6.5238,0,cfbd
00-0037816,Romeo Doubs,WR,2022,132,4,GNB,Nevada,22.0,17,174.4,13,132.1,0,0.0,30,306.5,10.217,0,1,1,,6.5416,,0,head_b_v3,v3,22.0,0,nfl_data_py,0,0,proxy_draft_year_age,,1,,0,0,proxy_age_at_draft,21.0,0,proxy_age_at_draft,74.0,0,nfl_combine,201.0,0,nfl_combine,,1,,,1,,,1,,,1,,,1,,,1,,,1,,,1,,,1,,132,0,nfl_data_py,4,0,nfl_data_py,,1,,,1,,0.26765858894631833,0,cfbd,,1,,,1,,0.2526,0,cfbd,,1,,0.275,0,cfbd,19.0,0,cfbd_proxy,,1,,,1,,,1,,,1,,,1,,,1,,,1,,14.97,0,cfbd,,1,,,1,,,1,,,1,,0,0,proxy_age_at_draft,0,0,,1,,1.9388,0,cfbd,,,,,,,,,,,,,,,,,,
00-0038108,Bailey Zappe,QB,2022,137,4,NWE,Western Kentucky,23.0,10,69.18,1,7.000000000000001,0,0.0,11,76.18,6.925,1,1,1,,,,0,head_b_v3,v3,23.0,0,nfl_data_py,1,0,proxy_draft_year_age,,1,,0,0,proxy_age_at_draft,22.0,0,proxy_age_at_draft,73.0,0,nfl_combine,215.0,0,nfl_combine,,1,,,1,,,1,,,1,,,1,,,1,,,1,,,1,,,1,,137,0,nfl_data_py,4,0,nfl_data_py,,1,,,1,,,1,,,1,,,1,,,1,,,1,,,1,,,1,,,1,,,1,,,1,,,1,,,1,,,1,,,1,,,1,,,1,,,1,,,1,,,1,,,1,,0,0,,,,,,,0.692,0,cfbd,8.7,0,cfbd,5.636364,0,cfbd,0.02381,0,cfbd,,,,,,
00-0037837,Calvin Austin III,WR,2022,138,4,PIT,Memphis,23.0,14,52.7,17,120.8,0,0.0,31,173.5,5.597,0,1,1,,6.5416,,0,head_b_v3,v3,23.0,0,nfl_data_py,1,0,proxy_draft_year_age,,1,,0,0,proxy_age_at_draft,22.0,0,proxy_age_at_draft,68.0,0,nfl_combine,170.0,0,nfl_combine,39.0,0,nfl_combine,1,0,nfl_combine_szekely2023_proxy,,1,,,1,,,1,,,1,,,1,,,1,,,1,,138,0,nfl_data_py,4,0,nfl_data_py,,1,,,1,,0.31409719987125845,0,cfbd,,1,,,1,,0.3205,0,cfbd,,1,,0.3141,0,cfbd,21.0,0,cfbd_proxy,,1,,,1,,,1,,,1,,,1,,,1,,,1,,16.49,0,cfbd,,1,,,1,,,1,,,1,,0,0,proxy_age_at_draft,0,0,,1,,2.582,0,cfbd,,,,,,,,,,,,,,,,,,
00-0037838,Isaiah Likely,TE,2022,139,4,BAL,Coastal Carolina,22.0,13,101.1,15,123.7,0,0.0,28,224.8,8.029,0,1,1,,6.2285,,0,head_b_v3,v3,22.0,0,nfl_data_py,0,0,proxy_draft_year_age,,1,,0,0,proxy_age_at_draft,21.0,0,proxy_age_at_draft,77.0,0,nfl_combine,245.0,0,nfl_combine,,1,,,1,,,1,,,1,,,1,,,1,,245.0,0,nfl_combine,29.05,0,nfl_combine_derived,,1,,139,0,nfl_data_py,4,0,nfl_data_py,,1,,22.0,0,nfl_data_py,,1,,,1,,0.313724458937071,0,cfbd,,1,,,1,,,1,,,1,,,1,,,1,,,1,,2.5342,0,cfbd,,1,,,1,,,1,,,1,,15.45,0,cfbd,,1,,,1,,,1,,,1,,0,0,,,,,,,,,,,,,,,,,,,,,,,,
00-0037809,Chigoziem Okonkwo,TE,2022,143,4,TEN,Maryland,22.0,17,113.4,16,113.60000000000001,0,0.0,33,227.0,6.879,0,1,1,,6.2285,,0,head_b_v3,v3,22.0,0,nfl_data_py,0,0,proxy_draft_year_age,,1,,0,0,proxy_age_at_draft,21.0,0,proxy_age_at_draft,75.0,0,nfl_combine,238.0,0,nfl_combine,,1,,,1,,,1,,,1,,,1,,,1,,238.0,0,nfl_combine,29.74,0,nfl_combine_derived,112.54,0,combine_pp_hass_approx,143,0,nfl_data_py,4,0,nfl_data_py,,1,,22.0,0,nfl_data_py,,1,,,1,,0.14903198653198652,0,cfbd,,1,,,1,,,1,,,1,,,1,,,1,,,1,,0.8855,0,cfbd,,1,,,1,,,1,,,1,,9.5,0,cfbd,,1,,,1,,,1,,,1,,0,0,,,,,,,,,,,,,,,,,,,,,,,,
00-0037077,Sam Howell,QB,2022,144,5,WAS,North Carolina,21.0,17,257.54,1,-0.8400000000000001,0,0.0,18,256.7,14.261,0,1,1,,,,0,head_b_v3,v3,21.0,0,nfl_data_py,0,0,proxy_draft_year_age,,1,,1,0,proxy_age_at_draft,20.0,0,proxy_age_at_draft,73.0,0,nfl_combine,218.0,0,nfl_combine,,1,,,1,,,1,,,1,,,1,,,1,,,1,,,1,,,1,,144,0,nfl_data_py,5,0,nfl_data_py,,1,,,1,,,1,,,1,,,1,,,1,,,1,,,1,,,1,,,1,,,1,,,1,,,1,,,1,,,1,,,1,,,1,,,1,,,1,,,1,,,1,,,1,,0,0,,,,,,,0.625,0,cfbd,8.8,0,cfbd,2.666667,0,cfbd,0.115741,0,cfbd,,,,,,
00-0037261,Khalil Shakir,WR,2022,148,5,BUF,Boise St.,22.0,16,113.1,15,182.5,0,0.0,31,295.6,9.535,0,1,1,,6.5416,,0,head_b_v3,v3,22.0,0,nfl_data_py,0,0,proxy_draft_year_age,,1,,0,0,proxy_age_at_draft,21.0,0,proxy_age_at_draft,72.0,0,nfl_combine,196.0,0,nfl_combine,34.5,0,nfl_combine,1,0,nfl_combine_szekely2023_proxy,,1,,,1,,,1,,,1,,,1,,,1,,,1,,148,0,nfl_data_py,5,0,nfl_data_py,,1,,,1,,0.35360569235689154,0,cfbd,,1,,,1,,0.3572,0,cfbd,,1,,0.3536,0,cfbd,19.0,0,cfbd_proxy,,1,,,1,,,1,,,1,,,1,,,1,,,1,,13.85,0,cfbd,,1,,,1,,,1,,,1,,0,0,proxy_age_at_draft,0,0,,1,,2.7244,0,cfbd,,,,,,,,,,,,,,,,,,
00-0037078,Cole Turner,TE,2022,149,5,WAS,Nevada,22.0,7,23.0,0,0.0,0,0.0,7,23.0,3.286,1,1,1,,6.1922,,0,head_b_v3,v3,22.0,0,nfl_data_py,0,0,proxy_draft_year_age,,1,,0,0,proxy_age_at_draft,21.0,0,proxy_age_at_draft,78.0,0,nfl_combine,246.0,0,nfl_combine,,1,,,1,,,1,,,1,,,1,,,1,,246.0,0,nfl_combine,28.43,0,nfl_combine_derived,98.36,0,combine_pp_hass_approx,149,0,nfl_data_py,5,0,nfl_data_py,,1,,22.0,0,nfl_data_py,,1,,,1,,0.20661774142738804,0,cfbd,,1,,,1,,,1,,,1,,,1,,,1,,,1,,1.1836,0,cfbd,,1,,,1,,,1,,,1,,11.63,0,cfbd,,1,,,1,,,1,,,1,,0,0,,,,,,,,,,,,,,,,,,,,,,,,
00-0037263,Tyler Allgeier,RB,2022,151,5,ATL,BYU,22.0,17,137.6,17,106.2,0,0.0,34,243.8,7.171,0,1,1,,7.0295,,0,head_b_v3,v3,22.0,0,nfl_data_py,0,0,proxy_draft_year_age,,1,,0,0,proxy_age_at_draft,21.0,0,proxy_age_at_draft,71.0,0,nfl_combine,224.0,0,nfl_combine,,1,,,1,,100.06,0,combine_barnwell2008,224.0,0,nfl_combine,,1,,1,0,combine_szekely2023_proxy,,1,,,1,,,1,,151,0,nfl_data_py,5,0,nfl_data_py,22.0,0,nfl_data_py,,1,,,1,,0.7101546601546602,0,cfbd,,1,,,1,,,1,,,1,,,1,,,1,,0.2899,0,cfbd,,1,,,1,,,1,,,1,,,1,,,1,,,1,,,1,,,1,,8.9,0,cfbd_sp_plus,,1,,0,0,,,,,,,,,,,,,,,,,,,5.6787,0,cfbd,9.2,0,cfbd
00-0037265,Snoop Conner,RB,2022,154,5,JAX,Mississippi,22.0,0,0.0,0,0.0,0,0.0,0,0.0,0.0,1,1,1,,6.9631,,0,head_b_v3,v3,22.0,0,nfl_data_py,0,0,proxy_draft_year_age,,1,,0,0,proxy_age_at_draft,21.0,0,proxy_age_at_draft,70.0,0,nfl_combine,222.0,0,nfl_combine,,1,,,1,,100.03,0,combine_barnwell2008,222.0,0,nfl_combine,,1,,1,0,combine_szekely2023_proxy,,1,,,1,,,1,,154,0,nfl_data_py,5,0,nfl_data_py,22.0,0,nfl_data_py,,1,,,1,,0.31132105787461034,0,cfbd,,1,,,1,,,1,,,1,,,1,,,1,,,1,,,1,,,1,,,1,,,1,,,1,,,1,,,1,,,1,,,1,,,1,,,1,,0,0,,,,,,,,,,,,,,,,,,,,1,,,1,
00-0037267,Jerome Ford,RB,2022,156,5,CLE,Cincinnati,22.0,17,213.20000000000002,14,134.0,0,0.0,31,347.2,11.2,0,1,1,,6.9631,,0,head_b_v3,v3,22.0,0,nfl_data_py,0,0,proxy_draft_year_age,,1,,0,0,proxy_age_at_draft,21.0,0,proxy_age_at_draft,71.0,0,nfl_combine,210.0,0,nfl_combine,,1,,,1,,106.15,0,combine_barnwell2008,210.0,0,nfl_combine,,1,,1,0,combine_szekely2023_proxy,,1,,,1,,,1,,156,0,nfl_data_py,5,0,nfl_data_py,22.0,0,nfl_data_py,,1,,,1,,0.5535181653708865,0,cfbd,,1,,,1,,,1,,,1,,,1,,,1,,0.2589,0,cfbd,,1,,,1,,,1,,,1,,,1,,,1,,,1,,,1,,,1,,21.2,0,cfbd_sp_plus,,1,,0,0,,,,,,,,,,,,,,,,,,,6.21,0,cfbd,10.2083,0,cfbd
00-0037272,Montrell Washington,WR,2022,162,5,DEN,Samford,23.0,0,0.0,0,0.0,0,0.0,0,0.0,0.0,1,1,1,,6.5416,,0,head_b_v3,v3,23.0,0,nfl_data_py,1,0,proxy_draft_year_age,,1,,0,0,proxy_age_at_draft,22.0,0,proxy_age_at_draft,,1,,,1,,,1,,,1,,,1,,,1,,,1,,,1,,,1,,,1,,,1,,162,0,nfl_data_py,5,0,nfl_data_py,,1,,,1,,,1,,,1,,,1,,0.2981,0,cfbd,,1,,0.3157,0,cfbd,22.0,0,cfbd_proxy,,1,,,1,,,1,,,1,,,1,,,1,,,1,,12.4,0,cfbd,,1,,,1,,,1,,,1,,0,0,proxy_age_at_draft,0,0,,1,,,1,,,,,,,,,,,,,,,,,,,
00-0037273,Kyle Philips,WR,2022,163,5,TEN,UCLA,23.0,8,33.1,0,0.0,0,0.0,8,33.1,4.138,1,1,1,,6.5416,,0,head_b_v3,v3,23.0,0,nfl_data_py,1,0,proxy_draft_year_age,,1,,0,0,proxy_age_at_draft,22.0,0,proxy_age_at_draft,71.0,0,nfl_combine,189.0,0,nfl_combine,33.5,0,nfl_combine,1,0,nfl_combine_szekely2023_proxy,,1,,,1,,,1,,,1,,,1,,,1,,,1,,163,0,nfl_data_py,5,0,nfl_data_py,,1,,,1,,0.3535372144436256,0,cfbd,,1,,,1,,0.2723,0,cfbd,,1,,0.3535,0,cfbd,20.0,0,cfbd_proxy,,1,,,1,,,1,,,1,,,1,,,1,,,1,,11.17,0,cfbd,,1,,,1,,,1,,,1,,0,0,proxy_age_at_draft,0,0,,1,,2.206,0,cfbd,,,,,,,,,,,,,,,,,,
00-0037840,Kyren Williams,RB,2022,164,5,LAR,Notre Dame,22.0,12,255.0,16,272.1,0,0.0,28,527.1,18.825,0,1,1,,6.9631,,0,head_b_v3,v3,22.0,0,nfl_data_py,0,0,proxy_draft_year_age,,1,,0,0,proxy_age_at_draft,21.0,0,proxy_age_at_draft,69.0,0,nfl_combine,194.0,0,nfl_combine,,1,,,1,,82.99,0,combine_barnwell2008,194.0,0,nfl_combine,,1,,1,0,combine_szekely2023_proxy,,1,,,1,,,1,,164,0,nfl_data_py,5,0,nfl_data_py,22.0,0,nfl_data_py,,1,,,1,,0.5725491108835304,0,cfbd,,1,,,1,,,1,,,1,,,1,,,1,,0.2718,0,cfbd,,1,,,1,,,1,,,1,,,1,,,1,,,1,,,1,,,1,,17.4,0,cfbd_sp_plus,,1,,0,0,,,,,,,,,,,,,,,,,,,4.9118,0,cfbd,9.2,0,cfbd
00-0037276,Ty Chandler,RB,2022,169,5,MIN,North Carolina,24.0,13,101.0,10,28.400000000000002,0,0.0,23,129.4,5.626,0,1,1,,6.9631,,0,head_b_v3,v3,24.0,0,nfl_data_py,1,0,proxy_draft_year_age,,1,,0,0,proxy_age_at_draft,23.0,0,proxy_age_at_draft,71.0,0,nfl_combine,204.0,0,nfl_combine,,1,,,1,,110.86,0,combine_barnwell2008,204.0,0,nfl_combine,,1,,1,0,combine_szekely2023_proxy,,1,,,1,,,1,,169,0,nfl_data_py,5,0,nfl_data_py,24.0,0,nfl_data_py,,1,,,1,,0.4141350210970464,0,cfbd,,1,,,1,,,1,,,1,,,1,,,1,,0.2217,0,cfbd,,1,,,1,,,1,,,1,,,1,,,1,,,1,,,1,,,1,,6.4,0,cfbd_sp_plus,,1,,0,0,,,,,,,,,,,,,,,,,,,6.1445,0,cfbd,15.3571,0,cfbd
00-0037277,Teagan Quitoriano,TE,2022,170,5,HOU,Oregon St.,22.0,3,5.300000000000001,0,0.0,0,0.0,3,5.3,1.767,1,1,1,,6.0609,,0,head_b_v3,v3,22.0,0,nfl_data_py,0,0,proxy_draft_year_age,,1,,0,0,proxy_age_at_draft,21.0,0,proxy_age_at_draft,78.0,0,nfl_combine,258.0,0,nfl_combine,,1,,,1,,,1,,,1,,,1,,,1,,258.0,0,nfl_combine,29.81,0,nfl_combine_derived,,1,,170,0,nfl_data_py,5,0,nfl_data_py,,1,,22.0,0,nfl_data_py,,1,,,1,,0.11689063083240014,0,cfbd,,1,,,1,,,1,,,1,,,1,,,1,,,1,,0.513,0,cfbd,,1,,,1,,,1,,,1,,12.86,0,cfbd,,1,,,1,,,1,,,1,,0,0,,,,,,,,,,,,,,,,,,,,,,,,
00-0037282,James Mitchell,TE,2022,177,5,DET,Virginia Tech,23.0,2,4.800000000000001,0,0.0,0,0.0,2,4.8,2.4,1,1,1,,5.2966,,0,head_b_v3,v3,23.0,0,nfl_data_py,1,0,proxy_draft_year_age,,1,,0,0,proxy_age_at_draft,22.0,0,proxy_age_at_draft,76.0,0,nfl_combine,249.0,0,nfl_combine,,1,,,1,,,1,,,1,,,1,,,1,,249.0,0,nfl_combine,30.31,0,nfl_combine_derived,,1,,177,0,nfl_data_py,5,0,nfl_data_py,,1,,23.0,0,nfl_data_py,,1,,,1,,0.03857007259947154,0,cfbd,,1,,,1,,,1,,,1,,,1,,,1,,,1,,0.1329,0,cfbd,,1,,,1,,,1,,,1,,16.37,0,cfbd,,1,,,1,,,1,,,1,,0,0,,,,,,,,,,,,,,,,,,,,,,,,
00-0037286,Kevin Harris,RB,2022,183,6,NWE,South Carolina,21.0,4,21.3,0,0.0,0,0.0,4,21.3,5.325,1,1,1,,6.9631,,0,head_b_v3,v3,21.0,0,nfl_data_py,0,0,proxy_draft_year_age,,1,,1,0,proxy_age_at_draft,20.0,0,proxy_age_at_draft,70.0,0,nfl_combine,221.0,0,nfl_combine,,1,,,1,,,1,,221.0,0,nfl_combine,,1,,,1,,,1,,,1,,,1,,183,0,nfl_data_py,6,0,nfl_data_py,21.0,0,nfl_data_py,,1,,,1,,0.4083474337281444,0,cfbd,,1,,,1,,,1,,,1,,,1,,,1,,0.1458,0,cfbd,,1,,,1,,,1,,,1,,,1,,,1,,,1,,,1,,,1,,3.9,0,cfbd_sp_plus,,1,,0,0,,,,,,,,,,,,,,,,,,,3.9504,0,cfbd,7.8286,0,cfbd
00-0037291,Jalen Nailor,WR,2022,191,6,MIN,Michigan St.,23.0,2,5.9,15,105.0,0,0.0,17,110.9,6.524,0,1,1,,5.0759,,0,head_b_v3,v3,23.0,0,nfl_data_py,1,0,proxy_draft_year_age,,1,,0,0,proxy_age_at_draft,22.0,0,proxy_age_at_draft,71.0,0,nfl_combine,186.0,0,nfl_combine,38.0,0,nfl_combine,1,0,nfl_combine_szekely2023_proxy,,1,,,1,,,1,,,1,,,1,,,1,,,1,,191,0,nfl_data_py,6,0,nfl_data_py,,1,,,1,,0.21647800013476182,0,cfbd,,1,,,1,,0.1994,0,cfbd,,1,,0.2247,0,cfbd,21.0,0,cfbd_proxy,,1,,,1,,,1,,,1,,,1,,,1,,,1,,17.03,0,cfbd,,1,,,1,,,1,,,1,,0,0,proxy_age_at_draft,0,0,,1,,1.4675,0,cfbd,,,,,,,,,,,,,,,,,,
00-0037292,Andrew Ogletree,TE,2022,192,6,IND,Youngstown St.,24.0,10,35.7,11,25.9,0,0.0,21,61.6,2.933,0,1,1,,4.7182,,0,head_b_v3,v3,24.0,0,nfl_data_py,1,0,proxy_draft_year_age,,1,,0,0,proxy_age_at_draft,23.0,0,proxy_age_at_draft,,1,,,1,,,1,,,1,,,1,,,1,,,1,,,1,,,1,,,1,,,1,,192,0,nfl_data_py,6,0,nfl_data_py,,1,,24.0,0,nfl_data_py,,1,,,1,,,1,,,1,,,1,,,1,,,1,,,1,,,1,,,1,,,1,,,1,,,1,,,1,,,1,,,1,,,1,,,1,,,1,,,1,,0,0,,,,,,,,,,,,,,,,,,,,,,,,
00-0037085,Tyler Badie,RB,2022,196,6,BAL,Missouri,22.0,0,0.0,3,9.4,0,0.0,3,9.4,3.133,1,1,1,,6.9631,,0,head_b_v3,v3,22.0,0,nfl_data_py,0,0,proxy_draft_year_age,,1,,0,0,proxy_age_at_draft,21.0,0,proxy_age_at_draft,68.0,0,nfl_combine,197.0,0,nfl_combine,,1,,,1,,100.47,0,combine_barnwell2008,197.0,0,nfl_combine,,1,,1,0,combine_szekely2023_proxy,,1,,,1,,,1,,196,0,nfl_data_py,6,0,nfl_data_py,22.0,0,nfl_data_py,,1,,,1,,0.6606241751416815,0,cfbd,,1,,,1,,,1,,,1,,,1,,,1,,0.3905,0,cfbd,,1,,,1,,,1,,,1,,,1,,,1,,,1,,,1,,,1,,3.1,0,cfbd_sp_plus,,1,,0,0,,,,,,,,,,,,,,,,,,,5.9851,0,cfbd,9.152,0,cfbd
00-0037086,Grant Calcaterra,TE,2022,198,6,PHI,SMU,23.0,2,7.8999999999999995,13,59.800000000000004,0,0.0,15,67.7,4.513,1,1,1,,4.7182,,0,head_b_v3,v3,23.0,0,nfl_data_py,1,0,proxy_draft_year_age,,1,,0,0,proxy_age_at_draft,22.0,0,proxy_age_at_draft,76.0,0,nfl_combine,241.0,0,nfl_combine,,1,,,1,,,1,,,1,,,1,,,1,,241.0,0,nfl_combine,29.33,0,nfl_combine_derived,105.8,0,combine_pp_hass_approx,198,0,nfl_data_py,6,0,nfl_data_py,,1,,23.0,0,nfl_data_py,,1,,,1,,0.11491095111784767,0,cfbd,,1,,,1,,,1,,,1,,,1,,,1,,,1,,0.9936,0,cfbd,,1,,,1,,,1,,,1,,12.24,0,cfbd,,1,,,1,,,1,,,1,,0,0,,,,,,,,,,,,,,,,,,,,,,,,
00-0037299,Keaontay Ingram,RB,2022,201,6,ARI,USC,22.0,7,14.000000000000002,0,0.0,0,0.0,7,14.0,2.0,1,1,1,,6.9631,,0,head_b_v3,v3,22.0,0,nfl_data_py,0,0,proxy_draft_year_age,,1,,0,0,proxy_age_at_draft,21.0,0,proxy_age_at_draft,72.0,0,nfl_combine,221.0,0,nfl_combine,,1,,,1,,104.96,0,combine_barnwell2008,221.0,0,nfl_combine,,1,,1,0,combine_szekely2023_proxy,,1,,,1,,,1,,201,0,nfl_data_py,6,0,nfl_data_py,22.0,0,nfl_data_py,,1,,,1,,0.41698268460217514,0,cfbd,,1,,,1,,,1,,,1,,,1,,,1,,0.2001,0,cfbd,,1,,,1,,,1,,,1,,,1,,,1,,,1,,,1,,,1,,-0.6,0,cfbd_sp_plus,,1,,0,0,,,,,,,,,,,,,,,,,,,5.8397,0,cfbd,7.0909,0,cfbd
00-0037300,Michael Woods II,WR,2022,202,6,CLE,Oklahoma,22.0,0,0.0,5,13.5,0,0.0,5,13.5,2.7,1,1,1,,5.0759,,0,head_b_v3,v3,22.0,0,nfl_data_py,0,0,proxy_draft_year_age,,1,,0,0,proxy_age_at_draft,21.0,0,proxy_age_at_draft,73.0,0,nfl_combine,204.0,0,nfl_combine,34.5,0,nfl_combine,1,0,nfl_combine_szekely2023_proxy,,1,,,1,,,1,,,1,,,1,,,1,,,1,,202,0,nfl_data_py,6,0,nfl_data_py,,1,,,1,,,1,,,1,,,1,,,1,,,1,,,1,,,1,,,1,,,1,,,1,,,1,,,1,,,1,,,1,,,1,,,1,,,1,,,1,,,1,,0,0,proxy_age_at_draft,0,0,,1,,,1,,,,,,,,,,,,,,,,,,,
00-0037087,Trestan Ebner,RB,2022,203,6,CHI,Baylor,23.0,0,0.0,0,0.0,0,0.0,0,0.0,0.0,1,1,1,,6.9631,,0,head_b_v3,v3,23.0,0,nfl_data_py,1,0,proxy_draft_year_age,,1,,0,0,proxy_age_at_draft,22.0,0,proxy_age_at_draft,71.0,0,nfl_combine,206.0,0,nfl_combine,,1,,,1,,106.98,0,combine_barnwell2008,206.0,0,nfl_combine,,1,,1,0,combine_szekely2023_proxy,,1,,,1,,,1,,203,0,nfl_data_py,6,0,nfl_data_py,23.0,0,nfl_data_py,,1,,,1,,0.16461305178029878,0,cfbd,,1,,,1,,,1,,,1,,,1,,,1,,0.1864,0,cfbd,,1,,,1,,,1,,,1,,,1,,,1,,,1,,,1,,,1,,15.6,0,cfbd_sp_plus,,1,,0,0,,,,,,,,,,,,,,,,,,,5.3732,0,cfbd,11.4188,0,cfbd
00-0037304,Connor Heyward,TE,2022,208,6,PIT,Michigan St.,23.0,11,39.7,5,16.0,0,0.0,16,55.7,3.481,0,1,1,,4.601,,0,head_b_v3,v3,23.0,0,nfl_data_py,1,0,proxy_draft_year_age,,1,,0,0,proxy_age_at_draft,22.0,0,proxy_age_at_draft,71.0,0,nfl_combine,233.0,0,nfl_combine,,1,,,1,,,1,,,1,,,1,,,1,,233.0,0,nfl_combine,32.49,0,nfl_combine_derived,87.71,0,combine_pp_hass_approx,208,0,nfl_data_py,6,0,nfl_data_py,,1,,23.0,0,nfl_data_py,,1,,,1,,0.08646093030568469,0,cfbd,,1,,,1,,,1,,,1,,,1,,,1,,,1,,0.7225,0,cfbd,,1,,,1,,,1,,,1,,7.41,0,cfbd,,1,,,1,,,1,,,1,,0,0,,,,,,,,,,,,,,,,,,,,,,,,
00-0037306,John FitzPatrick,TE,2022,213,6,ATL,Georgia,22.0,1,2.2,1,1.2,0,0.0,2,3.4,1.7,1,1,1,,4.601,,0,head_b_v3,v3,22.0,0,nfl_data_py,0,0,proxy_draft_year_age,,1,,0,0,proxy_age_at_draft,21.0,0,proxy_age_at_draft,,1,,,1,,,1,,,1,,,1,,,1,,,1,,,1,,,1,,,1,,,1,,213,0,nfl_data_py,6,0,nfl_data_py,,1,,22.0,0,nfl_data_py,,1,,,1,,0.010984647961884595,0,cfbd,,1,,,1,,,1,,,1,,,1,,,1,,,1,,0.2039,0,cfbd,,1,,,1,,,1,,,1,,12.23,0,cfbd,,1,,,1,,,1,,,1,,0,0,,,,,,,,,,,,,,,,,,,,,,,,
00-0037311,Ko Kieft,TE,2022,218,6,TAM,Minnesota,24.0,3,7.2,0,0.0,0,0.0,3,7.2,2.4,1,1,1,,4.601,,0,head_b_v3,v3,24.0,0,nfl_data_py,1,0,proxy_draft_year_age,,1,,0,0,proxy_age_at_draft,23.0,0,proxy_age_at_draft,,1,,,1,,,1,,,1,,,1,,,1,,,1,,,1,,,1,,,1,,,1,,218,0,nfl_data_py,6,0,nfl_data_py,,1,,24.0,0,nfl_data_py,,1,,,1,,0.06564577397910731,0,cfbd,,1,,,1,,,1,,,1,,,1,,,1,,,1,,0.3945,0,cfbd,,1,,,1,,,1,,,1,,13.83,0,cfbd,,1,,,1,,,1,,,1,,0,0,,,,,,,,,,,,,,,,,,,,,,,,
00-0037317,Nick Muse,TE,2022,227,7,MIN,South Carolina,23.0,1,3.2,0,0.0,0,0.0,1,3.2,3.2,1,1,1,,4.601,,0,head_b_v3,v3,23.0,0,nfl_data_py,1,0,proxy_draft_year_age,,1,,0,0,proxy_age_at_draft,22.0,0,proxy_age_at_draft,,1,,,1,,,1,,,1,,,1,,,1,,,1,,,1,,,1,,,1,,,1,,227,0,nfl_data_py,7,0,nfl_data_py,,1,,23.0,0,nfl_data_py,,1,,,1,,0.08790196419259516,0,cfbd,,1,,,1,,,1,,,1,,,1,,,1,,,1,,0.6167,0,cfbd,,1,,,1,,,1,,,1,,12.01,0,cfbd,,1,,,1,,,1,,,1,,0,0,,,,,,,,,,,,,,,,,,,,,,,,
00-0037091,Bo Melton,WR,2022,229,7,SEA,Rutgers,23.0,4,45.900000000000006,11,22.500000000000004,0,0.0,15,68.4,4.56,1,1,1,,4.8253,,0,head_b_v3,v3,23.0,0,nfl_data_py,1,0,proxy_draft_year_age,,1,,0,0,proxy_age_at_draft,22.0,0,proxy_age_at_draft,71.0,0,nfl_combine,189.0,0,nfl_combine,38.0,0,nfl_combine,1,0,nfl_combine_szekely2023_proxy,,1,,,1,,,1,,,1,,,1,,,1,,,1,,229,0,nfl_data_py,7,0,nfl_data_py,,1,,,1,,0.30529385374607443,0,cfbd,,1,,,1,,0.2994,0,cfbd,,1,,0.3164,0,cfbd,20.0,0,cfbd_proxy,,1,,,1,,,1,,,1,,,1,,,1,,,1,,12.34,0,cfbd,,1,,,1,,,1,,,1,,0,0,proxy_age_at_draft,0,0,,1,,1.5685,0,cfbd,,,,,,,,,,,,,,,,,,
00-0037093,Dareke Young,WR,2022,233,7,SEA,Lenoir-Rhyne,23.0,0,0.0,1,0.0,0,0.0,1,0.0,0.0,1,1,1,,4.8253,,0,head_b_v3,v3,23.0,0,nfl_data_py,1,0,proxy_draft_year_age,,1,,0,0,proxy_age_at_draft,22.0,0,proxy_age_at_draft,,1,,,1,,,1,,,1,,,1,,,1,,,1,,,1,,,1,,,1,,,1,,233,0,nfl_data_py,7,0,nfl_data_py,,1,,,1,,,1,,,1,,,1,,,1,,,1,,,1,,,1,,,1,,,1,,,1,,,1,,,1,,,1,,,1,,,1,,,1,,,1,,,1,,,1,,0,0,proxy_age_at_draft,0,0,,1,,,1,,,,,,,,,,,,,,,,,,,
00-0037324,Chris Oladokun,QB,2022,241,7,PIT,South Dakota St.,25.0,0,0.0,1,0.5,0,0.0,1,0.5,0.5,1,1,1,,,,0,head_b_v3,v3,25.0,0,nfl_data_py,1,0,proxy_draft_year_age,,1,,0,0,proxy_age_at_draft,24.0,0,proxy_age_at_draft,,1,,,1,,,1,,,1,,,1,,,1,,,1,,,1,,,1,,,1,,,1,,241,0,nfl_data_py,7,0,nfl_data_py,,1,,,1,,,1,,,1,,,1,,,1,,,1,,,1,,,1,,,1,,,1,,,1,,,1,,,1,,,1,,,1,,,1,,,1,,,1,,,1,,,1,,,1,,0,0,,,,,,,,1,,,1,,,1,,,1,,,,,,,
00-0037327,Skylar Thompson,QB,2022,247,7,MIA,Kansas St.,25.0,0,0.0,2,7.880000000000001,0,0.0,2,7.88,3.94,1,1,1,,,,0,head_b_v3,v3,25.0,0,nfl_data_py,1,0,proxy_draft_year_age,,1,,0,0,proxy_age_at_draft,24.0,0,proxy_age_at_draft,74.0,0,nfl_combine,217.0,0,nfl_combine,,1,,,1,,,1,,,1,,,1,,,1,,,1,,,1,,,1,,247,0,nfl_data_py,7,0,nfl_data_py,,1,,,1,,,1,,,1,,,1,,,1,,,1,,,1,,,1,,,1,,,1,,,1,,,1,,,1,,,1,,,1,,,1,,,1,,,1,,,1,,,1,,,1,,0,0,,,,,,,,1,,,1,,,1,,,1,,,,,,,
00-0037329,Brittain Brown,RB,2022,250,7,LVR,UCLA,24.0,0,0.0,0,0.0,0,0.0,0,0.0,0.0,1,1,1,,6.744,,0,head_b_v3,v3,24.0,0,nfl_data_py,1,0,proxy_draft_year_age,,1,,0,0,proxy_age_at_draft,23.0,0,proxy_age_at_draft,,1,,,1,,,1,,,1,,,1,,,1,,,1,,,1,,,1,,,1,,,1,,250,0,nfl_data_py,7,0,nfl_data_py,24.0,0,nfl_data_py,,1,,,1,,0.2321905999350341,0,cfbd,,1,,,1,,,1,,,1,,,1,,,1,,0.1389,0,cfbd,,1,,,1,,,1,,,1,,,1,,,1,,,1,,,1,,,1,,9.4,0,cfbd_sp_plus,,1,,0,0,,,,,,,,,,,,,,,,,,,6.0392,0,cfbd,8.875,0,cfbd
00-0037197,Isiah Pacheco,RB,2022,251,7,KAN,Rutgers,23.0,14,213.9,7,56.900000000000006,0,0.0,21,270.8,12.895,0,1,1,,6.525,,0,head_b_v3,v3,23.0,0,nfl_data_py,1,0,proxy_draft_year_age,,1,,0,0,proxy_age_at_draft,22.0,0,proxy_age_at_draft,70.0,0,nfl_combine,216.0,0,nfl_combine,,1,,,1,,118.46,0,combine_barnwell2008,216.0,0,nfl_combine,,1,,1,0,combine_szekely2023_proxy,,1,,,1,,,1,,251,0,nfl_data_py,7,0,nfl_data_py,23.0,0,nfl_data_py,,1,,,1,,,1,,,1,,,1,,,1,,,1,,,1,,,1,,,1,,,1,,,1,,,1,,,1,,,1,,,1,,,1,,,1,,,1,,-3.0,0,cfbd_sp_plus,,1,,0,0,,,,,,,,,,,,,,,,,,,,1,,,1,
00-0037098,Samori Toure,WR,2022,258,7,GNB,Nebraska,24.0,8,17.8,0,0.0,0,0.0,8,17.8,2.225,1,1,1,,4.3167,,0,head_b_v3,v3,24.0,0,nfl_data_py,1,0,proxy_draft_year_age,,1,,0,0,proxy_age_at_draft,23.0,0,proxy_age_at_draft,,1,,,1,,,1,,,1,,,1,,,1,,,1,,,1,,,1,,,1,,,1,,258,0,nfl_data_py,7,0,nfl_data_py,,1,,,1,,0.3190155949774342,0,cfbd,,1,,,1,,0.2809,0,cfbd,,1,,0.319,0,cfbd,23.0,0,cfbd_proxy,,1,,,1,,,1,,,1,,,1,,,1,,,1,,19.52,0,cfbd,,1,,,1,,,1,,,1,,0,0,proxy_age_at_draft,0,0,,1,,2.6257,0,cfbd,,,,,,,,,,,,,,,,,,
00-0037331,Zander Horvath,RB,2022,260,7,LAC,Purdue,23.0,0,0.0,0,0.0,0,0.0,0,0.0,0.0,1,1,1,,6.525,,0,head_b_v3,v3,23.0,0,nfl_data_py,1,0,proxy_draft_year_age,,1,,0,0,proxy_age_at_draft,22.0,0,proxy_age_at_draft,,1,,,1,,,1,,,1,,,1,,,1,,,1,,,1,,,1,,,1,,,1,,260,0,nfl_data_py,7,0,nfl_data_py,23.0,0,nfl_data_py,,1,,,1,,,1,,,1,,,1,,,1,,,1,,,1,,,1,,,1,,,1,,,1,,,1,,,1,,,1,,,1,,,1,,,1,,,1,,10.3,0,cfbd_sp_plus,,1,,0,0,,,,,,,,,,,,,,,,,,,,1,,,1,
00-0037834,Brock Purdy,QB,2022,262,7,SFO,Iowa St.,22.0,16,295.6,15,266.86,0,0.0,31,562.46,18.144,0,1,1,,,,0,head_b_v3,v3,22.0,0,nfl_data_py,0,0,proxy_draft_year_age,,1,,0,0,proxy_age_at_draft,21.0,0,proxy_age_at_draft,73.0,0,nfl_combine,212.0,0,nfl_combine,,1,,,1,,,1,,,1,,,1,,,1,,,1,,,1,,,1,,262,0,nfl_data_py,7,0,nfl_data_py,,1,,,1,,,1,,,1,,,1,,,1,,,1,,,1,,,1,,,1,,,1,,,1,,,1,,,1,,,1,,,1,,,1,,,1,,,1,,,1,,,1,,,1,,0,0,,,,,,,0.717,0,cfbd,7.8,0,cfbd,2.375,0,cfbd,0.044968,0,cfbd,,,,,,
00-0039150,Bryce Young,QB,2023,1,1,CAR,Alabama,22.0,14,195.02,0,0.0,0,0.0,14,195.02,13.93,1,0,1,,,,0,head_b_v3,v3,22.0,0,nfl_data_py,0,0,proxy_draft_year_age,,1,,0,0,proxy_age_at_draft,21.0,0,proxy_age_at_draft,70.0,0,nfl_combine,204.0,0,nfl_combine,,1,,,1,,,1,,,1,,,1,,,1,,,1,,,1,,,1,,1,0,nfl_data_py,1,0,nfl_data_py,,1,,,1,,,1,,,1,,,1,,,1,,,1,,,1,,,1,,,1,,,1,,,1,,,1,,,1,,,1,,,1,,,1,,,1,,,1,,,1,,,1,,,1,,0,0,,,,,,,0.645,0,cfbd,8.8,0,cfbd,6.4,0,cfbd,0.047826,0,cfbd,,,,,,
00-0039163,C.J. Stroud,QB,2023,2,1,HOU,Ohio St.,21.0,17,220.38,0,0.0,0,0.0,17,220.38,12.964,0,0,1,,,,0,head_b_v3,v3,21.0,0,nfl_data_py,0,0,proxy_draft_year_age,,1,,1,0,proxy_age_at_draft,20.0,0,proxy_age_at_draft,75.0,0,nfl_combine,214.0,0,nfl_combine,,1,,,1,,,1,,,1,,,1,,,1,,,1,,,1,,,1,,2,0,nfl_data_py,1,0,nfl_data_py,,1,,,1,,,1,,,1,,,1,,,1,,,1,,,1,,,1,,,1,,,1,,,1,,,1,,,1,,,1,,,1,,,1,,,1,,,1,,,1,,,1,,,1,,0,0,,,,,,,0.663,0,cfbd,9.5,0,cfbd,6.833333,0,cfbd,0.028436,0,cfbd,,,,,,
00-0039164,Anthony Richardson,QB,2023,4,1,IND,Florida,21.0,11,163.36,0,0.0,0,0.0,11,163.36,14.851,1,0,1,,,,0,head_b_v3,v3,21.0,0,nfl_data_py,0,0,proxy_draft_year_age,,1,,1,0,proxy_age_at_draft,20.0,0,proxy_age_at_draft,76.0,0,nfl_combine,244.0,0,nfl_combine,,1,,,1,,,1,,,1,,,1,,,1,,,1,,,1,,,1,,4,0,nfl_data_py,1,0,nfl_data_py,,1,,,1,,,1,,,1,,,1,,,1,,,1,,,1,,,1,,,1,,,1,,,1,,,1,,,1,,,1,,,1,,,1,,,1,,,1,,,1,,,1,,,1,,0,0,,,,,,,0.538,0,cfbd,7.8,0,cfbd,1.888889,0,cfbd,0.044386,0,cfbd,,,,,,
00-0038542,Bijan Robinson,RB,2023,8,1,ATL,Texas,21.0,17,341.7,0,0.0,0,0.0,17,341.7,20.1,0,0,1,,19.6562,,0,head_b_v3,v3,21.0,0,nfl_data_py,0,0,proxy_draft_year_age,,1,,1,0,proxy_age_at_draft,20.0,0,proxy_age_at_draft,71.0,0,nfl_combine,215.0,0,nfl_combine,,1,,,1,,108.67,0,combine_barnwell2008,215.0,0,nfl_combine,,1,,1,0,combine_szekely2023_proxy,,1,,,1,,,1,,8,0,nfl_data_py,1,0,nfl_data_py,21.0,0,nfl_data_py,,1,,,1,,0.6331762514814605,0,cfbd,,1,,,1,,,1,,,1,,,1,,,1,,0.3657,0,cfbd,,1,,,1,,,1,,,1,,,1,,,1,,,1,,,1,,,1,,23.1,0,cfbd_sp_plus,,1,,0,0,,,,,,,,,,,,,,,,,,,6.1163,0,cfbd,13.2414,0,cfbd
00-0039139,Jahmyr Gibbs,RB,2023,12,1,DET,Alabama,21.0,17,354.9,0,0.0,0,0.0,17,354.9,20.876,0,0,1,,19.6562,,0,head_b_v3,v3,21.0,0,nfl_data_py,0,0,proxy_draft_year_age,,1,,1,0,proxy_age_at_draft,20.0,0,proxy_age_at_draft,69.0,0,nfl_combine,199.0,0,nfl_combine,,1,,,1,,110.14,0,combine_barnwell2008,199.0,0,nfl_combine,,1,,1,0,combine_szekely2023_proxy,,1,,,1,,,1,,12,0,nfl_data_py,1,0,nfl_data_py,21.0,0,nfl_data_py,,1,,,1,,0.31661223996129656,0,cfbd,,1,,,1,,,1,,,1,,,1,,,1,,0.2132,0,cfbd,,1,,,1,,,1,,,1,,,1,,,1,,,1,,,1,,,1,,30.3,0,cfbd_sp_plus,,1,,0,0,,,,,,,,,,,,,,,,,,,6.25,0,cfbd,9.0,0,cfbd
00-0038543,Jaxon Smith-Njigba,WR,2023,20,1,SEA,Ohio St.,21.0,17,253.0,0,0.0,0,0.0,17,253.0,14.882,0,0,1,,10.3868,,0,head_b_v3,v3,21.0,0,nfl_data_py,0,0,proxy_draft_year_age,,1,,1,0,proxy_age_at_draft,20.0,0,proxy_age_at_draft,73.0,0,nfl_combine,196.0,0,nfl_combine,35.0,0,nfl_combine,1,0,nfl_combine_szekely2023_proxy,,1,,,1,,,1,,,1,,,1,,,1,,,1,,20,0,nfl_data_py,1,0,nfl_data_py,,1,,,1,,0.0055440948942754,0,cfbd,,1,,,1,,0.0122,0,cfbd,,1,,0.0061,0,cfbd,19.0,0,cfbd_proxy,,1,,,1,,,1,,,1,,,1,,,1,,,1,,14.49,0,cfbd,,1,,,1,,,1,,,1,,1,0,proxy_age_at_draft,0,0,,1,,0.1049,0,cfbd,,,,,,,,,,,,,,,,,,
00-0038544,Quentin Johnston,WR,2023,21,1,LAC,TCU,22.0,15,174.70000000000002,0,0.0,0,0.0,15,174.7,11.647,1,0,1,,10.3868,,0,head_b_v3,v3,22.0,0,nfl_data_py,0,0,proxy_draft_year_age,,1,,0,0,proxy_age_at_draft,21.0,0,proxy_age_at_draft,75.0,0,nfl_combine,208.0,0,nfl_combine,40.5,0,nfl_combine,1,0,nfl_combine_szekely2023_proxy,,1,,,1,,,1,,,1,,,1,,,1,,,1,,21,0,nfl_data_py,1,0,nfl_data_py,,1,,,1,,0.2270527485759274,0,cfbd,,1,,,1,,0.2544,0,cfbd,,1,,0.2079,0,cfbd,19.0,0,cfbd_proxy,,1,,,1,,,1,,,1,,,1,,,1,,,1,,18.54,0,cfbd,,1,,,1,,,1,,,1,,0,0,proxy_age_at_draft,0,0,,1,,1.989,0,cfbd,,,,,,,,,,,,,,,,,,
00-0039064,Zay Flowers,WR,2023,22,1,BAL,Boston Col.,22.0,17,209.5,0,0.0,0,0.0,17,209.5,12.324,0,0,1,,10.3868,,0,head_b_v3,v3,22.0,0,nfl_data_py,0,0,proxy_draft_year_age,,1,,0,0,proxy_age_at_draft,21.0,0,proxy_age_at_draft,69.0,0,nfl_combine,182.0,0,nfl_combine,35.5,0,nfl_combine,1,0,nfl_combine_szekely2023_proxy,,1,,,1,,,1,,,1,,,1,,,1,,,1,,22,0,nfl_data_py,1,0,nfl_data_py,,1,,,1,,0.46733317272946273,0,cfbd,,1,,,1,,0.3632,0,cfbd,,1,,0.4673,0,cfbd,19.0,0,cfbd_proxy,,1,,,1,,,1,,,1,,,1,,,1,,,1,,15.28,0,cfbd,,1,,,1,,,1,,,1,,0,0,proxy_age_at_draft,0,0,,1,,2.4477,0,cfbd,,,,,,,,,,,,,,,,,,
00-0038994,Jordan Addison,WR,2023,23,1,MIN,USC,21.0,15,212.5,0,0.0,0,0.0,15,212.5,14.167,1,0,1,,10.3868,,0,head_b_v3,v3,21.0,0,nfl_data_py,0,0,proxy_draft_year_age,,1,,1,0,proxy_age_at_draft,20.0,0,proxy_age_at_draft,71.0,0,nfl_combine,173.0,0,nfl_combine,34.0,0,nfl_combine,1,0,nfl_combine_szekely2023_proxy,,1,,,1,,,1,,,1,,,1,,,1,,,1,,23,0,nfl_data_py,1,0,nfl_data_py,,1,,,1,,0.1862273461420319,0,cfbd,,1,,,1,,0.2067,0,cfbd,,1,,0.2086,0,cfbd,20.0,0,cfbd_proxy,,1,,,1,,,1,,,1,,,1,,,1,,,1,,14.83,0,cfbd,,1,,,1,,,1,,,1,,1,0,proxy_age_at_draft,0,0,,1,,1.7023,0,cfbd,,,,,,,,,,,,,,,,,,
00-0038933,Dalton Kincaid,TE,2023,25,1,BUF,Utah,23.0,13,100.8,0,0.0,0,0.0,13,100.8,7.754,1,0,1,,9.9687,,0,head_b_v3,v3,23.0,0,nfl_data_py,0,0,proxy_draft_year_age,,1,,0,0,proxy_age_at_draft,22.0,0,proxy_age_at_draft,76.0,0,nfl_combine,246.0,0,nfl_combine,,1,,,1,,,1,,,1,,,1,,,1,,246.0,0,nfl_combine,29.94,0,nfl_combine_derived,,1,,25,0,nfl_data_py,1,0,nfl_data_py,,1,,23.0,0,nfl_data_py,,1,,,1,,0.25657596686359896,0,cfbd,,1,,,1,,,1,,,1,,,1,,,1,,,1,,1.9955,0,cfbd,,1,,,1,,,1,,,1,,13.16,0,cfbd,,1,,,1,,,1,,,1,,0,0,,,,,,,,,,,,,,,,,,,,,,,,
00-0039152,Will Levis,QB,2023,33,2,TEN,Kentucky,24.0,12,119.94,0,0.0,0,0.0,12,119.94,9.995,1,0,1,,,,0,head_b_v3,v3,24.0,0,nfl_data_py,0,0,proxy_draft_year_age,,1,,0,0,proxy_age_at_draft,23.0,0,proxy_age_at_draft,76.0,0,nfl_combine,229.0,0,nfl_combine,,1,,,1,,,1,,,1,,,1,,,1,,,1,,,1,,,1,,33,0,nfl_data_py,2,0,nfl_data_py,,1,,,1,,,1,,,1,,,1,,,1,,,1,,,1,,,1,,,1,,,1,,,1,,,1,,,1,,,1,,,1,,,1,,,1,,,1,,,1,,,1,,,1,,0,0,,,,,,,0.654,0,cfbd,8.5,0,cfbd,1.9,0,cfbd,0.118687,0,cfbd,,,,,,
00-0039065,Sam LaPorta,TE,2023,34,2,DET,Iowa,22.0,16,174.6,0,0.0,0,0.0,16,174.6,10.912,0,0,1,,9.9687,,0,head_b_v3,v3,22.0,0,nfl_data_py,0,0,proxy_draft_year_age,,1,,0,0,proxy_age_at_draft,21.0,0,proxy_age_at_draft,75.0,0,nfl_combine,245.0,0,nfl_combine,,1,,,1,,,1,,,1,,,1,,,1,,245.0,0,nfl_combine,30.62,0,nfl_combine_derived,108.94,0,combine_pp_hass_approx,34,0,nfl_data_py,2,0,nfl_data_py,,1,,22.0,0,nfl_data_py,,1,,,1,,0.23244968090328916,0,cfbd,,1,,,1,,,1,,,1,,,1,,,1,,,1,,1.7192,0,cfbd,,1,,,1,,,1,,,1,,11.58,0,cfbd,,1,,,1,,,1,,,1,,0,0,,,,,,,,,,,,,,,,,,,,,,,,
00-0039066,Michael Mayer,TE,2023,35,2,LVR,Notre Dame,22.0,11,36.6,0,0.0,0,0.0,11,36.6,3.327,1,0,1,,9.9687,,0,head_b_v3,v3,22.0,0,nfl_data_py,0,0,proxy_draft_year_age,,1,,0,0,proxy_age_at_draft,21.0,0,proxy_age_at_draft,77.0,0,nfl_combine,249.0,0,nfl_combine,,1,,,1,,,1,,,1,,,1,,,1,,249.0,0,nfl_combine,29.52,0,nfl_combine_derived,103.4,0,combine_pp_hass_approx,35,0,nfl_data_py,2,0,nfl_data_py,,1,,22.0,0,nfl_data_py,,1,,,1,,0.33020423319717784,0,cfbd,,1,,,1,,,1,,,1,,,1,,,1,,,1,,2.3935,0,cfbd,,1,,,1,,,1,,,1,,11.84,0,cfbd,,1,,,1,,,1,,,1,,0,0,,,,,,,,,,,,,,,,,,,,,,,,
00-0039062,Jonathan Mingo,WR,2023,39,2,CAR,Mississippi,22.0,14,32.2,0,0.0,0,0.0,14,32.2,2.3,1,0,1,,9.8012,,0,head_b_v3,v3,22.0,0,nfl_data_py,0,0,proxy_draft_year_age,,1,,0,0,proxy_age_at_draft,21.0,0,proxy_age_at_draft,74.0,0,nfl_combine,220.0,0,nfl_combine,39.5,0,nfl_combine,1,0,nfl_combine_szekely2023_proxy,,1,,,1,,,1,,,1,,,1,,,1,,,1,,39,0,nfl_data_py,2,0,nfl_data_py,,1,,,1,,0.2518659980173771,0,cfbd,,1,,,1,,,1,,,1,,,1,,,1,,,1,,,1,,,1,,,1,,,1,,,1,,,1,,,1,,,1,,,1,,,1,,,1,,0,0,proxy_age_at_draft,0,0,,1,,,1,,,,,,,,,,,,,,,,,,,
00-0039144,Luke Musgrave,TE,2023,42,2,GNB,Oregon St.,23.0,7,11.5,0,0.0,0,0.0,7,11.5,1.643,1,0,1,,9.7999,,0,head_b_v3,v3,23.0,0,nfl_data_py,0,0,proxy_draft_year_age,,1,,0,0,proxy_age_at_draft,22.0,0,proxy_age_at_draft,78.0,0,nfl_combine,253.0,0,nfl_combine,,1,,,1,,,1,,,1,,,1,,,1,,253.0,0,nfl_combine,29.23,0,nfl_combine_derived,114.98,0,combine_pp_hass_approx,42,0,nfl_data_py,2,0,nfl_data_py,,1,,23.0,0,nfl_data_py,,1,,,1,,0.0638251734772552,0,cfbd,,1,,,1,,,1,,,1,,,1,,,1,,,1,,0.5232,0,cfbd,,1,,,1,,,1,,,1,,13.33,0,cfbd,,1,,,1,,,1,,,1,,0,0,,,,,,,,,,,,,,,,,,,,,,,,
00-0039146,Jayden Reed,WR,2023,50,2,GNB,Michigan St.,23.0,17,197.0,0,0.0,0,0.0,17,197.0,11.588,0,0,1,,9.8012,,0,head_b_v3,v3,23.0,0,nfl_data_py,0,0,proxy_draft_year_age,,1,,0,0,proxy_age_at_draft,22.0,0,proxy_age_at_draft,71.0,0,nfl_combine,187.0,0,nfl_combine,33.5,0,nfl_combine,1,0,nfl_combine_szekely2023_proxy,,1,,,1,,,1,,,1,,,1,,,1,,,1,,50,0,nfl_data_py,2,0,nfl_data_py,,1,,,1,,0.2191123188405797,0,cfbd,,1,,,1,,0.2208,0,cfbd,,1,,0.2191,0,cfbd,20.0,0,cfbd_proxy,,1,,,1,,,1,,,1,,,1,,,1,,,1,,14.11,0,cfbd,,1,,,1,,,1,,,1,,0,0,proxy_age_at_draft,0,0,,1,,1.5437,0,cfbd,,,,,,,,,,,,,,,,,,
00-0039165,Zach Charbonnet,RB,2023,52,2,SEA,UCLA,22.0,17,183.70000000000002,0,0.0,0,0.0,17,183.7,10.806,0,0,1,,11.6922,,0,head_b_v3,v3,22.0,0,nfl_data_py,0,0,proxy_draft_year_age,,1,,0,0,proxy_age_at_draft,21.0,0,proxy_age_at_draft,72.0,0,nfl_combine,214.0,0,nfl_combine,,1,,,1,,101.64,0,combine_barnwell2008,214.0,0,nfl_combine,,1,,1,0,combine_szekely2023_proxy,,1,,,1,,,1,,52,0,nfl_data_py,2,0,nfl_data_py,22.0,0,nfl_data_py,,1,,,1,,0.4137087232440572,0,cfbd,,1,,,1,,,1,,,1,,,1,,,1,,0.2738,0,cfbd,,1,,,1,,,1,,,1,,,1,,,1,,,1,,,1,,,1,,15.0,0,cfbd_sp_plus,,1,,0,0,,,,,,,,,,,,,,,,,,,6.9692,0,cfbd,8.4918,0,cfbd
00-0039067,Rashee Rice,WR,2023,55,2,KAN,SMU,23.0,3,64.9,0,0.0,0,0.0,3,64.9,21.633,1,0,1,,9.8012,,0,head_b_v3,v3,23.0,0,nfl_data_py,0,0,proxy_draft_year_age,,1,,0,0,proxy_age_at_draft,22.0,0,proxy_age_at_draft,73.0,0,nfl_combine,204.0,0,nfl_combine,41.0,0,nfl_combine,1,0,nfl_combine_szekely2023_proxy,,1,,,1,,,1,,,1,,,1,,,1,,,1,,55,0,nfl_data_py,2,0,nfl_data_py,,1,,,1,,0.30345046285051147,0,cfbd,,1,,,1,,0.3528,0,cfbd,,1,,0.3279,0,cfbd,20.0,0,cfbd_proxy,,1,,,1,,,1,,,1,,,1,,,1,,,1,,13.23,0,cfbd,,1,,,1,,,1,,,1,,0,0,proxy_age_at_draft,0,0,,1,,2.6413,0,cfbd,,,,,,,,,,,,,,,,,,
00-0038547,Luke Schoonmaker,TE,2023,58,2,DAL,Michigan,24.0,10,57.1,0,0.0,0,0.0,10,57.1,5.71,1,0,1,,8.6476,,0,head_b_v3,v3,24.0,0,nfl_data_py,0,0,proxy_draft_year_age,,1,,0,0,proxy_age_at_draft,23.0,0,proxy_age_at_draft,77.0,0,nfl_combine,251.0,0,nfl_combine,,1,,,1,,,1,,,1,,,1,,,1,,251.0,0,nfl_combine,29.76,0,nfl_combine_derived,110.68,0,combine_pp_hass_approx,58,0,nfl_data_py,2,0,nfl_data_py,,1,,24.0,0,nfl_data_py,,1,,,1,,0.13040123456790123,0,cfbd,,1,,,1,,,1,,,1,,,1,,,1,,,1,,1.0432,0,cfbd,,1,,,1,,,1,,,1,,11.42,0,cfbd,,1,,,1,,,1,,,1,,0,0,,,,,,,,,,,,,,,,,,,,,,,,
00-0038935,Brenton Strange,TE,2023,61,2,JAX,Penn St.,22.0,14,91.1,0,0.0,0,0.0,14,91.1,6.507,1,0,1,,8.4779,,0,head_b_v3,v3,22.0,0,nfl_data_py,0,0,proxy_draft_year_age,,1,,0,0,proxy_age_at_draft,21.0,0,proxy_age_at_draft,76.0,0,nfl_combine,253.0,0,nfl_combine,,1,,,1,,,1,,,1,,,1,,,1,,253.0,0,nfl_combine,30.79,0,nfl_combine_derived,103.7,0,combine_pp_hass_approx,61,0,nfl_data_py,2,0,nfl_data_py,,1,,22.0,0,nfl_data_py,,1,,,1,,0.14133939731322276,0,cfbd,,1,,,1,,,1,,,1,,,1,,,1,,,1,,0.8578,0,cfbd,,1,,,1,,,1,,,1,,10.96,0,cfbd,,1,,,1,,,1,,,1,,0,0,,,,,,,,,,,,,,,,,,,,,,,,
00-0038976,Marvin Mims,WR,2023,63,2,DEN,Oklahoma,21.0,16,129.5,0,0.0,0,0.0,16,129.5,8.094,0,0,1,,8.5194,,0,head_b_v3,v3,21.0,0,nfl_data_py,0,0,proxy_draft_year_age,,1,,1,0,proxy_age_at_draft,20.0,0,proxy_age_at_draft,71.0,0,nfl_combine,183.0,0,nfl_combine,39.5,0,nfl_combine,1,0,nfl_combine_szekely2023_proxy,,1,,,1,,,1,,,1,,,1,,,1,,,1,,63,0,nfl_data_py,2,0,nfl_data_py,,1,,,1,,0.2747062772742531,0,cfbd,,1,,,1,,0.328,0,cfbd,,1,,0.2794,0,cfbd,18.0,0,cfbd_proxy,,1,,,1,,,1,,,1,,,1,,,1,,,1,,18.96,0,cfbd,,1,,,1,,,1,,,1,,1,0,proxy_age_at_draft,0,0,,1,,2.4717,0,cfbd,,,,,,,,,,,,,,,,,,
00-0038550,Hendon Hooker,QB,2023,68,3,DET,Tennessee,25.0,3,2.68,0,0.0,0,0.0,3,2.68,0.893,1,0,1,,,,0,head_b_v3,v3,25.0,0,nfl_data_py,0,0,proxy_draft_year_age,,1,,0,0,proxy_age_at_draft,24.0,0,proxy_age_at_draft,75.0,0,nfl_combine,217.0,0,nfl_combine,,1,,,1,,,1,,,1,,,1,,,1,,,1,,,1,,,1,,68,0,nfl_data_py,3,0,nfl_data_py,,1,,,1,,,1,,,1,,,1,,,1,,,1,,,1,,,1,,,1,,,1,,,1,,,1,,,1,,,1,,,1,,,1,,,1,,,1,,,1,,,1,,,1,,0,0,,,,,,,0.696,0,cfbd,9.5,0,cfbd,13.5,0,cfbd,0.060134,0,cfbd,,,,,,
00-0038977,Tank Dell,WR,2023,69,3,HOU,Houston,23.0,14,140.0,0,0.0,0,0.0,14,140.0,10.0,1,0,1,,8.5194,,0,head_b_v3,v3,23.0,0,nfl_data_py,0,0,proxy_draft_year_age,,1,,0,0,proxy_age_at_draft,22.0,0,proxy_age_at_draft,68.0,0,nfl_combine,165.0,0,nfl_combine,,1,,,1,,,1,,,1,,,1,,,1,,,1,,,1,,,1,,69,0,nfl_data_py,3,0,nfl_data_py,,1,,,1,,,1,,,1,,,1,,,1,,,1,,,1,,,1,,,1,,,1,,,1,,,1,,,1,,,1,,,1,,,1,,,1,,,1,,,1,,,1,,0,0,proxy_age_at_draft,0,0,,1,,,1,,,,,,,,,,,,,,,,,,,
00-0038551,Kendre Miller,RB,2023,71,3,NOR,TCU,21.0,6,29.1,0,0.0,0,0.0,6,29.1,4.85,1,0,1,,11.2764,,0,head_b_v3,v3,21.0,0,nfl_data_py,0,0,proxy_draft_year_age,,1,,1,0,proxy_age_at_draft,20.0,0,proxy_age_at_draft,71.0,0,nfl_combine,215.0,0,nfl_combine,,1,,,1,,,1,,215.0,0,nfl_combine,,1,,,1,,,1,,,1,,,1,,71,0,nfl_data_py,3,0,nfl_data_py,21.0,0,nfl_data_py,,1,,,1,,0.4710198297642244,0,cfbd,,1,,,1,,,1,,,1,,,1,,,1,,0.2358,0,cfbd,,1,,,1,,,1,,,1,,,1,,,1,,,1,,,1,,,1,,24.3,0,cfbd_sp_plus,,1,,0,0,,,,,,,,,,,,,,,,,,,6.213,0,cfbd,7.8966,0,cfbd
00-0038938,Jalin Hyatt,WR,2023,73,3,NYG,Tennessee,21.0,10,14.2,0,0.0,0,0.0,10,14.2,1.42,1,0,1,,8.5194,,0,head_b_v3,v3,21.0,0,nfl_data_py,0,0,proxy_draft_year_age,,1,,1,0,proxy_age_at_draft,20.0,0,proxy_age_at_draft,72.0,0,nfl_combine,176.0,0,nfl_combine,40.0,0,nfl_combine,1,0,nfl_combine_szekely2023_proxy,,1,,,1,,,1,,,1,,,1,,,1,,,1,,73,0,nfl_data_py,3,0,nfl_data_py,,1,,,1,,0.3468140450205486,0,cfbd,,1,,,1,,0.3177,0,cfbd,,1,,0.3731,0,cfbd,20.0,0,cfbd_proxy,,1,,,1,,,1,,,1,,,1,,,1,,,1,,16.51,0,cfbd,,1,,,1,,,1,,,1,,1,0,proxy_age_at_draft,0,0,,1,,3.0024,0,cfbd,,,,,,,,,,,,,,,,,,
00-0038979,Cedric Tillman,WR,2023,74,3,CLE,Tennessee,23.0,9,80.4,0,0.0,0,0.0,9,80.4,8.933,1,0,1,,8.5194,,0,head_b_v3,v3,23.0,0,nfl_data_py,0,0,proxy_draft_year_age,,1,,0,0,proxy_age_at_draft,22.0,0,proxy_age_at_draft,75.0,0,nfl_combine,213.0,0,nfl_combine,37.0,0,nfl_combine,1,0,nfl_combine_szekely2023_proxy,,1,,,1,,,1,,,1,,,1,,,1,,,1,,74,0,nfl_data_py,3,0,nfl_data_py,,1,,,1,,0.08865981301448951,0,cfbd,,1,,,1,,0.1046,0,cfbd,,1,,0.0951,0,cfbd,21.0,0,cfbd_proxy,,1,,,1,,,1,,,1,,,1,,,1,,,1,,14.43,0,cfbd,,1,,,1,,,1,,,1,,0,0,proxy_age_at_draft,0,0,,1,,0.9882,0,cfbd,,,,,,,,,,,,,,,,,,
00-0038996,Tucker Kraft,TE,2023,78,3,GNB,South Dakota St.,22.0,17,163.3,0,0.0,0,0.0,17,163.3,9.606,0,0,1,,8.082,,0,head_b_v3,v3,22.0,0,nfl_data_py,0,0,proxy_draft_year_age,,1,,0,0,proxy_age_at_draft,21.0,0,proxy_age_at_draft,77.0,0,nfl_combine,254.0,0,nfl_combine,,1,,,1,,,1,,,1,,,1,,,1,,254.0,0,nfl_combine,30.12,0,nfl_combine_derived,106.38,0,combine_pp_hass_approx,78,0,nfl_data_py,3,0,nfl_data_py,,1,,22.0,0,nfl_data_py,,1,,,1,,,1,,,1,,,1,,,1,,,1,,,1,,,1,,,1,,,1,,,1,,,1,,,1,,,1,,,1,,,1,,,1,,,1,,,1,,0,0,,,,,,,,,,,,,,,,,,,,,,,,
00-0038997,Josh Downs,WR,2023,79,3,IND,North Carolina,22.0,14,182.2,0,0.0,0,0.0,14,182.2,13.014,1,0,1,,8.3309,,0,head_b_v3,v3,22.0,0,nfl_data_py,0,0,proxy_draft_year_age,,1,,0,0,proxy_age_at_draft,21.0,0,proxy_age_at_draft,69.0,0,nfl_combine,171.0,0,nfl_combine,38.5,0,nfl_combine,1,0,nfl_combine_szekely2023_proxy,,1,,,1,,,1,,,1,,,1,,,1,,,1,,79,0,nfl_data_py,3,0,nfl_data_py,,1,,,1,,0.263559013005956,0,cfbd,,1,,,1,,0.2495,0,cfbd,,1,,0.2819,0,cfbd,20.0,0,cfbd_proxy,,1,,,1,,,1,,,1,,,1,,,1,,,1,,11.95,0,cfbd,,1,,,1,,,1,,,1,,0,0,proxy_age_at_draft,0,0,,1,,1.96,0,cfbd,,,,,,,,,,,,,,,,,,
00-0039032,Tyjae Spears,RB,2023,81,3,TEN,Tulane,22.0,12,113.60000000000001,0,0.0,0,0.0,12,113.6,9.467,1,0,1,,11.2764,,0,head_b_v3,v3,22.0,0,nfl_data_py,0,0,proxy_draft_year_age,,1,,0,0,proxy_age_at_draft,21.0,0,proxy_age_at_draft,70.0,0,nfl_combine,201.0,0,nfl_combine,,1,,,1,,,1,,201.0,0,nfl_combine,,1,,,1,,,1,,,1,,,1,,81,0,nfl_data_py,3,0,nfl_data_py,22.0,0,nfl_data_py,,1,,,1,,0.5550393797686439,0,cfbd,,1,,,1,,,1,,,1,,,1,,,1,,0.2859,0,cfbd,,1,,,1,,,1,,,1,,,1,,,1,,,1,,,1,,,1,,12.4,0,cfbd_sp_plus,,1,,0,0,,,,,,,,,,,,,,,,,,,6.4906,0,cfbd,11.7021,0,cfbd
00-0039040,De'Von Achane,RB,2023,84,3,MIA,Texas A&M,21.0,17,299.9,0,0.0,0,0.0,17,299.9,17.641,0,0,1,,11.2764,,0,head_b_v3,v3,21.0,0,nfl_data_py,0,0,proxy_draft_year_age,,1,,1,0,proxy_age_at_draft,20.0,0,proxy_age_at_draft,69.0,0,nfl_combine,188.0,0,nfl_combine,,1,,,1,,107.96,0,combine_barnwell2008,188.0,0,nfl_combine,,1,,1,0,combine_szekely2023_proxy,,1,,,1,,,1,,84,0,nfl_data_py,3,0,nfl_data_py,21.0,0,nfl_data_py,,1,,,1,,,1,,,1,,,1,,,1,,,1,,,1,,,1,,0.2984,0,cfbd,,1,,,1,,,1,,,1,,,1,,,1,,,1,,,1,,,1,,9.1,0,cfbd_sp_plus,,1,,0,0,,,,,,,,,,,,,,,,,,,5.6224,0,cfbd,8.4127,0,cfbd
00-0038555,Tank Bigsby,RB,2023,88,3,JAX,Auburn,22.0,15,129.0,0,0.0,0,0.0,15,129.0,8.6,1,0,1,,7.3666,,0,head_b_v3,v3,22.0,0,nfl_data_py,0,0,proxy_draft_year_age,,1,,0,0,proxy_age_at_draft,21.0,0,proxy_age_at_draft,72.0,0,nfl_combine,210.0,0,nfl_combine,,1,,,1,,97.14,0,combine_barnwell2008,210.0,0,nfl_combine,,1,,1,0,combine_szekely2023_proxy,,1,,,1,,,1,,88,0,nfl_data_py,3,0,nfl_data_py,22.0,0,nfl_data_py,,1,,,1,,0.3963562753036437,0,cfbd,,1,,,1,,,1,,,1,,,1,,,1,,0.2517,0,cfbd,,1,,,1,,,1,,,1,,,1,,,1,,,1,,,1,,,1,,5.1,0,cfbd_sp_plus,,1,,0,0,,,,,,,,,,,,,,,,,,,5.419,0,cfbd,6.6667,0,cfbd
00-0038558,Darnell Washington,TE,2023,93,3,PIT,Georgia,22.0,13,45.0,0,0.0,0,0.0,13,45.0,3.462,1,0,1,,7.6837,,0,head_b_v3,v3,22.0,0,nfl_data_py,0,0,proxy_draft_year_age,,1,,0,0,proxy_age_at_draft,21.0,0,proxy_age_at_draft,79.0,0,nfl_combine,264.0,0,nfl_combine,,1,,,1,,,1,,,1,,,1,,,1,,264.0,0,nfl_combine,29.74,0,nfl_combine_derived,118.41,0,combine_pp_hass_approx,93,0,nfl_data_py,3,0,nfl_data_py,,1,,22.0,0,nfl_data_py,,1,,,1,,0.0834187586788516,0,cfbd,,1,,,1,,,1,,,1,,,1,,,1,,,1,,0.8476,0,cfbd,,1,,,1,,,1,,,1,,17.49,0,cfbd,,1,,,1,,,1,,,1,,0,0,,,,,,,,,,,,,,,,,,,,,,,,
00-0038559,Michael Wilson,WR,2023,94,3,ARI,Stanford,23.0,16,124.5,0,0.0,0,0.0,16,124.5,7.781,0,0,1,,8.2367,,0,head_b_v3,v3,23.0,0,nfl_data_py,0,0,proxy_draft_year_age,,1,,0,0,proxy_age_at_draft,22.0,0,proxy_age_at_draft,74.0,0,nfl_combine,213.0,0,nfl_combine,37.5,0,nfl_combine,1,0,nfl_combine_szekely2023_proxy,,1,,,1,,,1,,,1,,,1,,,1,,,1,,94,0,nfl_data_py,3,0,nfl_data_py,,1,,,1,,0.20183546378236644,0,cfbd,,1,,,1,,0.137,0,cfbd,,1,,0.2018,0,cfbd,19.0,0,cfbd_proxy,,1,,,1,,,1,,,1,,,1,,,1,,,1,,12.5,0,cfbd,,1,,,1,,,1,,,1,,0,0,proxy_age_at_draft,0,0,,1,,0.933,0,cfbd,,,,,,,,,,,,,,,,,,
00-0038563,Tre Tucker,WR,2023,100,3,LVR,Cincinnati,22.0,17,129.3,0,0.0,0,0.0,17,129.3,7.606,0,0,1,,8.2367,,0,head_b_v3,v3,22.0,0,nfl_data_py,0,0,proxy_draft_year_age,,1,,0,0,proxy_age_at_draft,21.0,0,proxy_age_at_draft,69.0,0,nfl_combine,182.0,0,nfl_combine,37.5,0,nfl_combine,1,0,nfl_combine_szekely2023_proxy,,1,,,1,,,1,,,1,,,1,,,1,,,1,,100,0,nfl_data_py,3,0,nfl_data_py,,1,,,1,,0.17467944100273736,0,cfbd,,1,,,1,,0.2188,0,cfbd,,1,,0.1808,0,cfbd,,1,,,1,,,1,,,1,,,1,,,1,,,1,,,1,,12.97,0,cfbd,,1,,,1,,,1,,,1,,0,0,proxy_age_at_draft,0,0,,1,,1.6115,0,cfbd,,,,,,,,,,,,,,,,,,
00-0038564,Cameron Latu,TE,2023,101,3,SFO,Alabama,23.0,0,0.0,0,0.0,0,0.0,0,0.0,0.0,1,0,1,,7.674,,0,head_b_v3,v3,23.0,0,nfl_data_py,0,0,proxy_draft_year_age,,1,,0,0,proxy_age_at_draft,22.0,0,proxy_age_at_draft,76.0,0,nfl_combine,242.0,0,nfl_combine,,1,,,1,,,1,,,1,,,1,,,1,,242.0,0,nfl_combine,29.45,0,nfl_combine_derived,,1,,101,0,nfl_data_py,3,0,nfl_data_py,,1,,23.0,0,nfl_data_py,,1,,,1,,0.10555678629449122,0,cfbd,,1,,,1,,,1,,,1,,,1,,,1,,,1,,0.7374,0,cfbd,,1,,,1,,,1,,,1,,13.82,0,cfbd,,1,,,1,,,1,,,1,,0,0,,,,,,,,,,,,,,,,,,,,,,,,
00-0039021,Roschon Johnson,RB,2023,115,4,CHI,Texas,22.0,12,77.4,0,0.0,0,0.0,12,77.4,6.45,1,0,1,,7.3384,,0,head_b_v3,v3,22.0,0,nfl_data_py,0,0,proxy_draft_year_age,,1,,0,0,proxy_age_at_draft,21.0,0,proxy_age_at_draft,72.0,0,nfl_combine,219.0,0,nfl_combine,,1,,,1,,99.54,0,combine_barnwell2008,219.0,0,nfl_combine,,1,,1,0,combine_szekely2023_proxy,,1,,,1,,,1,,115,0,nfl_data_py,4,0,nfl_data_py,22.0,0,nfl_data_py,,1,,,1,,0.1995456854224279,0,cfbd,,1,,,1,,,1,,,1,,,1,,,1,,0.1318,0,cfbd,,1,,,1,,,1,,,1,,,1,,,1,,,1,,,1,,,1,,23.1,0,cfbd_sp_plus,,1,,0,0,,,,,,,,,,,,,,,,,,,5.957,0,cfbd,7.6182,0,cfbd
00-0038573,Derius Davis,WR,2023,125,4,LAC,TCU,22.0,11,40.1,0,0.0,0,0.0,11,40.1,3.645,1,0,1,,6.5416,,0,head_b_v3,v3,22.0,0,nfl_data_py,0,0,proxy_draft_year_age,,1,,0,0,proxy_age_at_draft,21.0,0,proxy_age_at_draft,68.0,0,nfl_combine,165.0,0,nfl_combine,,1,,,1,,,1,,,1,,,1,,,1,,,1,,,1,,,1,,125,0,nfl_data_py,4,0,nfl_data_py,,1,,,1,,0.14338365828432054,0,cfbd,,1,,,1,,0.1178,0,cfbd,,1,,0.1395,0,cfbd,,1,,,1,,,1,,,1,,,1,,,1,,,1,,,1,,13.45,0,cfbd,,1,,,1,,,1,,,1,,0,0,proxy_age_at_draft,0,0,,1,,0.9207,0,cfbd,,,,,,,,,,,,,,,,,,
00-0038998,Jake Haener,QB,2023,127,4,NOR,Fresno St.,24.0,8,13.24,0,0.0,0,0.0,8,13.24,1.655,1,0,1,,,,0,head_b_v3,v3,24.0,0,nfl_data_py,0,0,proxy_draft_year_age,,1,,0,0,proxy_age_at_draft,23.0,0,proxy_age_at_draft,72.0,0,nfl_combine,207.0,0,nfl_combine,,1,,,1,,,1,,,1,,,1,,,1,,,1,,,1,,,1,,127,0,nfl_data_py,4,0,nfl_data_py,,1,,,1,,,1,,,1,,,1,,,1,,,1,,,1,,,1,,,1,,,1,,,1,,,1,,,1,,,1,,,1,,,1,,,1,,,1,,,1,,,1,,,1,,0,0,,,,,,,0.719,0,cfbd,8.3,0,cfbd,6.666667,0,cfbd,0.067194,0,cfbd,,,,,,
00-0039107,Stetson Bennett,QB,2023,128,4,LAR,Georgia,25.0,0,0.0,0,0.0,0,0.0,0,0.0,0.0,1,0,1,,,,0,head_b_v3,v3,25.0,0,nfl_data_py,0,0,proxy_draft_year_age,,1,,0,0,proxy_age_at_draft,24.0,0,proxy_age_at_draft,71.0,0,nfl_combine,192.0,0,nfl_combine,,1,,,1,,,1,,,1,,,1,,,1,,,1,,,1,,,1,,128,0,nfl_data_py,4,0,nfl_data_py,,1,,,1,,,1,,,1,,,1,,,1,,,1,,,1,,,1,,,1,,,1,,,1,,,1,,,1,,,1,,,1,,,1,,,1,,,1,,,1,,,1,,,1,,0,0,,,,,,,0.681,0,cfbd,9.1,0,cfbd,3.857143,0,cfbd,0.017964,0,cfbd,,,,,,
00-0038576,Charlie Jones,WR,2023,131,4,CIN,Purdue,24.0,2,7.5,0,0.0,0,0.0,2,7.5,3.75,1,0,1,,6.5416,,0,head_b_v3,v3,24.0,0,nfl_data_py,0,0,proxy_draft_year_age,,1,,0,0,proxy_age_at_draft,23.0,0,proxy_age_at_draft,71.0,0,nfl_combine,175.0,0,nfl_combine,36.5,0,nfl_combine,1,0,nfl_combine_szekely2023_proxy,,1,,,1,,,1,,,1,,,1,,,1,,,1,,131,0,nfl_data_py,4,0,nfl_data_py,,1,,,1,,0.40548039893354404,0,cfbd,,1,,,1,,0.3677,0,cfbd,,1,,0.4239,0,cfbd,23.0,0,cfbd_proxy,,1,,,1,,,1,,,1,,,1,,,1,,,1,,12.37,0,cfbd,,1,,,1,,,1,,,1,,0,0,proxy_age_at_draft,0,0,,1,,2.3425,0,cfbd,,,,,,,,,,,,,,,,,,
00-0038941,Tyler Scott,WR,2023,133,4,CHI,Cincinnati,21.0,1,1.5,0,0.0,0,0.0,1,1.5,1.5,1,0,1,,6.5416,,0,head_b_v3,v3,21.0,0,nfl_data_py,0,0,proxy_draft_year_age,,1,,1,0,proxy_age_at_draft,20.0,0,proxy_age_at_draft,70.0,0,nfl_combine,177.0,0,nfl_combine,39.5,0,nfl_combine,1,0,nfl_combine_szekely2023_proxy,,1,,,1,,,1,,,1,,,1,,,1,,,1,,133,0,nfl_data_py,4,0,nfl_data_py,,1,,,1,,0.3470177207895116,0,cfbd,,1,,,1,,0.2926,0,cfbd,,1,,0.3606,0,cfbd,20.0,0,cfbd_proxy,,1,,,1,,,1,,,1,,,1,,,1,,,1,,16.77,0,cfbd,,1,,,1,,,1,,,1,,1,0,proxy_age_at_draft,0,0,,1,,2.1559,0,cfbd,,,,,,,,,,,,,,,,,,
00-0038579,Aidan O'Connell,QB,2023,135,4,LVR,Purdue,25.0,9,93.48,0,0.0,0,0.0,9,93.48,10.387,1,0,1,,,,0,head_b_v3,v3,25.0,0,nfl_data_py,0,0,proxy_draft_year_age,,1,,0,0,proxy_age_at_draft,24.0,0,proxy_age_at_draft,75.0,0,nfl_combine,213.0,0,nfl_combine,,1,,,1,,,1,,,1,,,1,,,1,,,1,,,1,,,1,,135,0,nfl_data_py,4,0,nfl_data_py,,1,,,1,,,1,,,1,,,1,,,1,,,1,,,1,,,1,,,1,,,1,,,1,,,1,,,1,,,1,,,1,,,1,,,1,,,1,,,1,,,1,,,1,,0,0,,,,,,,0.642,0,cfbd,7.0,0,cfbd,1.692308,0,cfbd,0.039669,0,cfbd,,,,,,
00-0038582,Clayton Tune,QB,2023,139,5,ARI,Houston,24.0,5,-2.08,0,0.0,0,0.0,5,-2.08,-0.416,1,0,1,,,,0,head_b_v3,v3,24.0,0,nfl_data_py,0,0,proxy_draft_year_age,,1,,0,0,proxy_age_at_draft,23.0,0,proxy_age_at_draft,75.0,0,nfl_combine,220.0,0,nfl_combine,,1,,,1,,,1,,,1,,,1,,,1,,,1,,,1,,,1,,139,0,nfl_data_py,5,0,nfl_data_py,,1,,,1,,,1,,,1,,,1,,,1,,,1,,,1,,,1,,,1,,,1,,,1,,,1,,,1,,,1,,,1,,,1,,,1,,,1,,,1,,,1,,,1,,0,0,,,,,,,0.672,0,cfbd,8.2,0,cfbd,4.0,0,cfbd,0.04023,0,cfbd,,,,,,
00-0038583,Dorian Thompson-Robinson,QB,2023,140,5,CLE,UCLA,23.0,6,15.8,0,0.0,0,0.0,6,15.8,2.633,1,0,1,,,,0,head_b_v3,v3,23.0,0,nfl_data_py,0,0,proxy_draft_year_age,,1,,0,0,proxy_age_at_draft,22.0,0,proxy_age_at_draft,74.0,0,nfl_combine,203.0,0,nfl_combine,,1,,,1,,,1,,,1,,,1,,,1,,,1,,,1,,,1,,140,0,nfl_data_py,5,0,nfl_data_py,,1,,,1,,,1,,,1,,,1,,,1,,,1,,,1,,,1,,,1,,,1,,,1,,,1,,,1,,,1,,,1,,,1,,,1,,,1,,,1,,,1,,,1,,0,0,,,,,,,0.696,0,cfbd,8.3,0,cfbd,2.7,0,cfbd,0.043379,0,cfbd,,,,,,
00-0038389,Israel Abanikanda,RB,2023,143,5,NYJ,Pittsburgh,20.0,0,0.0,0,0.0,0,0.0,0,0.0,0.0,1,0,1,,7.3384,,0,head_b_v3,v3,20.0,0,nfl_data_py,0,0,proxy_draft_year_age,,1,,1,0,proxy_age_at_draft,19.0,0,proxy_age_at_draft,70.0,0,nfl_combine,216.0,0,nfl_combine,,1,,,1,,,1,,216.0,0,nfl_combine,,1,,,1,,,1,,,1,,,1,,143,0,nfl_data_py,5,0,nfl_data_py,20.0,0,nfl_data_py,,1,,,1,,,1,,,1,,,1,,,1,,,1,,,1,,,1,,0.3249,0,cfbd,,1,,,1,,,1,,,1,,,1,,,1,,,1,,,1,,,1,,8.6,0,cfbd_sp_plus,,1,,0,0,,,,,,,,,,,,,,,,,,,5.9874,0,cfbd,9.3158,0,cfbd
00-0038589,Josh Whyle,TE,2023,147,5,TEN,Cincinnati,23.0,14,60.800000000000004,0,0.0,0,0.0,14,60.8,4.343,1,0,1,,6.1922,,0,head_b_v3,v3,23.0,0,nfl_data_py,0,0,proxy_draft_year_age,,1,,0,0,proxy_age_at_draft,22.0,0,proxy_age_at_draft,79.0,0,nfl_combine,248.0,0,nfl_combine,,1,,,1,,,1,,,1,,,1,,,1,,248.0,0,nfl_combine,27.94,0,nfl_combine_derived,106.57,0,combine_pp_hass_approx,147,0,nfl_data_py,5,0,nfl_data_py,,1,,23.0,0,nfl_data_py,,1,,,1,,0.11984584353839503,0,cfbd,,1,,,1,,,1,,,1,,,1,,,1,,,1,,0.7818,0,cfbd,,1,,,1,,,1,,,1,,12.08,0,cfbd,,1,,,1,,,1,,,1,,0,0,,,,,,,,,,,,,,,,,,,,,,,,
00-0038391,Sean Clifford,QB,2023,149,5,GNB,Penn St.,25.0,0,0.0,0,0.0,0,0.0,0,0.0,0.0,1,0,1,,,,0,head_b_v3,v3,25.0,0,nfl_data_py,0,0,proxy_draft_year_age,,1,,0,0,proxy_age_at_draft,24.0,0,proxy_age_at_draft,,1,,,1,,,1,,,1,,,1,,,1,,,1,,,1,,,1,,,1,,,1,,149,0,nfl_data_py,5,0,nfl_data_py,,1,,,1,,,1,,,1,,,1,,,1,,,1,,,1,,,1,,,1,,,1,,,1,,,1,,,1,,,1,,,1,,,1,,,1,,,1,,,1,,,1,,,1,,0,0,,,,,,,0.644,0,cfbd,8.0,0,cfbd,3.428571,0,cfbd,0.047404,0,cfbd,,,,,,
00-0038590,Justin Shorter,WR,2023,150,5,BUF,Florida,23.0,0,0.0,0,0.0,0,0.0,0,0.0,0.0,1,0,1,,6.5416,,0,head_b_v3,v3,23.0,0,nfl_data_py,0,0,proxy_draft_year_age,,1,,0,0,proxy_age_at_draft,22.0,0,proxy_age_at_draft,76.0,0,nfl_combine,229.0,0,nfl_combine,35.5,0,nfl_combine,1,0,nfl_combine_szekely2023_proxy,,1,,,1,,,1,,,1,,,1,,,1,,,1,,150,0,nfl_data_py,5,0,nfl_data_py,,1,,,1,,0.15469644902634594,0,cfbd,,1,,,1,,0.2114,0,cfbd,,1,,0.1612,0,cfbd,,1,,,1,,,1,,,1,,,1,,,1,,,1,,,1,,14.66,0,cfbd,,1,,,1,,,1,,,1,,0,0,proxy_age_at_draft,0,0,,1,,1.5765,0,cfbd,,,,,,,,,,,,,,,,,,
00-0038393,Dontayvion Wicks,WR,2023,159,5,GNB,Virginia,22.0,17,110.5,0,0.0,0,0.0,17,110.5,6.5,0,0,1,,6.5416,,0,head_b_v3,v3,22.0,0,nfl_data_py,0,0,proxy_draft_year_age,,1,,0,0,proxy_age_at_draft,21.0,0,proxy_age_at_draft,73.0,0,nfl_combine,206.0,0,nfl_combine,39.0,0,nfl_combine,1,0,nfl_combine_szekely2023_proxy,,1,,,1,,,1,,,1,,,1,,,1,,,1,,159,0,nfl_data_py,5,0,nfl_data_py,,1,,,1,,0.240142210730446,0,cfbd,,1,,,1,,0.1946,0,cfbd,,1,,0.2401,0,cfbd,20.0,0,cfbd_proxy,,1,,,1,,,1,,,1,,,1,,,1,,,1,,18.82,0,cfbd,,1,,,1,,,1,,,1,,0,0,proxy_age_at_draft,0,0,,1,,1.2573,0,cfbd,,,,,,,,,,,,,,,,,,
00-0038394,Will Mallory,TE,2023,162,5,IND,Miami (FL),24.0,7,6.9,0,0.0,0,0.0,7,6.9,0.986,1,0,1,,6.1922,,0,head_b_v3,v3,24.0,0,nfl_data_py,0,0,proxy_draft_year_age,,1,,0,0,proxy_age_at_draft,23.0,0,proxy_age_at_draft,77.0,0,nfl_combine,239.0,0,nfl_combine,,1,,,1,,,1,,,1,,,1,,,1,,239.0,0,nfl_combine,28.34,0,nfl_combine_derived,113.99,0,combine_pp_hass_approx,162,0,nfl_data_py,5,0,nfl_data_py,,1,,24.0,0,nfl_data_py,,1,,,1,,0.1767685538960287,0,cfbd,,1,,,1,,,1,,,1,,,1,,,1,,,1,,1.3027,0,cfbd,,1,,,1,,,1,,,1,,13.41,0,cfbd,,1,,,1,,,1,,,1,,0,0,,,,,,,,,,,,,,,,,,,,,,,,
00-0038597,Chase Brown,RB,2023,163,5,CIN,Illinois,23.0,16,255.0,0,0.0,0,0.0,16,255.0,15.938,0,0,1,,6.9631,,0,head_b_v3,v3,23.0,0,nfl_data_py,0,0,proxy_draft_year_age,,1,,0,0,proxy_age_at_draft,22.0,0,proxy_age_at_draft,70.0,0,nfl_combine,209.0,0,nfl_combine,,1,,,1,,108.53,0,combine_barnwell2008,209.0,0,nfl_combine,,1,,1,0,combine_szekely2023_proxy,,1,,,1,,,1,,163,0,nfl_data_py,5,0,nfl_data_py,23.0,0,nfl_data_py,,1,,,1,,0.654612640163099,0,cfbd,,1,,,1,,,1,,,1,,,1,,,1,,0.4027,0,cfbd,,1,,,1,,,1,,,1,,,1,,,1,,,1,,,1,,,1,,15.9,0,cfbd_sp_plus,,1,,0,0,,,,,,,,,,,,,,,,,,,5.0091,0,cfbd,9.2917,0,cfbd
00-0038598,Jaren Hall,QB,2023,164,5,MIN,BYU,25.0,0,0.0,0,0.0,0,0.0,0,0.0,0.0,1,0,1,,,,0,head_b_v3,v3,25.0,0,nfl_data_py,0,0,proxy_draft_year_age,,1,,0,0,proxy_age_at_draft,24.0,0,proxy_age_at_draft,72.0,0,nfl_combine,207.0,0,nfl_combine,,1,,,1,,,1,,,1,,,1,,,1,,,1,,,1,,,1,,164,0,nfl_data_py,5,0,nfl_data_py,,1,,,1,,,1,,,1,,,1,,,1,,,1,,,1,,,1,,,1,,,1,,,1,,,1,,,1,,,1,,,1,,,1,,,1,,,1,,,1,,,1,,,1,,0,0,,,,,,,0.66,0,cfbd,8.4,0,cfbd,5.166667,0,cfbd,0.032099,0,cfbd,,,,,,
00-0039050,Payne Durham,TE,2023,171,5,TAM,Purdue,23.0,5,34.5,0,0.0,0,0.0,5,34.5,6.9,1,0,1,,6.0347,,0,head_b_v3,v3,23.0,0,nfl_data_py,0,0,proxy_draft_year_age,,1,,0,0,proxy_age_at_draft,22.0,0,proxy_age_at_draft,78.0,0,nfl_combine,253.0,0,nfl_combine,,1,,,1,,,1,,,1,,,1,,,1,,253.0,0,nfl_combine,29.23,0,nfl_combine_derived,92.33,0,combine_pp_hass_approx,171,0,nfl_data_py,5,0,nfl_data_py,,1,,23.0,0,nfl_data_py,,1,,,1,,0.22573318850597412,0,cfbd,,1,,,1,,,1,,,1,,,1,,,1,,,1,,0.9639,0,cfbd,,1,,,1,,,1,,,1,,9.83,0,cfbd,,1,,,1,,,1,,,1,,0,0,,,,,,,,,,,,,,,,,,,,,,,,
00-0038396,Eric Gray,RB,2023,172,5,NYG,Oklahoma,23.0,10,19.3,0,0.0,0,0.0,10,19.3,1.93,1,0,1,,6.9631,,0,head_b_v3,v3,23.0,0,nfl_data_py,0,0,proxy_draft_year_age,,1,,0,0,proxy_age_at_draft,22.0,0,proxy_age_at_draft,70.0,0,nfl_combine,207.0,0,nfl_combine,,1,,,1,,,1,,207.0,0,nfl_combine,,1,,,1,,,1,,,1,,,1,,172,0,nfl_data_py,5,0,nfl_data_py,23.0,0,nfl_data_py,,1,,,1,,0.43497351721381106,0,cfbd,,1,,,1,,,1,,,1,,,1,,,1,,0.2796,0,cfbd,,1,,,1,,,1,,,1,,,1,,,1,,,1,,,1,,,1,,15.4,0,cfbd_sp_plus,,1,,0,0,,,,,,,,,,,,,,,,,,,6.4038,0,cfbd,8.4902,0,cfbd
00-0039074,Davis Allen,TE,2023,175,5,LAR,Clemson,22.0,6,9.9,0,0.0,0,0.0,6,9.9,1.65,1,0,1,,5.3492,,0,head_b_v3,v3,22.0,0,nfl_data_py,0,0,proxy_draft_year_age,,1,,0,0,proxy_age_at_draft,21.0,0,proxy_age_at_draft,78.0,0,nfl_combine,245.0,0,nfl_combine,,1,,,1,,,1,,,1,,,1,,,1,,245.0,0,nfl_combine,28.31,0,nfl_combine_derived,91.64,0,combine_pp_hass_approx,175,0,nfl_data_py,5,0,nfl_data_py,,1,,22.0,0,nfl_data_py,,1,,,1,,0.172383482188687,0,cfbd,,1,,,1,,,1,,,1,,,1,,,1,,,1,,0.8243,0,cfbd,,1,,,1,,,1,,,1,,10.72,0,cfbd,,1,,,1,,,1,,,1,,0,0,,,,,,,,,,,,,,,,,,,,,,,,
00-0038397,Evan Hull,RB,2023,176,5,IND,Northwestern,22.0,0,0.0,0,0.0,0,0.0,0,0.0,0.0,1,0,1,,6.9631,,0,head_b_v3,v3,22.0,0,nfl_data_py,0,0,proxy_draft_year_age,,1,,0,0,proxy_age_at_draft,21.0,0,proxy_age_at_draft,,1,,,1,,,1,,,1,,,1,,,1,,,1,,,1,,,1,,,1,,,1,,176,0,nfl_data_py,5,0,nfl_data_py,22.0,0,nfl_data_py,,1,,,1,,0.5314033068863182,0,cfbd,,1,,,1,,,1,,,1,,,1,,,1,,0.3577,0,cfbd,,1,,,1,,,1,,,1,,,1,,,1,,,1,,,1,,,1,,-13.4,0,cfbd_sp_plus,,1,,0,0,,,,,,,,,,,,,,,,,,,4.1312,0,cfbd,9.1413,0,cfbd
00-0039075,Puka Nacua,WR,2023,177,5,LAR,BYU,22.0,11,206.6,0,0.0,0,0.0,11,206.6,18.782,1,0,1,,5.0759,,0,head_b_v3,v3,22.0,0,nfl_data_py,0,0,proxy_draft_year_age,,1,,0,0,proxy_age_at_draft,21.0,0,proxy_age_at_draft,74.0,0,nfl_combine,201.0,0,nfl_combine,,1,,,1,,,1,,,1,,,1,,,1,,,1,,,1,,,1,,177,0,nfl_data_py,5,0,nfl_data_py,,1,,,1,,0.17439733518176218,0,cfbd,,1,,,1,,0.1954,0,cfbd,,1,,0.1758,0,cfbd,20.0,0,cfbd_proxy,,1,,,1,,,1,,,1,,,1,,,1,,,1,,15.79,0,cfbd,,1,,,1,,,1,,,1,,0,0,proxy_age_at_draft,0,0,,1,,1.5944,0,cfbd,,,,,,,,,,,,,,,,,,
00-0038606,Parker Washington,WR,2023,185,6,JAX,Penn St.,21.0,13,97.0,0,0.0,0,0.0,13,97.0,7.462,1,0,1,,5.0759,,0,head_b_v3,v3,21.0,0,nfl_data_py,0,0,proxy_draft_year_age,,1,,1,0,proxy_age_at_draft,20.0,0,proxy_age_at_draft,70.0,0,nfl_combine,204.0,0,nfl_combine,,1,,,1,,,1,,,1,,,1,,,1,,,1,,,1,,,1,,185,0,nfl_data_py,6,0,nfl_data_py,,1,,,1,,0.12753789112145114,0,cfbd,,1,,,1,,0.2034,0,cfbd,,1,,0.1387,0,cfbd,18.0,0,cfbd_proxy,,1,,,1,,,1,,,1,,,1,,,1,,,1,,13.11,0,cfbd,,1,,,1,,,1,,,1,,1,0,proxy_age_at_draft,0,0,,1,,1.4479,0,cfbd,,,,,,,,,,,,,,,,,,
00-0038608,Kayshon Boutte,WR,2023,187,6,NWE,LSU,21.0,15,121.9,0,0.0,0,0.0,15,121.9,8.127,1,0,1,,5.0759,,0,head_b_v3,v3,21.0,0,nfl_data_py,0,0,proxy_draft_year_age,,1,,1,0,proxy_age_at_draft,20.0,0,proxy_age_at_draft,71.0,0,nfl_combine,195.0,0,nfl_combine,29.0,0,nfl_combine,1,0,nfl_combine_szekely2023_proxy,,1,,,1,,,1,,,1,,,1,,,1,,,1,,187,0,nfl_data_py,6,0,nfl_data_py,,1,,,1,,0.11483104601545381,0,cfbd,,1,,,1,,0.1582,0,cfbd,,1,,0.1317,0,cfbd,18.0,0,cfbd_proxy,,1,,,1,,,1,,,1,,,1,,,1,,,1,,13.55,0,cfbd,,1,,,1,,,1,,,1,,1,0,proxy_age_at_draft,0,0,,1,,1.1208,0,cfbd,,,,,,,,,,,,,,,,,,
00-0038400,Tanner McKee,QB,2023,188,6,PHI,Stanford,23.0,2,28.82,0,0.0,0,0.0,2,28.82,14.41,1,0,1,,,,0,head_b_v3,v3,23.0,0,nfl_data_py,0,0,proxy_draft_year_age,,1,,0,0,proxy_age_at_draft,22.0,0,proxy_age_at_draft,78.0,0,nfl_combine,231.0,0,nfl_combine,,1,,,1,,,1,,,1,,,1,,,1,,,1,,,1,,,1,,188,0,nfl_data_py,6,0,nfl_data_py,,1,,,1,,,1,,,1,,,1,,,1,,,1,,,1,,,1,,,1,,,1,,,1,,,1,,,1,,,1,,,1,,,1,,,1,,,1,,,1,,,1,,,1,,0,0,,,,,,,0.62,0,cfbd,6.9,0,cfbd,1.625,0,cfbd,0.081967,0,cfbd,,,,,,
00-0039052,Trey Palmer,WR,2023,191,6,TAM,Nebraska,22.0,10,35.2,0,0.0,0,0.0,10,35.2,3.52,1,0,1,,5.0759,,0,head_b_v3,v3,22.0,0,nfl_data_py,0,0,proxy_draft_year_age,,1,,0,0,proxy_age_at_draft,21.0,0,proxy_age_at_draft,72.0,0,nfl_combine,192.0,0,nfl_combine,,1,,,1,,,1,,,1,,,1,,,1,,,1,,,1,,,1,,191,0,nfl_data_py,6,0,nfl_data_py,,1,,,1,,0.4614983351831299,0,cfbd,,1,,,1,,0.3936,0,cfbd,,1,,0.4615,0,cfbd,21.0,0,cfbd_proxy,,1,,,1,,,1,,,1,,,1,,,1,,,1,,14.69,0,cfbd,,1,,,1,,,1,,,1,,0,0,proxy_age_at_draft,0,0,,1,,3.0676,0,cfbd,,,,,,,,,,,,,,,,,,
00-0038611,Chris Rodriguez,RB,2023,193,6,WAS,Kentucky,22.0,6,31.5,0,0.0,0,0.0,6,31.5,5.25,1,0,1,,6.9631,,0,head_b_v3,v3,22.0,0,nfl_data_py,0,0,proxy_draft_year_age,,1,,0,0,proxy_age_at_draft,21.0,0,proxy_age_at_draft,,1,,,1,,,1,,,1,,,1,,,1,,,1,,,1,,,1,,,1,,,1,,193,0,nfl_data_py,6,0,nfl_data_py,22.0,0,nfl_data_py,,1,,,1,,,1,,,1,,,1,,,1,,,1,,,1,,,1,,,1,,,1,,,1,,,1,,,1,,,1,,,1,,,1,,,1,,,1,,13.0,0,cfbd_sp_plus,,1,,0,0,,,,,,,,,,,,,,,,,,,,1,,,1,
00-0038612,A.T. Perry,WR,2023,195,6,NOR,Wake Forest,23.0,0,0.0,0,0.0,0,0.0,0,0.0,0.0,1,0,1,,5.0759,,0,head_b_v3,v3,23.0,0,nfl_data_py,0,0,proxy_draft_year_age,,1,,0,0,proxy_age_at_draft,22.0,0,proxy_age_at_draft,76.0,0,nfl_combine,198.0,0,nfl_combine,35.0,0,nfl_combine,1,0,nfl_combine_szekely2023_proxy,,1,,,1,,,1,,,1,,,1,,,1,,,1,,195,0,nfl_data_py,6,0,nfl_data_py,,1,,,1,,0.2630487769907952,0,cfbd,,1,,,1,,0.2596,0,cfbd,,1,,0.2673,0,cfbd,21.0,0,cfbd_proxy,,1,,,1,,,1,,,1,,,1,,,1,,,1,,16.05,0,cfbd,,1,,,1,,,1,,,1,,0,0,proxy_age_at_draft,0,0,,1,,2.0675,0,cfbd,,,,,,,,,,,,,,,,,,
00-0039041,Elijah Higgins,WR,2023,197,6,MIA,Stanford,22.0,14,49.2,0,0.0,0,0.0,14,49.2,3.514,1,0,1,,5.0759,,0,head_b_v3,v3,22.0,0,nfl_data_py,0,0,proxy_draft_year_age,,1,,0,0,proxy_age_at_draft,21.0,0,proxy_age_at_draft,75.0,0,nfl_combine,235.0,0,nfl_combine,35.0,0,nfl_combine,1,0,nfl_combine_szekely2023_proxy,,1,,,1,,,1,,,1,,,1,,,1,,,1,,197,0,nfl_data_py,6,0,nfl_data_py,,1,,,1,,0.1820386758439856,0,cfbd,,1,,,1,,0.2307,0,cfbd,,1,,0.182,0,cfbd,20.0,0,cfbd_proxy,,1,,,1,,,1,,,1,,,1,,,1,,,1,,11.71,0,cfbd,,1,,,1,,,1,,,1,,0,0,proxy_age_at_draft,0,0,,1,,1.5714,0,cfbd,,,,,,,,,,,,,,,,,,
00-0038618,Xavier Hutchinson,WR,2023,205,6,HOU,Iowa St.,23.0,14,23.7,0,0.0,0,0.0,14,23.7,1.693,1,0,1,,5.0759,,0,head_b_v3,v3,23.0,0,nfl_data_py,0,0,proxy_draft_year_age,,1,,0,0,proxy_age_at_draft,22.0,0,proxy_age_at_draft,74.0,0,nfl_combine,203.0,0,nfl_combine,36.0,0,nfl_combine,1,0,nfl_combine_szekely2023_proxy,,1,,,1,,,1,,,1,,,1,,,1,,,1,,205,0,nfl_data_py,6,0,nfl_data_py,,1,,,1,,0.3443003401531527,0,cfbd,,1,,,1,,0.3728,0,cfbd,,1,,0.3443,0,cfbd,20.0,0,cfbd_proxy,,1,,,1,,,1,,,1,,,1,,,1,,,1,,11.45,0,cfbd,,1,,,1,,,1,,,1,,0,0,proxy_age_at_draft,0,0,,1,,2.4447,0,cfbd,,,,,,,,,,,,,,,,,,
00-0038619,Andrei Iosivas,WR,2023,206,6,CIN,Princeton,23.0,17,119.9,0,0.0,0,0.0,17,119.9,7.053,0,0,1,,5.0759,,0,head_b_v3,v3,23.0,0,nfl_data_py,0,0,proxy_draft_year_age,,1,,0,0,proxy_age_at_draft,22.0,0,proxy_age_at_draft,,1,,,1,,,1,,,1,,,1,,,1,,,1,,,1,,,1,,,1,,,1,,206,0,nfl_data_py,6,0,nfl_data_py,,1,,,1,,,1,,,1,,,1,,0.3439,0,cfbd,,1,,0.3907,0,cfbd,22.0,0,cfbd_proxy,,1,,,1,,,1,,,1,,,1,,,1,,,1,,14.29,0,cfbd,,1,,,1,,,1,,,1,,0,0,proxy_age_at_draft,0,0,,1,,,1,,,,,,,,,,,,,,,,,,,
00-0038621,DeMario Douglas,WR,2023,210,6,NWE,Liberty,22.0,16,147.70000000000002,0,0.0,0,0.0,16,147.7,9.231,0,0,1,,5.0759,,0,head_b_v3,v3,22.0,0,nfl_data_py,0,0,proxy_draft_year_age,,1,,0,0,proxy_age_at_draft,21.0,0,proxy_age_at_draft,,1,,,1,,,1,,,1,,,1,,,1,,,1,,,1,,,1,,,1,,,1,,210,0,nfl_data_py,6,0,nfl_data_py,,1,,,1,,0.31923369703121035,0,cfbd,,1,,,1,,0.3667,0,cfbd,,1,,0.3413,0,cfbd,21.0,0,cfbd_proxy,,1,,,1,,,1,,,1,,,1,,,1,,,1,,13.41,0,cfbd,,1,,,1,,,1,,,1,,0,0,proxy_age_at_draft,0,0,,1,,2.4734,0,cfbd,,,,,,,,,,,,,,,,,,
00-0038622,Deuce Vaughn,RB,2023,212,6,DAL,Kansas St.,21.0,5,11.8,0,0.0,0,0.0,5,11.8,2.36,1,0,1,,6.9631,,0,head_b_v3,v3,21.0,0,nfl_data_py,0,0,proxy_draft_year_age,,1,,1,0,proxy_age_at_draft,20.0,0,proxy_age_at_draft,65.0,0,nfl_combine,179.0,0,nfl_combine,,1,,,1,,,1,,179.0,0,nfl_combine,,1,,,1,,,1,,,1,,,1,,212,0,nfl_data_py,6,0,nfl_data_py,21.0,0,nfl_data_py,,1,,,1,,0.4077717764060357,0,cfbd,,1,,,1,,,1,,,1,,,1,,,1,,0.3284,0,cfbd,,1,,,1,,,1,,,1,,,1,,,1,,,1,,,1,,,1,,21.4,0,cfbd_sp_plus,,1,,0,0,,,,,,,,,,,,,,,,,,,5.2583,0,cfbd,11.2544,0,cfbd
00-0039136,Zach Evans,RB,2023,215,6,LAR,Mississippi,22.0,0,0.0,0,0.0,0,0.0,0,0.0,0.0,1,0,1,,6.9631,,0,head_b_v3,v3,22.0,0,nfl_data_py,0,0,proxy_draft_year_age,,1,,0,0,proxy_age_at_draft,21.0,0,proxy_age_at_draft,71.0,0,nfl_combine,202.0,0,nfl_combine,,1,,,1,,,1,,202.0,0,nfl_combine,,1,,,1,,,1,,,1,,,1,,215,0,nfl_data_py,6,0,nfl_data_py,22.0,0,nfl_data_py,,1,,,1,,0.27669347144609513,0,cfbd,,1,,,1,,,1,,,1,,,1,,,1,,,1,,,1,,,1,,,1,,,1,,,1,,,1,,,1,,,1,,,1,,,1,,,1,,0,0,,,,,,,,,,,,,,,,,,,,1,,,1,
00-0038627,Antoine Green,WR,2023,219,7,DET,North Carolina,23.0,0,0.0,0,0.0,0,0.0,0,0.0,0.0,1,0,1,,4.9089,,0,head_b_v3,v3,23.0,0,nfl_data_py,0,0,proxy_draft_year_age,,1,,0,0,proxy_age_at_draft,22.0,0,proxy_age_at_draft,74.0,0,nfl_combine,199.0,0,nfl_combine,33.5,0,nfl_combine,1,0,nfl_combine_szekely2023_proxy,,1,,,1,,,1,,,1,,,1,,,1,,,1,,219,0,nfl_data_py,7,0,nfl_data_py,,1,,,1,,0.18425306916251366,0,cfbd,,1,,,1,,0.1935,0,cfbd,,1,,0.1968,0,cfbd,,1,,,1,,,1,,,1,,,1,,,1,,,1,,,1,,19.67,0,cfbd,,1,,,1,,,1,,,1,,0,0,proxy_age_at_draft,0,0,,1,,1.52,0,cfbd,,,,,,,,,,,,,,,,,,
00-0038406,Zack Kuntz,TE,2023,220,7,NYJ,Old Dominion,24.0,0,0.0,0,0.0,0,0.0,0,0.0,0.0,1,0,1,,4.601,,0,head_b_v3,v3,24.0,0,nfl_data_py,0,0,proxy_draft_year_age,,1,,0,0,proxy_age_at_draft,23.0,0,proxy_age_at_draft,79.0,0,nfl_combine,255.0,0,nfl_combine,,1,,,1,,,1,,,1,,,1,,,1,,255.0,0,nfl_combine,28.72,0,nfl_combine_derived,123.69,0,combine_pp_hass_approx,220,0,nfl_data_py,7,0,nfl_data_py,,1,,24.0,0,nfl_data_py,,1,,,1,,0.07681700051270265,0,cfbd,,1,,,1,,,1,,,1,,,1,,,1,,,1,,0.3453,0,cfbd,,1,,,1,,,1,,,1,,9.86,0,cfbd,,1,,,1,,,1,,,1,,0,0,,,,,,,,,,,,,,,,,,,,,,,,
00-0039046,DeWayne McBride,RB,2023,222,7,MIN,Ala-Birmingham,22.0,0,0.0,0,0.0,0,0.0,0,0.0,0.0,1,0,1,,6.9631,,0,head_b_v3,v3,22.0,0,nfl_data_py,0,0,proxy_draft_year_age,,1,,0,0,proxy_age_at_draft,21.0,0,proxy_age_at_draft,,1,,,1,,,1,,,1,,,1,,,1,,,1,,,1,,,1,,,1,,,1,,222,0,nfl_data_py,7,0,nfl_data_py,22.0,0,nfl_data_py,,1,,,1,,0.5766524869109948,0,cfbd,,1,,,1,,,1,,,1,,,1,,,1,,0.3234,0,cfbd,,1,,,1,,,1,,,1,,,1,,,1,,,1,,,1,,,1,,-0.5,0,cfbd_sp_plus,,1,,0,0,,,,,,,,,,,,,,,,,,,7.3391,0,cfbd,,1,below_volume_gate
00-0038632,Colton Dowell,WR,2023,228,7,TEN,UT Martin,24.0,0,0.0,0,0.0,0,0.0,0,0.0,0.0,1,0,1,,4.8253,,0,head_b_v3,v3,24.0,0,nfl_data_py,0,0,proxy_draft_year_age,,1,,0,0,proxy_age_at_draft,23.0,0,proxy_age_at_draft,,1,,,1,,,1,,,1,,,1,,,1,,,1,,,1,,,1,,,1,,,1,,228,0,nfl_data_py,7,0,nfl_data_py,,1,,,1,,,1,,,1,,,1,,0.3509,0,cfbd,,1,,0.3421,0,cfbd,22.0,0,cfbd_proxy,,1,,,1,,,1,,,1,,,1,,,1,,,1,,15.32,0,cfbd,,1,,,1,,,1,,,1,,0,0,proxy_age_at_draft,0,0,,1,,,1,,,,,,,,,,,,,,,,,,,
00-0038409,Lew Nichols,RB,2023,235,7,GNB,Central Michigan,22.0,0,0.0,0,0.0,0,0.0,0,0.0,0.0,1,0,1,,6.9631,,0,head_b_v3,v3,22.0,0,nfl_data_py,0,0,proxy_draft_year_age,,1,,0,0,proxy_age_at_draft,21.0,0,proxy_age_at_draft,,1,,,1,,,1,,,1,,,1,,,1,,,1,,,1,,,1,,,1,,,1,,235,0,nfl_data_py,7,0,nfl_data_py,22.0,0,nfl_data_py,,1,,,1,,0.29369347929557355,0,cfbd,,1,,,1,,,1,,,1,,,1,,,1,,0.1652,0,cfbd,,1,,,1,,,1,,,1,,,1,,,1,,,1,,,1,,,1,,-14.0,0,cfbd_sp_plus,,1,,0,0,,,,,,,,,,,,,,,,,,,3.3955,0,cfbd,7.7826,0,cfbd
00-0038636,Kenny McIntosh,RB,2023,237,7,SEA,Georgia,23.0,7,22.4,0,0.0,0,0.0,7,22.4,3.2,1,0,1,,6.9631,,0,head_b_v3,v3,23.0,0,nfl_data_py,0,0,proxy_draft_year_age,,1,,0,0,proxy_age_at_draft,22.0,0,proxy_age_at_draft,72.0,0,nfl_combine,204.0,0,nfl_combine,,1,,,1,,89.56,0,combine_barnwell2008,204.0,0,nfl_combine,,1,,1,0,combine_szekely2023_proxy,,1,,,1,,,1,,237,0,nfl_data_py,7,0,nfl_data_py,23.0,0,nfl_data_py,,1,,,1,,0.24821428571428572,0,cfbd,,1,,,1,,,1,,,1,,,1,,,1,,0.1804,0,cfbd,,1,,,1,,,1,,,1,,,1,,,1,,,1,,,1,,,1,,35.3,0,cfbd_sp_plus,,1,,0,0,,,,,,,,,,,,,,,,,,,5.1752,0,cfbd,12.1379,0,cfbd
00-0038637,Max Duggan,QB,2023,239,7,LAC,TCU,22.0,0,0.0,0,0.0,0,0.0,0,0.0,0.0,1,0,1,,,,0,head_b_v3,v3,22.0,0,nfl_data_py,0,0,proxy_draft_year_age,,1,,0,0,proxy_age_at_draft,21.0,0,proxy_age_at_draft,74.0,0,nfl_combine,207.0,0,nfl_combine,,1,,,1,,,1,,,1,,,1,,,1,,,1,,,1,,,1,,239,0,nfl_data_py,7,0,nfl_data_py,,1,,,1,,,1,,,1,,,1,,,1,,,1,,,1,,,1,,,1,,,1,,,1,,,1,,,1,,,1,,,1,,,1,,,1,,,1,,,1,,,1,,,1,,0,0,,,,,,,0.637,0,cfbd,8.8,0,cfbd,4.0,0,cfbd,0.061983,0,cfbd,,,,,,
00-0038640,Jalen Brooks,WR,2023,244,7,DAL,South Carolina,23.0,12,35.7,0,0.0,0,0.0,12,35.7,2.975,1,0,1,,4.8253,,0,head_b_v3,v3,23.0,0,nfl_data_py,0,0,proxy_draft_year_age,,1,,0,0,proxy_age_at_draft,22.0,0,proxy_age_at_draft,73.0,0,nfl_combine,201.0,0,nfl_combine,35.0,0,nfl_combine,1,0,nfl_combine_szekely2023_proxy,,1,,,1,,,1,,,1,,,1,,,1,,,1,,244,0,nfl_data_py,7,0,nfl_data_py,,1,,,1,,0.09631740803170477,0,cfbd,,1,,,1,,0.163,0,cfbd,,1,,0.1065,0,cfbd,,1,,,1,,,1,,,1,,,1,,,1,,,1,,,1,,13.53,0,cfbd,,1,,,1,,,1,,,1,,0,0,proxy_age_at_draft,0,0,,1,,1.2029,0,cfbd,,,,,,,,,,,,,,,,,,
00-0038643,Brayden Willis,TE,2023,247,7,SFO,Oklahoma,23.0,1,0.0,0,0.0,0,0.0,1,0.0,0.0,1,0,1,,4.601,,0,head_b_v3,v3,23.0,0,nfl_data_py,0,0,proxy_draft_year_age,,1,,0,0,proxy_age_at_draft,22.0,0,proxy_age_at_draft,76.0,0,nfl_combine,241.0,0,nfl_combine,,1,,,1,,,1,,,1,,,1,,,1,,241.0,0,nfl_combine,29.33,0,nfl_combine_derived,,1,,247,0,nfl_data_py,7,0,nfl_data_py,,1,,23.0,0,nfl_data_py,,1,,,1,,0.20727313416135168,0,cfbd,,1,,,1,,,1,,,1,,,1,,,1,,,1,,1.1204,0,cfbd,,1,,,1,,,1,,,1,,13.39,0,cfbd,,1,,,1,,,1,,,1,,0,0,,,,,,,,,,,,,,,,,,,,,,,,
00-0038647,Ronnie Bell,WR,2023,253,7,SFO,Michigan,23.0,3,4.2,0,0.0,0,0.0,3,4.2,1.4,1,0,1,,4.8253,,0,head_b_v3,v3,23.0,0,nfl_data_py,0,0,proxy_draft_year_age,,1,,0,0,proxy_age_at_draft,22.0,0,proxy_age_at_draft,72.0,0,nfl_combine,191.0,0,nfl_combine,38.5,0,nfl_combine,1,0,nfl_combine_szekely2023_proxy,,1,,,1,,,1,,,1,,,1,,,1,,,1,,253,0,nfl_data_py,7,0,nfl_data_py,,1,,,1,,0.22774528914879794,0,cfbd,,1,,,1,,0.2756,0,cfbd,,1,,0.2092,0,cfbd,22.0,0,cfbd_proxy,,1,,,1,,,1,,,1,,,1,,,1,,,1,,15.45,0,cfbd,,1,,,1,,,1,,,1,,0,0,proxy_age_at_draft,0,0,,1,,2.0378,0,cfbd,,,,,,,,,,,,,,,,,,
00-0038507,Grant Dubose,WR,2023,256,7,GNB,Charlotte,22.0,2,3.0999999999999996,0,0.0,0,0.0,2,3.1,1.55,1,0,1,,4.3167,,0,head_b_v3,v3,22.0,0,nfl_data_py,0,0,proxy_draft_year_age,,1,,0,0,proxy_age_at_draft,21.0,0,proxy_age_at_draft,,1,,,1,,,1,,,1,,,1,,,1,,,1,,,1,,,1,,,1,,,1,,256,0,nfl_data_py,7,0,nfl_data_py,,1,,,1,,0.28836304036058186,0,cfbd,,1,,,1,,0.2434,0,cfbd,,1,,0.2884,0,cfbd,20.0,0,cfbd_proxy,,1,,,1,,,1,,,1,,,1,,,1,,,1,,13.37,0,cfbd,,1,,,1,,,1,,,1,,0,0,proxy_age_at_draft,0,0,,1,,1.8462,0,cfbd,,,,,,,,,,,,,,,,,,
00-0039918,Caleb Williams,QB,2024,1,1,CHI,USC,22.0,0,0.0,0,0.0,0,0.0,0,0.0,0.0,1,0,1,,,,0,head_b_v3,v3,22.0,0,nfl_data_py,0,0,proxy_draft_year_age,,1,,0,0,proxy_age_at_draft,21.0,0,proxy_age_at_draft,73.0,0,nfl_combine,214.0,0,nfl_combine,,1,,,1,,,1,,,1,,,1,,,1,,,1,,,1,,,1,,1,0,nfl_data_py,1,0,nfl_data_py,,1,,,1,,,1,,,1,,,1,,,1,,,1,,,1,,,1,,,1,,,1,,,1,,,1,,,1,,,1,,,1,,,1,,,1,,,1,,,1,,,1,,,1,,0,0,,,,,,,0.686,0,cfbd,9.4,0,cfbd,6.0,0,cfbd,0.068687,0,cfbd,,,,,,
00-0039910,Jayden Daniels,QB,2024,2,1,WAS,LSU,23.0,0,0.0,0,0.0,0,0.0,0,0.0,0.0,1,0,1,,,,0,head_b_v3,v3,23.0,0,nfl_data_py,0,0,proxy_draft_year_age,,1,,0,0,proxy_age_at_draft,22.0,0,proxy_age_at_draft,76.0,0,nfl_combine,210.0,0,nfl_combine,,1,,,1,,,1,,,1,,,1,,,1,,,1,,,1,,,1,,2,0,nfl_data_py,1,0,nfl_data_py,,1,,,1,,,1,,,1,,,1,,,1,,,1,,,1,,,1,,,1,,,1,,,1,,,1,,,1,,,1,,,1,,,1,,,1,,,1,,,1,,,1,,,1,,0,0,,,,,,,0.722,0,cfbd,11.7,0,cfbd,10.0,0,cfbd,0.050808,0,cfbd,,,,,,
00-0039851,Drake Maye,QB,2024,3,1,NWE,North Carolina,22.0,0,0.0,0,0.0,0,0.0,0,0.0,0.0,1,0,1,,,,0,head_b_v3,v3,22.0,0,nfl_data_py,0,0,proxy_draft_year_age,,1,,0,0,proxy_age_at_draft,21.0,0,proxy_age_at_draft,76.0,0,nfl_combine,223.0,0,nfl_combine,,1,,,1,,,1,,,1,,,1,,,1,,,1,,,1,,,1,,3,0,nfl_data_py,1,0,nfl_data_py,,1,,,1,,,1,,,1,,,1,,,1,,,1,,,1,,,1,,,1,,,1,,,1,,,1,,,1,,,1,,,1,,,1,,,1,,,1,,,1,,,1,,,1,,0,0,,,,,,,0.633,0,cfbd,8.5,0,cfbd,2.666667,0,cfbd,0.074447,0,cfbd,,,,,,
00-0039849,Marvin Harrison Jr.,WR,2024,4,1,ARI,Ohio St.,22.0,0,0.0,0,0.0,0,0.0,0,0.0,0.0,1,0,1,,14.8475,,0,head_b_v3,v3,22.0,0,nfl_data_py,0,0,proxy_draft_year_age,,1,,0,0,proxy_age_at_draft,21.0,0,proxy_age_at_draft,75.0,0,nfl_combine,209.0,0,nfl_combine,,1,,,1,,,1,,,1,,,1,,,1,,,1,,,1,,,1,,4,0,nfl_data_py,1,0,nfl_data_py,,1,,,1,,0.4423296828957206,0,cfbd,,1,,,1,,0.357,0,cfbd,,1,,0.4477,0,cfbd,20.0,0,cfbd_proxy,,1,,,1,,,1,,,1,,,1,,,1,,,1,,16.92,0,cfbd,,1,,,1,,,1,,,1,,0,0,proxy_age_at_draft,0,0,,1,,3.0275,0,cfbd,,,,,,,,,,,,,,,,,,
00-0039337,Malik Nabers,WR,2024,6,1,NYG,LSU,21.0,0,0.0,0,0.0,0,0.0,0,0.0,0.0,1,0,1,,13.2043,,0,head_b_v3,v3,21.0,0,nfl_data_py,0,0,proxy_draft_year_age,,1,,1,0,proxy_age_at_draft,20.0,0,proxy_age_at_draft,72.0,0,nfl_combine,200.0,0,nfl_combine,,1,,,1,,,1,,,1,,,1,,,1,,,1,,,1,,,1,,6,0,nfl_data_py,1,0,nfl_data_py,,1,,,1,,0.3371031623244013,0,cfbd,,1,,,1,,0.3853,0,cfbd,,1,,0.3634,0,cfbd,20.0,0,cfbd_proxy,,1,,,1,,,1,,,1,,,1,,,1,,,1,,16.0,0,cfbd,,1,,,1,,,1,,,1,,1,0,proxy_age_at_draft,0,0,,1,,3.7616,0,cfbd,,,,,,,,,,,,,,,,,,
00-0039917,Michael Penix,QB,2024,8,1,ATL,Washington,24.0,0,0.0,0,0.0,0,0.0,0,0.0,0.0,1,0,1,,,,0,head_b_v3,v3,24.0,0,nfl_data_py,0,0,proxy_draft_year_age,,1,,0,0,proxy_age_at_draft,23.0,0,proxy_age_at_draft,74.0,0,nfl_combine,216.0,0,nfl_combine,,1,,,1,,,1,,,1,,,1,,,1,,,1,,,1,,,1,,8,0,nfl_data_py,1,0,nfl_data_py,,1,,,1,,,1,,,1,,,1,,,1,,,1,,,1,,,1,,,1,,,1,,,1,,,1,,,1,,,1,,,1,,,1,,,1,,,1,,,1,,,1,,,1,,0,0,,,,,,,,1,,,1,,,1,,,1,,,,,,,
00-0039919,Rome Odunze,WR,2024,9,1,CHI,Washington,22.0,0,0.0,0,0.0,0,0.0,0,0.0,0.0,1,0,1,,10.4961,,0,head_b_v3,v3,22.0,0,nfl_data_py,0,0,proxy_draft_year_age,,1,,0,0,proxy_age_at_draft,21.0,0,proxy_age_at_draft,75.0,0,nfl_combine,212.0,0,nfl_combine,39.0,0,nfl_combine,1,0,nfl_combine_szekely2023_proxy,,1,,,1,,,1,,,1,,,1,,,1,,,1,,9,0,nfl_data_py,1,0,nfl_data_py,,1,,,1,,0.3301214967583848,0,cfbd,,1,,,1,,0.3195,0,cfbd,,1,,0.3454,0,cfbd,19.0,0,cfbd_proxy,,1,,,1,,,1,,,1,,,1,,,1,,,1,,15.17,0,cfbd,,1,,,1,,,1,,,1,,0,0,proxy_age_at_draft,0,0,,1,,2.4835,0,cfbd,,,,,,,,,,,,,,,,,,
00-0039923,J.J. McCarthy,QB,2024,10,1,MIN,Michigan,21.0,0,0.0,0,0.0,0,0.0,0,0.0,0.0,1,0,1,,,,0,head_b_v3,v3,21.0,0,nfl_data_py,0,0,proxy_draft_year_age,,1,,1,0,proxy_age_at_draft,20.0,0,proxy_age_at_draft,75.0,0,nfl_combine,219.0,0,nfl_combine,,1,,,1,,,1,,,1,,,1,,,1,,,1,,,1,,,1,,10,0,nfl_data_py,1,0,nfl_data_py,,1,,,1,,,1,,,1,,,1,,,1,,,1,,,1,,,1,,,1,,,1,,,1,,,1,,,1,,,1,,,1,,,1,,,1,,,1,,,1,,,1,,,1,,0,0,,,,,,,0.723,0,cfbd,9.0,0,cfbd,5.5,0,cfbd,0.05,0,cfbd,,,,,,
00-0039732,Bo Nix,QB,2024,12,1,DEN,Oregon,24.0,0,0.0,0,0.0,0,0.0,0,0.0,0.0,1,0,1,,,,0,head_b_v3,v3,24.0,0,nfl_data_py,0,0,proxy_draft_year_age,,1,,0,0,proxy_age_at_draft,23.0,0,proxy_age_at_draft,74.0,0,nfl_combine,214.0,0,nfl_combine,,1,,,1,,,1,,,1,,,1,,,1,,,1,,,1,,,1,,12,0,nfl_data_py,1,0,nfl_data_py,,1,,,1,,,1,,,1,,,1,,,1,,,1,,,1,,,1,,,1,,,1,,,1,,,1,,,1,,,1,,,1,,,1,,,1,,,1,,,1,,,1,,,1,,0,0,,,,,,,0.774,0,cfbd,9.6,0,cfbd,15.0,0,cfbd,0.009634,0,cfbd,,,,,,
00-0039338,Brock Bowers,TE,2024,13,1,LVR,Georgia,21.0,0,0.0,0,0.0,0,0.0,0,0.0,0.0,1,0,1,,10.5312,,0,head_b_v3,v3,21.0,0,nfl_data_py,0,0,proxy_draft_year_age,,1,,1,0,proxy_age_at_draft,20.0,0,proxy_age_at_draft,75.0,0,nfl_combine,243.0,0,nfl_combine,,1,,,1,,,1,,,1,,,1,,,1,,243.0,0,nfl_combine,30.37,0,nfl_combine_derived,,1,,13,0,nfl_data_py,1,0,nfl_data_py,,1,,21.0,0,nfl_data_py,,1,,,1,,0.1869765865780259,0,cfbd,,1,,,1,,,1,,,1,,,1,,,1,,,1,,1.5658,0,cfbd,,1,,,1,,,1,,,1,,14.39,0,cfbd,,1,,,1,,,1,,,1,,0,0,,,,,,,,,,,,,,,,,,,,,,,,
00-0039893,Brian Thomas,WR,2024,23,1,JAX,LSU,21.0,0,0.0,0,0.0,0,0.0,0,0.0,0.0,1,0,1,,10.3868,,0,head_b_v3,v3,21.0,0,nfl_data_py,0,0,proxy_draft_year_age,,1,,1,0,proxy_age_at_draft,20.0,0,proxy_age_at_draft,75.0,0,nfl_combine,209.0,0,nfl_combine,38.5,0,nfl_combine,1,0,nfl_combine_szekely2023_proxy,,1,,,1,,,1,,,1,,,1,,,1,,,1,,23,0,nfl_data_py,1,0,nfl_data_py,,1,,,1,,,1,,,1,,,1,,,1,,,1,,,1,,,1,,,1,,,1,,,1,,,1,,,1,,,1,,,1,,,1,,,1,,,1,,,1,,,1,,1,0,proxy_age_at_draft,0,0,,1,,,1,,,,,,,,,,,,,,,,,,,
00-0039894,Xavier Worthy,WR,2024,28,1,KAN,Texas,21.0,0,0.0,0,0.0,0,0.0,0,0.0,0.0,1,0,1,,10.2078,,0,head_b_v3,v3,21.0,0,nfl_data_py,0,0,proxy_draft_year_age,,1,,1,0,proxy_age_at_draft,20.0,0,proxy_age_at_draft,71.0,0,nfl_combine,165.0,0,nfl_combine,41.0,0,nfl_combine,1,0,nfl_combine_szekely2023_proxy,,1,,,1,,,1,,,1,,,1,,,1,,,1,,28,0,nfl_data_py,1,0,nfl_data_py,,1,,,1,,0.22527798369162344,0,cfbd,,1,,,1,,0.2599,0,cfbd,,1,,0.2341,0,cfbd,18.0,0,cfbd_proxy,,1,,,1,,,1,,,1,,,1,,,1,,,1,,13.97,0,cfbd,,1,,,1,,,1,,,1,,1,0,proxy_age_at_draft,0,0,,1,,2.04,0,cfbd,,,,,,,,,,,,,,,,,,
00-0039916,Ricky Pearsall,WR,2024,31,1,SFO,Florida,23.0,0,0.0,0,0.0,0,0.0,0,0.0,0.0,1,0,1,,10.2078,,0,head_b_v3,v3,23.0,0,nfl_data_py,0,0,proxy_draft_year_age,,1,,0,0,proxy_age_at_draft,22.0,0,proxy_age_at_draft,73.0,0,nfl_combine,189.0,0,nfl_combine,42.0,0,nfl_combine,1,0,nfl_combine_szekely2023_proxy,,1,,,1,,,1,,,1,,,1,,,1,,,1,,31,0,nfl_data_py,1,0,nfl_data_py,,1,,,1,,0.2571613739468568,0,cfbd,,1,,,1,,0.3143,0,cfbd,,1,,0.2572,0,cfbd,21.0,0,cfbd_proxy,,1,,,1,,,1,,,1,,,1,,,1,,,1,,16.84,0,cfbd,,1,,,1,,,1,,,1,,0,0,proxy_age_at_draft,0,0,,1,,2.4936,0,cfbd,,,,,,,,,,,,,,,,,,
00-0039342,Xavier Legette,WR,2024,32,1,CAR,South Carolina,23.0,0,0.0,0,0.0,0,0.0,0,0.0,0.0,1,0,1,,10.2078,,0,head_b_v3,v3,23.0,0,nfl_data_py,0,0,proxy_draft_year_age,,1,,0,0,proxy_age_at_draft,22.0,0,proxy_age_at_draft,73.0,0,nfl_combine,221.0,0,nfl_combine,40.0,0,nfl_combine,1,0,nfl_combine_szekely2023_proxy,,1,,,1,,,1,,,1,,,1,,,1,,,1,,32,0,nfl_data_py,1,0,nfl_data_py,,1,,,1,,0.35476618705035967,0,cfbd,,1,,,1,,0.3762,0,cfbd,,1,,0.3548,0,cfbd,22.0,0,cfbd_proxy,,1,,,1,,,1,,,1,,,1,,,1,,,1,,15.17,0,cfbd,,1,,,1,,,1,,,1,,0,0,proxy_age_at_draft,0,0,,1,,3.0461,0,cfbd,,,,,,,,,,,,,,,,,,
00-0039901,Keon Coleman,WR,2024,33,2,BUF,Florida St.,21.0,0,0.0,0,0.0,0,0.0,0,0.0,0.0,1,0,1,,10.2078,,0,head_b_v3,v3,21.0,0,nfl_data_py,0,0,proxy_draft_year_age,,1,,1,0,proxy_age_at_draft,20.0,0,proxy_age_at_draft,75.0,0,nfl_combine,213.0,0,nfl_combine,38.0,0,nfl_combine,1,0,nfl_combine_szekely2023_proxy,,1,,,1,,,1,,,1,,,1,,,1,,,1,,33,0,nfl_data_py,2,0,nfl_data_py,,1,,,1,,0.3137856328392246,0,cfbd,,1,,,1,,0.1957,0,cfbd,,1,,0.3179,0,cfbd,20.0,0,cfbd_proxy,,1,,,1,,,1,,,1,,,1,,,1,,,1,,13.16,0,cfbd,,1,,,1,,,1,,,1,,1,0,proxy_age_at_draft,0,0,,1,,1.5196,0,cfbd,,,,,,,,,,,,,,,,,,
00-0039915,Ladd McConkey,WR,2024,34,2,LAC,Georgia,22.0,0,0.0,0,0.0,0,0.0,0,0.0,0.0,1,0,1,,10.2078,,0,head_b_v3,v3,22.0,0,nfl_data_py,0,0,proxy_draft_year_age,,1,,0,0,proxy_age_at_draft,21.0,0,proxy_age_at_draft,72.0,0,nfl_combine,186.0,0,nfl_combine,36.0,0,nfl_combine,1,0,nfl_combine_szekely2023_proxy,,1,,,1,,,1,,,1,,,1,,,1,,,1,,34,0,nfl_data_py,2,0,nfl_data_py,,1,,,1,,0.09040227195714262,0,cfbd,,1,,,1,,0.1148,0,cfbd,,1,,0.0974,0,cfbd,,1,,,1,,,1,,,1,,,1,,,1,,,1,,,1,,14.45,0,cfbd,,1,,,1,,,1,,,1,,0,0,proxy_age_at_draft,0,0,,1,,1.0,0,cfbd,,,,,,,,,,,,,,,,,,
00-0039907,Ja'Lynn Polk,WR,2024,37,2,NWE,Washington,22.0,0,0.0,0,0.0,0,0.0,0,0.0,0.0,1,0,1,,9.8012,,0,head_b_v3,v3,22.0,0,nfl_data_py,0,0,proxy_draft_year_age,,1,,0,0,proxy_age_at_draft,21.0,0,proxy_age_at_draft,73.0,0,nfl_combine,203.0,0,nfl_combine,37.5,0,nfl_combine,1,0,nfl_combine_szekely2023_proxy,,1,,,1,,,1,,,1,,,1,,,1,,,1,,37,0,nfl_data_py,2,0,nfl_data_py,,1,,,1,,0.2308361835724131,0,cfbd,,1,,,1,,0.2237,0,cfbd,,1,,0.2261,0,cfbd,21.0,0,cfbd_proxy,,1,,,1,,,1,,,1,,,1,,,1,,,1,,17.12,0,cfbd,,1,,,1,,,1,,,1,,0,0,proxy_age_at_draft,0,0,,1,,1.7391,0,cfbd,,,,,,,,,,,,,,,,,,
00-0039344,Jonathon Brooks,RB,2024,46,2,CAR,Texas,21.0,0,0.0,0,0.0,0,0.0,0,0.0,0.0,1,0,1,,12.1136,,0,head_b_v3,v3,21.0,0,nfl_data_py,0,0,proxy_draft_year_age,,1,,1,0,proxy_age_at_draft,20.0,0,proxy_age_at_draft,72.0,0,nfl_combine,216.0,0,nfl_combine,,1,,,1,,,1,,216.0,0,nfl_combine,,1,,,1,,,1,,,1,,,1,,46,0,nfl_data_py,2,0,nfl_data_py,21.0,0,nfl_data_py,,1,,,1,,0.388297037985935,0,cfbd,,1,,,1,,,1,,,1,,,1,,,1,,0.2293,0,cfbd,,1,,,1,,,1,,,1,,,1,,,1,,,1,,,1,,,1,,23.2,0,cfbd_sp_plus,,1,,0,0,,,,,,,,,,,,,,,,,,,6.0909,0,cfbd,11.4615,0,cfbd
00-0039890,Adonai Mitchell,WR,2024,52,2,IND,Texas,21.0,0,0.0,0,0.0,0,0.0,0,0.0,0.0,1,0,1,,9.8012,,0,head_b_v3,v3,21.0,0,nfl_data_py,0,0,proxy_draft_year_age,,1,,1,0,proxy_age_at_draft,20.0,0,proxy_age_at_draft,74.0,0,nfl_combine,205.0,0,nfl_combine,39.5,0,nfl_combine,1,0,nfl_combine_szekely2023_proxy,,1,,,1,,,1,,,1,,,1,,,1,,,1,,52,0,nfl_data_py,2,0,nfl_data_py,,1,,,1,,0.3243983197430195,0,cfbd,,1,,,1,,0.218,0,cfbd,,1,,0.3173,0,cfbd,20.0,0,cfbd_proxy,,1,,,1,,,1,,,1,,,1,,,1,,,1,,15.94,0,cfbd,,1,,,1,,,1,,,1,,1,0,proxy_age_at_draft,0,0,,1,,1.7116,0,cfbd,,,,,,,,,,,,,,,,,,
00-0039912,Ben Sinnott,TE,2024,53,2,WAS,Kansas St.,22.0,0,0.0,0,0.0,0,0.0,0,0.0,0.0,1,0,1,,8.8173,,0,head_b_v3,v3,22.0,0,nfl_data_py,0,0,proxy_draft_year_age,,1,,0,0,proxy_age_at_draft,21.0,0,proxy_age_at_draft,76.0,0,nfl_combine,250.0,0,nfl_combine,,1,,,1,,,1,,,1,,,1,,,1,,250.0,0,nfl_combine,30.43,0,nfl_combine_derived,104.23,0,combine_pp_hass_approx,53,0,nfl_data_py,2,0,nfl_data_py,,1,,22.0,0,nfl_data_py,,1,,,1,,0.20781499202551834,0,cfbd,,1,,,1,,,1,,,1,,,1,,,1,,,1,,1.5831,0,cfbd,,1,,,1,,,1,,,1,,13.92,0,cfbd,,1,,,1,,,1,,,1,,0,0,,,,,,,,,,,,,,,,,,,,,,,,
00-0039920,Malachi Corley,WR,2024,65,3,NYJ,Western Kentucky,22.0,0,0.0,0,0.0,0,0.0,0,0.0,0.0,1,0,1,,8.5194,,0,head_b_v3,v3,22.0,0,nfl_data_py,0,0,proxy_draft_year_age,,1,,0,0,proxy_age_at_draft,21.0,0,proxy_age_at_draft,71.0,0,nfl_combine,215.0,0,nfl_combine,,1,,,1,,,1,,,1,,,1,,,1,,,1,,,1,,,1,,65,0,nfl_data_py,3,0,nfl_data_py,,1,,,1,,0.27296201802394965,0,cfbd,,1,,,1,,0.2786,0,cfbd,,1,,0.306,0,cfbd,20.0,0,cfbd_proxy,,1,,,1,,,1,,,1,,,1,,,1,,,1,,11.96,0,cfbd,,1,,,1,,,1,,,1,,0,0,proxy_age_at_draft,0,0,,1,,1.7774,0,cfbd,,,,,,,,,,,,,,,,,,
00-0039921,Trey Benson,RB,2024,66,3,ARI,Florida St.,22.0,0,0.0,0,0.0,0,0.0,0,0.0,0.0,1,0,1,,11.6922,,0,head_b_v3,v3,22.0,0,nfl_data_py,0,0,proxy_draft_year_age,,1,,0,0,proxy_age_at_draft,21.0,0,proxy_age_at_draft,72.0,0,nfl_combine,216.0,0,nfl_combine,,1,,,1,,116.31,0,combine_barnwell2008,216.0,0,nfl_combine,,1,,1,0,combine_szekely2023_proxy,,1,,,1,,,1,,66,0,nfl_data_py,3,0,nfl_data_py,22.0,0,nfl_data_py,,1,,,1,,0.4340211703139867,0,cfbd,,1,,,1,,,1,,,1,,,1,,,1,,0.2077,0,cfbd,,1,,,1,,,1,,,1,,,1,,,1,,,1,,,1,,,1,,19.4,0,cfbd_sp_plus,,1,,0,0,,,,,,,,,,,,,,,,,,,5.8013,0,cfbd,10.5625,0,cfbd
00-0039810,Jermaine Burton,WR,2024,80,3,CIN,Alabama,23.0,0,0.0,0,0.0,0,0.0,0,0.0,0.0,1,0,1,,8.2367,,0,head_b_v3,v3,23.0,0,nfl_data_py,0,0,proxy_draft_year_age,,1,,0,0,proxy_age_at_draft,22.0,0,proxy_age_at_draft,72.0,0,nfl_combine,196.0,0,nfl_combine,38.5,0,nfl_combine,1,0,nfl_combine_szekely2023_proxy,,1,,,1,,,1,,,1,,,1,,,1,,,1,,80,0,nfl_data_py,3,0,nfl_data_py,,1,,,1,,0.303206627405675,0,cfbd,,1,,,1,,0.2616,0,cfbd,,1,,0.3047,0,cfbd,22.0,0,cfbd_proxy,,1,,,1,,,1,,,1,,,1,,,1,,,1,,18.99,0,cfbd,,1,,,1,,,1,,,1,,0,0,proxy_age_at_draft,0,0,,1,,2.3908,0,cfbd,,,,,,,,,,,,,,,,,,
00-0039737,Tip Reiman,TE,2024,82,3,ARI,Illinois,22.0,0,0.0,0,0.0,0,0.0,0,0.0,0.0,1,0,1,,8.082,,0,head_b_v3,v3,22.0,0,nfl_data_py,0,0,proxy_draft_year_age,,1,,0,0,proxy_age_at_draft,21.0,0,proxy_age_at_draft,77.0,0,nfl_combine,271.0,0,nfl_combine,,1,,,1,,,1,,,1,,,1,,,1,,271.0,0,nfl_combine,32.13,0,nfl_combine_derived,118.47,0,combine_pp_hass_approx,82,0,nfl_data_py,3,0,nfl_data_py,,1,,22.0,0,nfl_data_py,,1,,,1,,0.09702560189663864,0,cfbd,,1,,,1,,,1,,,1,,,1,,,1,,,1,,0.4903,0,cfbd,,1,,,1,,,1,,,1,,10.31,0,cfbd,,1,,,1,,,1,,,1,,0,0,,,,,,,,,,,,,,,,,,,,,,,,
00-0039738,Blake Corum,RB,2024,83,3,LAR,Michigan,23.0,0,0.0,0,0.0,0,0.0,0,0.0,0.0,1,0,1,,11.2764,,0,head_b_v3,v3,23.0,0,nfl_data_py,0,0,proxy_draft_year_age,,1,,0,0,proxy_age_at_draft,22.0,0,proxy_age_at_draft,68.0,0,nfl_combine,205.0,0,nfl_combine,,1,,,1,,97.36,0,combine_barnwell2008,205.0,0,nfl_combine,6.82,0,nfl_combine,1,0,combine_szekely2023_proxy,,1,,,1,,,1,,83,0,nfl_data_py,3,0,nfl_data_py,23.0,0,nfl_data_py,,1,,,1,,0.5829652996845426,0,cfbd,,1,,,1,,,1,,,1,,,1,,,1,,0.2236,0,cfbd,,1,,,1,,,1,,,1,,,1,,,1,,,1,,,1,,,1,,31.3,0,cfbd_sp_plus,,1,,0,0,,,,,,,,,,,,,,,,,,,4.7156,0,cfbd,7.2692,0,cfbd
00-0039739,Roman Wilson,WR,2024,84,3,PIT,Michigan,23.0,0,0.0,0,0.0,0,0.0,0,0.0,0.0,1,0,1,,8.2367,,0,head_b_v3,v3,23.0,0,nfl_data_py,0,0,proxy_draft_year_age,,1,,0,0,proxy_age_at_draft,22.0,0,proxy_age_at_draft,71.0,0,nfl_combine,185.0,0,nfl_combine,,1,,,1,,,1,,,1,,,1,,,1,,,1,,,1,,,1,,84,0,nfl_data_py,3,0,nfl_data_py,,1,,,1,,0.3730889235569423,0,cfbd,,1,,,1,,0.2328,0,cfbd,,1,,0.3783,0,cfbd,22.0,0,cfbd_proxy,,1,,,1,,,1,,,1,,,1,,,1,,,1,,15.26,0,cfbd,,1,,,1,,,1,,,1,,0,0,proxy_age_at_draft,0,0,,1,,1.8338,0,cfbd,,,,,,,,,,,,,,,,,,
00-0039811,MarShawn Lloyd,RB,2024,88,3,GNB,USC,23.0,0,0.0,0,0.0,0,0.0,0,0.0,0.0,1,0,1,,7.3666,,0,head_b_v3,v3,23.0,0,nfl_data_py,0,0,proxy_draft_year_age,,1,,0,0,proxy_age_at_draft,22.0,0,proxy_age_at_draft,69.0,0,nfl_combine,220.0,0,nfl_combine,,1,,,1,,111.2,0,combine_barnwell2008,220.0,0,nfl_combine,,1,,1,0,combine_szekely2023_proxy,,1,,,1,,,1,,88,0,nfl_data_py,3,0,nfl_data_py,23.0,0,nfl_data_py,,1,,,1,,0.37267487555671996,0,cfbd,,1,,,1,,,1,,,1,,,1,,,1,,0.1862,0,cfbd,,1,,,1,,,1,,,1,,,1,,,1,,,1,,,1,,,1,,9.4,0,cfbd_sp_plus,,1,,0,0,,,,,,,,,,,,,,,,,,,7.069,0,cfbd,17.8462,0,cfbd
00-0039855,Jalen McMillan,WR,2024,92,3,TAM,Washington,22.0,0,0.0,0,0.0,0,0.0,0,0.0,0.0,1,0,1,,8.2367,,0,head_b_v3,v3,22.0,0,nfl_data_py,0,0,proxy_draft_year_age,,1,,0,0,proxy_age_at_draft,21.0,0,proxy_age_at_draft,73.0,0,nfl_combine,197.0,0,nfl_combine,37.0,0,nfl_combine,1,0,nfl_combine_szekely2023_proxy,,1,,,1,,,1,,,1,,,1,,,1,,,1,,92,0,nfl_data_py,3,0,nfl_data_py,,1,,,1,,0.12000867833988463,0,cfbd,,1,,,1,,0.1047,0,cfbd,,1,,0.0952,0,cfbd,20.0,0,cfbd_proxy,,1,,,1,,,1,,,1,,,1,,,1,,,1,,13.75,0,cfbd,,1,,,1,,,1,,,1,,0,0,proxy_age_at_draft,0,0,,1,,0.8139,0,cfbd,,,,,,,,,,,,,,,,,,
00-0039355,Luke McCaffrey,WR,2024,100,3,WAS,Rice,23.0,0,0.0,0,0.0,0,0.0,0,0.0,0.0,1,0,1,,8.2367,,0,head_b_v3,v3,23.0,0,nfl_data_py,0,0,proxy_draft_year_age,,1,,0,0,proxy_age_at_draft,22.0,0,proxy_age_at_draft,74.0,0,nfl_combine,198.0,0,nfl_combine,36.0,0,nfl_combine,1,0,nfl_combine_szekely2023_proxy,,1,,,1,,,1,,,1,,,1,,,1,,,1,,100,0,nfl_data_py,3,0,nfl_data_py,,1,,,1,,0.3752652923995041,0,cfbd,,1,,,1,,0.3038,0,cfbd,,1,,0.3662,0,cfbd,21.0,0,cfbd_proxy,,1,,,1,,,1,,,1,,,1,,,1,,,1,,13.61,0,cfbd,,1,,,1,,,1,,,1,,0,0,proxy_age_at_draft,0,0,,1,,2.2343,0,cfbd,,,,,,,,,,,,,,,,,,
00-0039356,Ja'Tavion Sanders,TE,2024,101,4,CAR,Texas,21.0,0,0.0,0,0.0,0,0.0,0,0.0,0.0,1,0,1,,7.674,,0,head_b_v3,v3,21.0,0,nfl_data_py,0,0,proxy_draft_year_age,,1,,1,0,proxy_age_at_draft,20.0,0,proxy_age_at_draft,76.0,0,nfl_combine,245.0,0,nfl_combine,,1,,,1,,,1,,,1,,,1,,,1,,245.0,0,nfl_combine,29.82,0,nfl_combine_derived,101.28,0,combine_pp_hass_approx,101,0,nfl_data_py,4,0,nfl_data_py,,1,,21.0,0,nfl_data_py,,1,,,1,,0.12425994563874476,0,cfbd,,1,,,1,,,1,,,1,,,1,,,1,,,1,,1.2779,0,cfbd,,1,,,1,,,1,,,1,,13.45,0,cfbd,,1,,,1,,,1,,,1,,0,0,,,,,,,,,,,,,,,,,,,,,,,,
00-0039868,Troy Franklin,WR,2024,102,4,DEN,Oregon,21.0,0,0.0,0,0.0,0,0.0,0,0.0,0.0,1,0,1,,8.2367,,0,head_b_v3,v3,21.0,0,nfl_data_py,0,0,proxy_draft_year_age,,1,,1,0,proxy_age_at_draft,20.0,0,proxy_age_at_draft,74.0,0,nfl_combine,176.0,0,nfl_combine,39.0,0,nfl_combine,1,0,nfl_combine_szekely2023_proxy,,1,,,1,,,1,,,1,,,1,,,1,,,1,,102,0,nfl_data_py,4,0,nfl_data_py,,1,,,1,,0.28522897732286245,0,cfbd,,1,,,1,,0.3104,0,cfbd,,1,,0.3143,0,cfbd,19.0,0,cfbd_proxy,,1,,,1,,,1,,,1,,,1,,,1,,,1,,15.85,0,cfbd,,1,,,1,,,1,,,1,,1,0,proxy_age_at_draft,0,0,,1,,2.6907,0,cfbd,,,,,,,,,,,,,,,,,,
00-0039847,Theo Johnson,TE,2024,107,4,NYG,Penn St.,23.0,0,0.0,0,0.0,0,0.0,0,0.0,0.0,1,0,1,,7.674,,0,head_b_v3,v3,23.0,0,nfl_data_py,0,0,proxy_draft_year_age,,1,,0,0,proxy_age_at_draft,22.0,0,proxy_age_at_draft,,1,,,1,,,1,,,1,,,1,,,1,,,1,,,1,,,1,,,1,,,1,,107,0,nfl_data_py,4,0,nfl_data_py,,1,,23.0,0,nfl_data_py,,1,,,1,,0.17766845557543232,0,cfbd,,1,,,1,,,1,,,1,,,1,,,1,,,1,,0.7888,0,cfbd,,1,,,1,,,1,,,1,,12.08,0,cfbd,,1,,,1,,,1,,,1,,0,0,,,,,,,,,,,,,,,,,,,,,,,,
00-0039853,Javon Baker,WR,2024,110,4,NWE,Central Florida,22.0,0,0.0,0,0.0,0,0.0,0,0.0,0.0,1,0,1,,8.2367,,0,head_b_v3,v3,22.0,0,nfl_data_py,0,0,proxy_draft_year_age,,1,,0,0,proxy_age_at_draft,21.0,0,proxy_age_at_draft,73.0,0,nfl_combine,202.0,0,nfl_combine,37.0,0,nfl_combine,1,0,nfl_combine_szekely2023_proxy,,1,,,1,,,1,,,1,,,1,,,1,,,1,,110,0,nfl_data_py,4,0,nfl_data_py,,1,,,1,,0.31512584225128815,0,cfbd,,1,,,1,,0.3107,0,cfbd,,1,,0.2917,0,cfbd,20.0,0,cfbd_proxy,,1,,,1,,,1,,,1,,,1,,,1,,,1,,17.66,0,cfbd,,1,,,1,,,1,,,1,,0,0,proxy_age_at_draft,0,0,,1,,2.6393,0,cfbd,,,,,,,,,,,,,,,,,,
00-0039792,Devontez Walker,WR,2024,113,4,BAL,North Carolina,23.0,0,0.0,0,0.0,0,0.0,0,0.0,0.0,1,0,1,,6.5416,,0,head_b_v3,v3,23.0,0,nfl_data_py,0,0,proxy_draft_year_age,,1,,0,0,proxy_age_at_draft,22.0,0,proxy_age_at_draft,74.0,0,nfl_combine,193.0,0,nfl_combine,40.5,0,nfl_combine,1,0,nfl_combine_szekely2023_proxy,,1,,,1,,,1,,,1,,,1,,,1,,,1,,113,0,nfl_data_py,4,0,nfl_data_py,,1,,,1,,0.22466949438090894,0,cfbd,,1,,,1,,0.1898,0,cfbd,,1,,0.2349,0,cfbd,22.0,0,cfbd_proxy,,1,,,1,,,1,,,1,,,1,,,1,,,1,,17.05,0,cfbd,,1,,,1,,,1,,,1,,0,0,proxy_age_at_draft,0,0,,1,,1.5196,0,cfbd,,,,,,,,,,,,,,,,,,
00-0039814,Erick All,TE,2024,115,4,CIN,Iowa,23.0,0,0.0,0,0.0,0,0.0,0,0.0,0.0,1,0,1,,6.2285,,0,head_b_v3,v3,23.0,0,nfl_data_py,0,0,proxy_draft_year_age,,1,,0,0,proxy_age_at_draft,22.0,0,proxy_age_at_draft,76.0,0,nfl_combine,252.0,0,nfl_combine,,1,,,1,,,1,,,1,,,1,,,1,,252.0,0,nfl_combine,30.67,0,nfl_combine_derived,,1,,115,0,nfl_data_py,4,0,nfl_data_py,,1,,23.0,0,nfl_data_py,,1,,,1,,0.2566726871362633,0,cfbd,,1,,,1,,,1,,,1,,,1,,,1,,,1,,0.8592,0,cfbd,,1,,,1,,,1,,,1,,14.24,0,cfbd,,1,,,1,,,1,,,1,,0,0,,,,,,,,,,,,,,,,,,,,,,,,
00-0039874,Jaylen Wright,RB,2024,120,4,MIA,Tennessee,21.0,0,0.0,0,0.0,0,0.0,0,0.0,0.0,1,0,1,,7.3384,,0,head_b_v3,v3,21.0,0,nfl_data_py,0,0,proxy_draft_year_age,,1,,1,0,proxy_age_at_draft,20.0,0,proxy_age_at_draft,71.0,0,nfl_combine,210.0,0,nfl_combine,,1,,,1,,114.12,0,combine_barnwell2008,210.0,0,nfl_combine,,1,,1,0,combine_szekely2023_proxy,,1,,,1,,,1,,120,0,nfl_data_py,4,0,nfl_data_py,21.0,0,nfl_data_py,,1,,,1,,0.27722699506745496,0,cfbd,,1,,,1,,,1,,,1,,,1,,,1,,0.2115,0,cfbd,,1,,,1,,,1,,,1,,,1,,,1,,,1,,,1,,,1,,16.2,0,cfbd_sp_plus,,1,,0,0,,,,,,,,,,,,,,,,,,,7.3942,0,cfbd,5.7,0,cfbd
00-0039793,AJ Barner,TE,2024,121,4,SEA,Michigan,22.0,0,0.0,0,0.0,0,0.0,0,0.0,0.0,1,0,1,,6.2285,,0,head_b_v3,v3,22.0,0,nfl_data_py,0,0,proxy_draft_year_age,,1,,0,0,proxy_age_at_draft,21.0,0,proxy_age_at_draft,78.0,0,nfl_combine,251.0,0,nfl_combine,,1,,,1,,,1,,,1,,,1,,,1,,251.0,0,nfl_combine,29.0,0,nfl_combine_derived,,1,,121,0,nfl_data_py,4,0,nfl_data_py,,1,,22.0,0,nfl_data_py,,1,,,1,,,1,,,1,,,1,,,1,,,1,,,1,,,1,,,1,,0.6898,0,cfbd,,1,,,1,,,1,,,1,,11.32,0,cfbd,,1,,,1,,,1,,,1,,0,0,,,,,,,,,,,,,,,,,,,,,,,,
00-0039359,Cade Stover,TE,2024,123,4,HOU,Ohio St.,24.0,0,0.0,0,0.0,0,0.0,0,0.0,0.0,1,0,1,,6.2285,,0,head_b_v3,v3,24.0,0,nfl_data_py,0,0,proxy_draft_year_age,,1,,0,0,proxy_age_at_draft,23.0,0,proxy_age_at_draft,76.0,0,nfl_combine,247.0,0,nfl_combine,,1,,,1,,,1,,,1,,,1,,,1,,247.0,0,nfl_combine,30.06,0,nfl_combine_derived,105.66,0,combine_pp_hass_approx,123,0,nfl_data_py,4,0,nfl_data_py,,1,,24.0,0,nfl_data_py,,1,,,1,,0.17848660773189076,0,cfbd,,1,,,1,,,1,,,1,,,1,,,1,,,1,,1.44,0,cfbd,,1,,,1,,,1,,,1,,12.98,0,cfbd,,1,,,1,,,1,,,1,,0,0,,,,,,,,,,,,,,,,,,,,,,,,
00-0039361,Bucky Irving,RB,2024,125,4,TAM,Oregon,22.0,0,0.0,0,0.0,0,0.0,0,0.0,0.0,1,0,1,,7.3384,,0,head_b_v3,v3,22.0,0,nfl_data_py,0,0,proxy_draft_year_age,,1,,0,0,proxy_age_at_draft,21.0,0,proxy_age_at_draft,69.0,0,nfl_combine,192.0,0,nfl_combine,,1,,,1,,89.6,0,combine_barnwell2008,192.0,0,nfl_combine,,1,,1,0,combine_szekely2023_proxy,,1,,,1,,,1,,125,0,nfl_data_py,4,0,nfl_data_py,22.0,0,nfl_data_py,,1,,,1,,,1,,,1,,,1,,,1,,,1,,,1,,,1,,,1,,,1,,,1,,,1,,,1,,,1,,,1,,,1,,,1,,,1,,26.2,0,cfbd_sp_plus,,1,,0,0,,,,,,,,,,,,,,,,,,,,1,,,1,
00-0039746,Will Shipley,RB,2024,127,4,PHI,Clemson,22.0,0,0.0,0,0.0,0,0.0,0,0.0,0.0,1,0,1,,7.3384,,0,head_b_v3,v3,22.0,0,nfl_data_py,0,0,proxy_draft_year_age,,1,,0,0,proxy_age_at_draft,21.0,0,proxy_age_at_draft,71.0,0,nfl_combine,206.0,0,nfl_combine,,1,,,1,,,1,,206.0,0,nfl_combine,,1,,,1,,,1,,,1,,,1,,127,0,nfl_data_py,4,0,nfl_data_py,22.0,0,nfl_data_py,,1,,,1,,0.28664680788467195,0,cfbd,,1,,,1,,,1,,,1,,,1,,,1,,0.2113,0,cfbd,,1,,,1,,,1,,,1,,,1,,,1,,,1,,,1,,,1,,10.5,0,cfbd_sp_plus,,1,,0,0,,,,,,,,,,,,,,,,,,,5.1154,0,cfbd,7.0135,0,cfbd
00-0039875,Ray Davis,RB,2024,128,4,BUF,Kentucky,24.0,0,0.0,0,0.0,0,0.0,0,0.0,0.0,1,0,1,,7.3384,,0,head_b_v3,v3,24.0,0,nfl_data_py,0,0,proxy_draft_year_age,,1,,0,0,proxy_age_at_draft,23.0,0,proxy_age_at_draft,,1,,,1,,,1,,,1,,,1,,,1,,,1,,,1,,,1,,,1,,,1,,128,0,nfl_data_py,4,0,nfl_data_py,24.0,0,nfl_data_py,,1,,,1,,,1,,,1,,,1,,,1,,,1,,,1,,,1,,,1,,,1,,,1,,,1,,,1,,,1,,,1,,,1,,,1,,,1,,10.5,0,cfbd_sp_plus,,1,,0,0,,,,,,,,,,,,,,,,,,,,1,,,1,
00-0039363,Isaac Guerendo,RB,2024,129,4,SFO,Louisville,24.0,0,0.0,0,0.0,0,0.0,0,0.0,0.0,1,0,1,,7.3384,,0,head_b_v3,v3,24.0,0,nfl_data_py,0,0,proxy_draft_year_age,,1,,0,0,proxy_age_at_draft,23.0,0,proxy_age_at_draft,72.0,0,nfl_combine,221.0,0,nfl_combine,,1,,,1,,125.74,0,combine_barnwell2008,221.0,0,nfl_combine,6.94,0,nfl_combine,1,0,combine_szekely2023_proxy,,1,,,1,,,1,,129,0,nfl_data_py,4,0,nfl_data_py,24.0,0,nfl_data_py,,1,,,1,,0.3394841807690818,0,cfbd,,1,,,1,,,1,,,1,,,1,,,1,,0.1547,0,cfbd,,1,,,1,,,1,,,1,,,1,,,1,,,1,,,1,,,1,,8.0,0,cfbd_sp_plus,,1,,0,0,,,,,,,,,,,,,,,,,,,5.9541,0,cfbd,11.2941,0,cfbd
00-0039824,Jared Wiley,TE,2024,131,4,KAN,TCU,23.0,0,0.0,0,0.0,0,0.0,0,0.0,0.0,1,0,1,,6.2285,,0,head_b_v3,v3,23.0,0,nfl_data_py,0,0,proxy_draft_year_age,,1,,0,0,proxy_age_at_draft,22.0,0,proxy_age_at_draft,78.0,0,nfl_combine,249.0,0,nfl_combine,,1,,,1,,,1,,,1,,,1,,,1,,249.0,0,nfl_combine,28.77,0,nfl_combine_derived,112.19,0,combine_pp_hass_approx,131,0,nfl_data_py,4,0,nfl_data_py,,1,,23.0,0,nfl_data_py,,1,,,1,,0.2175555160071978,0,cfbd,,1,,,1,,,1,,,1,,,1,,,1,,,1,,1.0338,0,cfbd,,1,,,1,,,1,,,1,,10.96,0,cfbd,,1,,,1,,,1,,,1,,0,0,,,,,,,,,,,,,,,,,,,,,,,,
00-0039794,Braelon Allen,RB,2024,134,4,NYJ,Wisconsin,20.0,0,0.0,0,0.0,0,0.0,0,0.0,0.0,1,0,1,,7.3384,,0,head_b_v3,v3,20.0,0,nfl_data_py,0,0,proxy_draft_year_age,,1,,1,0,proxy_age_at_draft,19.0,0,proxy_age_at_draft,73.0,0,nfl_combine,235.0,0,nfl_combine,,1,,,1,,,1,,235.0,0,nfl_combine,,1,,,1,,,1,,,1,,,1,,134,0,nfl_data_py,4,0,nfl_data_py,20.0,0,nfl_data_py,,1,,,1,,0.5075721414623562,0,cfbd,,1,,,1,,,1,,,1,,,1,,,1,,0.2501,0,cfbd,,1,,,1,,,1,,,1,,,1,,,1,,,1,,,1,,,1,,9.4,0,cfbd_sp_plus,,1,,0,0,,,,,,,,,,,,,,,,,,,5.4365,0,cfbd,6.0444,0,cfbd
00-0039365,Jacob Cowing,WR,2024,135,4,SFO,Arizona,23.0,0,0.0,0,0.0,0,0.0,0,0.0,0.0,1,0,1,,6.5416,,0,head_b_v3,v3,23.0,0,nfl_data_py,0,0,proxy_draft_year_age,,1,,0,0,proxy_age_at_draft,22.0,0,proxy_age_at_draft,68.0,0,nfl_combine,168.0,0,nfl_combine,36.0,0,nfl_combine,1,0,nfl_combine_szekely2023_proxy,,1,,,1,,,1,,,1,,,1,,,1,,,1,,135,0,nfl_data_py,4,0,nfl_data_py,,1,,,1,,0.2852212242182302,0,cfbd,,1,,,1,,0.188,0,cfbd,,1,,0.2558,0,cfbd,21.0,0,cfbd_proxy,,1,,,1,,,1,,,1,,,1,,,1,,,1,,10.32,0,cfbd,,1,,,1,,,1,,,1,,0,0,proxy_age_at_draft,0,0,,1,,1.4806,0,cfbd,,,,,,,,,,,,,,,,,,
00-0039816,Anthony Gould,WR,2024,142,5,IND,Oregon St.,23.0,0,0.0,0,0.0,0,0.0,0,0.0,0.0,1,0,1,,6.5416,,0,head_b_v3,v3,23.0,0,nfl_data_py,0,0,proxy_draft_year_age,,1,,0,0,proxy_age_at_draft,22.0,0,proxy_age_at_draft,68.0,0,nfl_combine,174.0,0,nfl_combine,39.5,0,nfl_combine,1,0,nfl_combine_szekely2023_proxy,,1,,,1,,,1,,,1,,,1,,,1,,,1,,142,0,nfl_data_py,5,0,nfl_data_py,,1,,,1,,0.15250219919851432,0,cfbd,,1,,,1,,0.2431,0,cfbd,,1,,0.1616,0,cfbd,,1,,,1,,,1,,,1,,,1,,,1,,,1,,,1,,16.38,0,cfbd,,1,,,1,,,1,,,1,,0,0,proxy_age_at_draft,0,0,,1,,1.8895,0,cfbd,,,,,,,,,,,,,,,,,,
00-0039373,Audric Estime,RB,2024,147,5,DEN,Notre Dame,21.0,0,0.0,0,0.0,0,0.0,0,0.0,0.0,1,0,1,,7.0626,,0,head_b_v3,v3,21.0,0,nfl_data_py,0,0,proxy_draft_year_age,,1,,1,0,proxy_age_at_draft,20.0,0,proxy_age_at_draft,71.0,0,nfl_combine,221.0,0,nfl_combine,,1,,,1,,89.81,0,combine_barnwell2008,221.0,0,nfl_combine,,1,,1,0,combine_szekely2023_proxy,,1,,,1,,,1,,147,0,nfl_data_py,5,0,nfl_data_py,21.0,0,nfl_data_py,,1,,,1,,0.5991833353059535,0,cfbd,,1,,,1,,,1,,,1,,,1,,,1,,0.2872,0,cfbd,,1,,,1,,,1,,,1,,,1,,,1,,,1,,,1,,,1,,20.1,0,cfbd_sp_plus,,1,,0,0,,,,,,,,,,,,,,,,,,,6.3857,0,cfbd,10.76,0,cfbd
00-0039376,Spencer Rattler,QB,2024,150,5,NOR,South Carolina,23.0,0,0.0,0,0.0,0,0.0,0,0.0,0.0,1,0,1,,,,0,head_b_v3,v3,23.0,0,nfl_data_py,0,0,proxy_draft_year_age,,1,,0,0,proxy_age_at_draft,22.0,0,proxy_age_at_draft,72.0,0,nfl_combine,211.0,0,nfl_combine,,1,,,1,,,1,,,1,,,1,,,1,,,1,,,1,,,1,,150,0,nfl_data_py,5,0,nfl_data_py,,1,,,1,,,1,,,1,,,1,,,1,,,1,,,1,,,1,,,1,,,1,,,1,,,1,,,1,,,1,,,1,,,1,,,1,,,1,,,1,,,1,,,1,,0,0,,,,,,,0.689,0,cfbd,8.0,0,cfbd,2.375,0,cfbd,0.092511,0,cfbd,,,,,,
00-0039747,Ainias Smith,WR,2024,152,5,PHI,Texas A&M,23.0,0,0.0,0,0.0,0,0.0,0,0.0,0.0,1,0,1,,6.5416,,0,head_b_v3,v3,23.0,0,nfl_data_py,0,0,proxy_draft_year_age,,1,,0,0,proxy_age_at_draft,22.0,0,proxy_age_at_draft,69.0,0,nfl_combine,190.0,0,nfl_combine,,1,,,1,,,1,,,1,,,1,,,1,,,1,,,1,,,1,,152,0,nfl_data_py,5,0,nfl_data_py,,1,,,1,,0.15459280303030304,0,cfbd,,1,,,1,,0.2525,0,cfbd,,1,,0.1679,0,cfbd,19.0,0,cfbd_proxy,,1,,,1,,,1,,,1,,,1,,,1,,,1,,12.84,0,cfbd,,1,,,1,,,1,,,1,,0,0,proxy_age_at_draft,0,0,,1,,1.8662,0,cfbd,,,,,,,,,,,,,,,,,,
00-0039379,Jamari Thrash,WR,2024,156,5,CLE,Louisville,23.0,0,0.0,0,0.0,0,0.0,0,0.0,0.0,1,0,1,,6.5416,,0,head_b_v3,v3,23.0,0,nfl_data_py,0,0,proxy_draft_year_age,,1,,0,0,proxy_age_at_draft,22.0,0,proxy_age_at_draft,72.0,0,nfl_combine,188.0,0,nfl_combine,34.0,0,nfl_combine,1,0,nfl_combine_szekely2023_proxy,,1,,,1,,,1,,,1,,,1,,,1,,,1,,156,0,nfl_data_py,5,0,nfl_data_py,,1,,,1,,0.26585352468238066,0,cfbd,,1,,,1,,0.2731,0,cfbd,,1,,0.2729,0,cfbd,22.0,0,cfbd_proxy,,1,,,1,,,1,,,1,,,1,,,1,,,1,,13.62,0,cfbd,,1,,,1,,,1,,,1,,0,0,proxy_age_at_draft,0,0,,1,,2.1029,0,cfbd,,,,,,,,,,,,,,,,,,
00-0039796,Rasheen Ali,RB,2024,165,5,BAL,Marshall,23.0,0,0.0,0,0.0,0,0.0,0,0.0,0.0,1,0,1,,6.9631,,0,head_b_v3,v3,23.0,0,nfl_data_py,0,0,proxy_draft_year_age,,1,,0,0,proxy_age_at_draft,22.0,0,proxy_age_at_draft,71.0,0,nfl_combine,206.0,0,nfl_combine,,1,,,1,,,1,,206.0,0,nfl_combine,,1,,,1,,,1,,,1,,,1,,165,0,nfl_data_py,5,0,nfl_data_py,23.0,0,nfl_data_py,,1,,,1,,0.6875776397515527,0,cfbd,,1,,,1,,,1,,,1,,,1,,,1,,0.2922,0,cfbd,,1,,,1,,,1,,,1,,,1,,,1,,,1,,,1,,,1,,-9.0,0,cfbd_sp_plus,,1,,0,0,,,,,,,,,,,,,,,,,,,5.1626,0,cfbd,7.4667,0,cfbd
00-0039384,Tyrone Tracy Jr.,RB,2024,166,5,NYG,Purdue,24.0,0,0.0,0,0.0,0,0.0,0,0.0,0.0,1,0,1,,6.9631,,0,head_b_v3,v3,24.0,0,nfl_data_py,0,0,proxy_draft_year_age,,1,,0,0,proxy_age_at_draft,23.0,0,proxy_age_at_draft,71.0,0,nfl_combine,209.0,0,nfl_combine,,1,,,1,,103.77,0,combine_barnwell2008,209.0,0,nfl_combine,6.81,0,nfl_combine,1,0,combine_szekely2023_proxy,,1,,,1,,,1,,166,0,nfl_data_py,5,0,nfl_data_py,24.0,0,nfl_data_py,,1,,,1,,0.37679012345679014,0,cfbd,,1,,,1,,,1,,,1,,,1,,,1,,0.1854,0,cfbd,,1,,,1,,,1,,,1,,,1,,,1,,,1,,,1,,,1,,-7.3,0,cfbd_sp_plus,,1,,0,0,,,,,,,,,,,,,,,,,,,6.3363,0,cfbd,7.2821,0,cfbd
00-0039385,Keilan Robinson,RB,2024,167,5,JAX,Texas,24.0,0,0.0,0,0.0,0,0.0,0,0.0,0.0,1,0,1,,6.9631,,0,head_b_v3,v3,24.0,0,nfl_data_py,0,0,proxy_draft_year_age,,1,,0,0,proxy_age_at_draft,23.0,0,proxy_age_at_draft,68.0,0,nfl_combine,191.0,0,nfl_combine,,1,,,1,,100.09,0,combine_barnwell2008,191.0,0,nfl_combine,,1,,1,0,combine_szekely2023_proxy,,1,,,1,,,1,,167,0,nfl_data_py,5,0,nfl_data_py,24.0,0,nfl_data_py,,1,,,1,,0.0771221667407388,0,cfbd,,1,,,1,,,1,,,1,,,1,,,1,,0.0306,0,cfbd,,1,,,1,,,1,,,1,,,1,,,1,,,1,,,1,,,1,,23.2,0,cfbd_sp_plus,,1,,0,0,,,,,,,,,,,,,,,,,,,,1,below_volume_gate,10.069,0,cfbd
00-0039386,Bub Means,WR,2024,170,5,NOR,Pittsburgh,23.0,0,0.0,0,0.0,0,0.0,0,0.0,0.0,1,0,1,,6.5416,,0,head_b_v3,v3,23.0,0,nfl_data_py,0,0,proxy_draft_year_age,,1,,0,0,proxy_age_at_draft,22.0,0,proxy_age_at_draft,73.0,0,nfl_combine,212.0,0,nfl_combine,39.5,0,nfl_combine,1,0,nfl_combine_szekely2023_proxy,,1,,,1,,,1,,,1,,,1,,,1,,,1,,170,0,nfl_data_py,5,0,nfl_data_py,,1,,,1,,,1,,,1,,,1,,,1,,,1,,,1,,,1,,,1,,,1,,,1,,,1,,,1,,,1,,,1,,,1,,,1,,,1,,,1,,,1,,0,0,proxy_age_at_draft,0,0,,1,,,1,,,,,,,,,,,,,,,,,,,
00-0039797,Jordan Travis,QB,2024,171,5,NYJ,Florida St.,24.0,0,0.0,0,0.0,0,0.0,0,0.0,0.0,1,0,1,,,,0,head_b_v3,v3,24.0,0,nfl_data_py,0,0,proxy_draft_year_age,,1,,0,0,proxy_age_at_draft,23.0,0,proxy_age_at_draft,73.0,0,nfl_combine,200.0,0,nfl_combine,,1,,,1,,,1,,,1,,,1,,,1,,,1,,,1,,,1,,171,0,nfl_data_py,5,0,nfl_data_py,,1,,,1,,,1,,,1,,,1,,,1,,,1,,,1,,,1,,,1,,,1,,,1,,,1,,,1,,,1,,,1,,,1,,,1,,,1,,,1,,,1,,,1,,0,0,,,,,,,0.639,0,cfbd,8.5,0,cfbd,10.0,0,cfbd,0.054585,0,cfbd,,,,,,
00-0039798,Isaiah Davis,RB,2024,173,5,NYJ,South Dakota St.,22.0,0,0.0,0,0.0,0,0.0,0,0.0,0.0,1,0,1,,6.9631,,0,head_b_v3,v3,22.0,0,nfl_data_py,0,0,proxy_draft_year_age,,1,,0,0,proxy_age_at_draft,21.0,0,proxy_age_at_draft,,1,,,1,,,1,,,1,,,1,,,1,,,1,,,1,,,1,,,1,,,1,,173,0,nfl_data_py,5,0,nfl_data_py,22.0,0,nfl_data_py,,1,,,1,,,1,,,1,,,1,,,1,,,1,,,1,,,1,,,1,,,1,,,1,,,1,,,1,,,1,,,1,,,1,,,1,,,1,,,1,,,1,,0,0,,,,,,,,,,,,,,,,,,,,1,,,1,
00-0039391,Kimani Vidal,RB,2024,181,6,LAC,Troy,23.0,0,0.0,0,0.0,0,0.0,0,0.0,0.0,1,0,1,,6.9631,,0,head_b_v3,v3,23.0,0,nfl_data_py,0,0,proxy_draft_year_age,,1,,0,0,proxy_age_at_draft,22.0,0,proxy_age_at_draft,68.0,0,nfl_combine,213.0,0,nfl_combine,,1,,,1,,107.66,0,combine_barnwell2008,213.0,0,nfl_combine,7.01,0,nfl_combine,1,0,combine_szekely2023_proxy,,1,,,1,,,1,,181,0,nfl_data_py,6,0,nfl_data_py,23.0,0,nfl_data_py,,1,,,1,,0.7542149244978742,0,cfbd,,1,,,1,,,1,,,1,,,1,,,1,,0.3212,0,cfbd,,1,,,1,,,1,,,1,,,1,,,1,,,1,,,1,,,1,,9.8,0,cfbd_sp_plus,,1,,0,0,,,,,,,,,,,,,,,,,,,5.6738,0,cfbd,7.764,0,cfbd
00-0039392,Jha'Quan Jackson,WR,2024,182,6,TEN,Tulane,24.0,0,0.0,0,0.0,0,0.0,0,0.0,0.0,1,0,1,,5.0759,,0,head_b_v3,v3,24.0,0,nfl_data_py,0,0,proxy_draft_year_age,,1,,0,0,proxy_age_at_draft,23.0,0,proxy_age_at_draft,69.0,0,nfl_combine,188.0,0,nfl_combine,32.0,0,nfl_combine,1,0,nfl_combine_szekely2023_proxy,,1,,,1,,,1,,,1,,,1,,,1,,,1,,182,0,nfl_data_py,6,0,nfl_data_py,,1,,,1,,0.1529235880398671,0,cfbd,,1,,,1,,0.1519,0,cfbd,,1,,0.1559,0,cfbd,20.0,0,cfbd_proxy,,1,,,1,,,1,,,1,,,1,,,1,,,1,,14.97,0,cfbd,,1,,,1,,,1,,,1,,0,0,proxy_age_at_draft,0,0,,1,,1.1929,0,cfbd,,,,,,,,,,,,,,,,,,
00-0039880,Malik Washington,WR,2024,184,6,MIA,Virginia,23.0,0,0.0,0,0.0,0,0.0,0,0.0,0.0,1,0,1,,5.0759,,0,head_b_v3,v3,23.0,0,nfl_data_py,0,0,proxy_draft_year_age,,1,,0,0,proxy_age_at_draft,22.0,0,proxy_age_at_draft,69.0,0,nfl_combine,191.0,0,nfl_combine,42.5,0,nfl_combine,1,0,nfl_combine_szekely2023_proxy,,1,,,1,,,1,,,1,,,1,,,1,,,1,,184,0,nfl_data_py,6,0,nfl_data_py,,1,,,1,,0.473719181675118,0,cfbd,,1,,,1,,0.4738,0,cfbd,,1,,0.4737,0,cfbd,22.0,0,cfbd_proxy,,1,,,1,,,1,,,1,,,1,,,1,,,1,,12.96,0,cfbd,,1,,,1,,,1,,,1,,0,0,proxy_age_at_draft,0,0,,1,,3.601,0,cfbd,,,,,,,,,,,,,,,,,,
00-0039236,Johnny Wilson,WR,2024,185,6,PHI,Florida St.,23.0,0,0.0,0,0.0,0,0.0,0,0.0,0.0,1,0,1,,5.0759,,0,head_b_v3,v3,23.0,0,nfl_data_py,0,0,proxy_draft_year_age,,1,,0,0,proxy_age_at_draft,22.0,0,proxy_age_at_draft,78.0,0,nfl_combine,231.0,0,nfl_combine,37.0,0,nfl_combine,1,0,nfl_combine_szekely2023_proxy,,1,,,1,,,1,,,1,,,1,,,1,,,1,,185,0,nfl_data_py,6,0,nfl_data_py,,1,,,1,,0.1279418472063854,0,cfbd,,1,,,1,,0.1835,0,cfbd,,1,,0.1318,0,cfbd,21.0,0,cfbd_proxy,,1,,,1,,,1,,,1,,,1,,,1,,,1,,17.26,0,cfbd,,1,,,1,,,1,,,1,,0,0,proxy_age_at_draft,0,0,,1,,1.4249,0,cfbd,,,,,,,,,,,,,,,,,,
00-0039393,Jase McClellan,RB,2024,186,6,ATL,Alabama,22.0,0,0.0,0,0.0,0,0.0,0,0.0,0.0,1,0,1,,6.9631,,0,head_b_v3,v3,22.0,0,nfl_data_py,0,0,proxy_draft_year_age,,1,,0,0,proxy_age_at_draft,21.0,0,proxy_age_at_draft,70.0,0,nfl_combine,221.0,0,nfl_combine,,1,,,1,,,1,,221.0,0,nfl_combine,,1,,,1,,,1,,,1,,,1,,186,0,nfl_data_py,6,0,nfl_data_py,22.0,0,nfl_data_py,,1,,,1,,0.30911253620190315,0,cfbd,,1,,,1,,,1,,,1,,,1,,,1,,0.1764,0,cfbd,,1,,,1,,,1,,,1,,,1,,,1,,,1,,,1,,,1,,23.1,0,cfbd_sp_plus,,1,,0,0,,,,,,,,,,,,,,,,,,,4.8373,0,cfbd,10.4865,0,cfbd
00-0039394,Casey Washington,WR,2024,187,6,ATL,Illinois,23.0,0,0.0,0,0.0,0,0.0,0,0.0,0.0,1,0,1,,5.0759,,0,head_b_v3,v3,23.0,0,nfl_data_py,0,0,proxy_draft_year_age,,1,,0,0,proxy_age_at_draft,22.0,0,proxy_age_at_draft,,1,,,1,,,1,,,1,,,1,,,1,,,1,,,1,,,1,,,1,,,1,,187,0,nfl_data_py,6,0,nfl_data_py,,1,,,1,,0.19193928576294741,0,cfbd,,1,,,1,,0.21,0,cfbd,,1,,0.1919,0,cfbd,,1,,,1,,,1,,,1,,,1,,,1,,,1,,,1,,12.51,0,cfbd,,1,,,1,,,1,,,1,,0,0,proxy_age_at_draft,0,0,,1,,1.6184,0,cfbd,,,,,,,,,,,,,,,,,,
00-0039397,Tejhaun Palmer,WR,2024,191,6,ARI,Ala-Birmingham,24.0,0,0.0,0,0.0,0,0.0,0,0.0,0.0,1,0,1,,5.0759,,0,head_b_v3,v3,24.0,0,nfl_data_py,0,0,proxy_draft_year_age,,1,,0,0,proxy_age_at_draft,23.0,0,proxy_age_at_draft,,1,,,1,,,1,,,1,,,1,,,1,,,1,,,1,,,1,,,1,,,1,,191,0,nfl_data_py,6,0,nfl_data_py,,1,,,1,,0.28282901119647585,0,cfbd,,1,,,1,,0.2475,0,cfbd,,1,,0.2828,0,cfbd,23.0,0,cfbd_proxy,,1,,,1,,,1,,,1,,,1,,,1,,,1,,17.44,0,cfbd,,1,,,1,,,1,,,1,,0,0,proxy_age_at_draft,0,0,,1,,2.0094,0,cfbd,,,,,,,,,,,,,,,,,,
00-0039398,Joe Milton,QB,2024,193,6,NWE,Tennessee,24.0,0,0.0,0,0.0,0,0.0,0,0.0,0.0,1,0,1,,,,0,head_b_v3,v3,24.0,0,nfl_data_py,0,0,proxy_draft_year_age,,1,,0,0,proxy_age_at_draft,23.0,0,proxy_age_at_draft,77.0,0,nfl_combine,235.0,0,nfl_combine,,1,,,1,,,1,,,1,,,1,,,1,,,1,,,1,,,1,,193,0,nfl_data_py,6,0,nfl_data_py,,1,,,1,,,1,,,1,,,1,,,1,,,1,,,1,,,1,,,1,,,1,,,1,,,1,,,1,,,1,,,1,,,1,,,1,,,1,,,1,,,1,,,1,,0,0,,,,,,,0.648,0,cfbd,7.9,0,cfbd,4.0,0,cfbd,0.055172,0,cfbd,,,,,,
00-0039399,Tanner McLachlan,TE,2024,194,6,CIN,Arizona,25.0,0,0.0,0,0.0,0,0.0,0,0.0,0.0,1,0,1,,4.7182,,0,head_b_v3,v3,25.0,0,nfl_data_py,0,0,proxy_draft_year_age,,1,,0,0,proxy_age_at_draft,24.0,0,proxy_age_at_draft,77.0,0,nfl_combine,244.0,0,nfl_combine,,1,,,1,,,1,,,1,,,1,,,1,,244.0,0,nfl_combine,28.93,0,nfl_combine_derived,109.47,0,combine_pp_hass_approx,194,0,nfl_data_py,6,0,nfl_data_py,,1,,25.0,0,nfl_data_py,,1,,,1,,0.12142381902860945,0,cfbd,,1,,,1,,,1,,,1,,,1,,,1,,,1,,1.0776,0,cfbd,,1,,,1,,,1,,,1,,12.58,0,cfbd,,1,,,1,,,1,,,1,,0,0,,,,,,,,,,,,,,,,,,,,,,,,
00-0039405,Jawhar Jordan,RB,2024,205,6,HOU,Louisville,25.0,0,0.0,0,0.0,0,0.0,0,0.0,0.0,1,0,1,,6.9631,,0,head_b_v3,v3,25.0,0,nfl_data_py,0,0,proxy_draft_year_age,,1,,0,0,proxy_age_at_draft,24.0,0,proxy_age_at_draft,70.0,0,nfl_combine,193.0,0,nfl_combine,,1,,,1,,89.27,0,combine_barnwell2008,193.0,0,nfl_combine,,1,,1,0,combine_szekely2023_proxy,,1,,,1,,,1,,205,0,nfl_data_py,6,0,nfl_data_py,25.0,0,nfl_data_py,,1,,,1,,0.43536769546528287,0,cfbd,,1,,,1,,,1,,,1,,,1,,,1,,0.2528,0,cfbd,,1,,,1,,,1,,,1,,,1,,,1,,,1,,,1,,,1,,8.0,0,cfbd_sp_plus,,1,,0,0,,,,,,,,,,,,,,,,,,,6.232,0,cfbd,11.0345,0,cfbd
00-0039407,Dylan Laube,RB,2024,208,6,LVR,New Hampshire,24.0,0,0.0,0,0.0,0,0.0,0,0.0,0.0,1,0,1,,6.9631,,0,head_b_v3,v3,24.0,0,nfl_data_py,0,0,proxy_draft_year_age,,1,,0,0,proxy_age_at_draft,23.0,0,proxy_age_at_draft,,1,,,1,,,1,,,1,,,1,,,1,,,1,,,1,,,1,,,1,,,1,,208,0,nfl_data_py,6,0,nfl_data_py,24.0,0,nfl_data_py,,1,,,1,,,1,,,1,,,1,,,1,,,1,,,1,,,1,,0.3406,0,cfbd,,1,,,1,,,1,,,1,,,1,,,1,,,1,,,1,,,1,,,1,,,1,,0,0,,,,,,,,,,,,,,,,,,,4.5253,0,cfbd,10.2541,0,cfbd
00-0039751,Jordan Whittington,WR,2024,213,6,LAR,Texas,23.0,0,0.0,0,0.0,0,0.0,0,0.0,0.0,1,0,1,,5.0759,,0,head_b_v3,v3,23.0,0,nfl_data_py,0,0,proxy_draft_year_age,,1,,0,0,proxy_age_at_draft,22.0,0,proxy_age_at_draft,73.0,0,nfl_combine,205.0,0,nfl_combine,,1,,,1,,,1,,,1,,,1,,,1,,,1,,,1,,,1,,213,0,nfl_data_py,6,0,nfl_data_py,,1,,,1,,0.08239189523103534,0,cfbd,,1,,,1,,0.1167,0,cfbd,,1,,0.0792,0,cfbd,,1,,,1,,,1,,,1,,,1,,,1,,,1,,,1,,12.47,0,cfbd,,1,,,1,,,1,,,1,,0,0,proxy_age_at_draft,0,0,,1,,0.9158,0,cfbd,,,,,,,,,,,,,,,,,,
00-0039410,Ryan Flournoy,WR,2024,216,6,DAL,SE Missouri St.,24.0,0,0.0,0,0.0,0,0.0,0,0.0,0.0,1,0,1,,5.0759,,0,head_b_v3,v3,24.0,0,nfl_data_py,0,0,proxy_draft_year_age,,1,,0,0,proxy_age_at_draft,23.0,0,proxy_age_at_draft,,1,,,1,,,1,,,1,,,1,,,1,,,1,,,1,,,1,,,1,,,1,,216,0,nfl_data_py,6,0,nfl_data_py,,1,,,1,,,1,,,1,,,1,,,1,,,1,,,1,,,1,,,1,,,1,,,1,,,1,,,1,,,1,,,1,,,1,,,1,,,1,,,1,,,1,,0,0,proxy_age_at_draft,0,0,,1,,,1,,,,,,,,,,,,,,,,,,,
00-0039801,Devin Leary,QB,2024,218,6,BAL,Kentucky,24.0,0,0.0,0,0.0,0,0.0,0,0.0,0.0,1,0,1,,,,0,head_b_v3,v3,24.0,0,nfl_data_py,0,0,proxy_draft_year_age,,1,,0,0,proxy_age_at_draft,23.0,0,proxy_age_at_draft,73.0,0,nfl_combine,215.0,0,nfl_combine,,1,,,1,,,1,,,1,,,1,,,1,,,1,,,1,,,1,,218,0,nfl_data_py,6,0,nfl_data_py,,1,,,1,,,1,,,1,,,1,,,1,,,1,,,1,,,1,,,1,,,1,,,1,,,1,,,1,,,1,,,1,,,1,,,1,,,1,,,1,,,1,,,1,,0,0,,,,,,,0.563,0,cfbd,7.4,0,cfbd,2.083333,0,cfbd,0.055416,0,cfbd,,,,,,
00-0039415,Brenden Rice,WR,2024,225,7,LAC,USC,22.0,0,0.0,0,0.0,0,0.0,0,0.0,0.0,1,0,1,,4.8253,,0,head_b_v3,v3,22.0,0,nfl_data_py,0,0,proxy_draft_year_age,,1,,0,0,proxy_age_at_draft,21.0,0,proxy_age_at_draft,74.0,0,nfl_combine,208.0,0,nfl_combine,36.5,0,nfl_combine,1,0,nfl_combine_szekely2023_proxy,,1,,,1,,,1,,,1,,,1,,,1,,,1,,225,0,nfl_data_py,7,0,nfl_data_py,,1,,,1,,0.25352275352275355,0,cfbd,,1,,,1,,0.1999,0,cfbd,,1,,0.2935,0,cfbd,21.0,0,cfbd_proxy,,1,,,1,,,1,,,1,,,1,,,1,,,1,,15.74,0,cfbd,,1,,,1,,,1,,,1,,0,0,proxy_age_at_draft,0,0,,1,,1.7158,0,cfbd,,,,,,,,,,,,,,,,,,
00-0039420,Jaheim Bell,TE,2024,231,7,NWE,Florida St.,23.0,0,0.0,0,0.0,0,0.0,0,0.0,0.0,1,0,1,,4.601,,0,head_b_v3,v3,23.0,0,nfl_data_py,0,0,proxy_draft_year_age,,1,,0,0,proxy_age_at_draft,22.0,0,proxy_age_at_draft,74.0,0,nfl_combine,241.0,0,nfl_combine,,1,,,1,,,1,,,1,,,1,,,1,,241.0,0,nfl_combine,30.94,0,nfl_combine_derived,103.91,0,combine_pp_hass_approx,231,0,nfl_data_py,7,0,nfl_data_py,,1,,23.0,0,nfl_data_py,,1,,,1,,0.1116932725199544,0,cfbd,,1,,,1,,,1,,,1,,,1,,,1,,,1,,1.1617,0,cfbd,,1,,,1,,,1,,,1,,12.9,0,cfbd,,1,,,1,,,1,,,1,,0,0,,,,,,,,,,,,,,,,,,,,,,,,
00-0039424,Devaughn Vele,WR,2024,235,7,DEN,Utah,26.0,0,0.0,0,0.0,0,0.0,0,0.0,0.0,1,0,1,,4.8253,,0,head_b_v3,v3,26.0,0,nfl_data_py,0,0,proxy_draft_year_age,,1,,0,0,proxy_age_at_draft,25.0,0,proxy_age_at_draft,76.0,0,nfl_combine,203.0,0,nfl_combine,36.0,0,nfl_combine,1,0,nfl_combine_szekely2023_proxy,,1,,,1,,,1,,,1,,,1,,,1,,,1,,235,0,nfl_data_py,7,0,nfl_data_py,,1,,,1,,0.23752319109461967,0,cfbd,,1,,,1,,0.2847,0,cfbd,,1,,0.2423,0,cfbd,25.0,0,cfbd_proxy,,1,,,1,,,1,,,1,,,1,,,1,,,1,,13.41,0,cfbd,,1,,,1,,,1,,,1,,0,0,proxy_age_at_draft,0,0,,1,,1.8079,0,cfbd,,,,,,,,,,,,,,,,,,
00-0039884,Tahj Washington,WR,2024,241,7,MIA,USC,23.0,0,0.0,0,0.0,0,0.0,0,0.0,0.0,1,0,1,,4.8253,,0,head_b_v3,v3,23.0,0,nfl_data_py,0,0,proxy_draft_year_age,,1,,0,0,proxy_age_at_draft,22.0,0,proxy_age_at_draft,,1,,,1,,,1,,,1,,,1,,,1,,,1,,,1,,,1,,,1,,,1,,241,0,nfl_data_py,7,0,nfl_data_py,,1,,,1,,0.23076923076923078,0,cfbd,,1,,,1,,0.2434,0,cfbd,,1,,0.2185,0,cfbd,22.0,0,cfbd_proxy,,1,,,1,,,1,,,1,,,1,,,1,,,1,,14.84,0,cfbd,,1,,,1,,,1,,,1,,0,0,proxy_age_at_draft,0,0,,1,,2.0889,0,cfbd,,,,,,,,,,,,,,,,,,
00-0039238,Michael Pratt,QB,2024,245,7,GNB,Tulane,22.0,0,0.0,0,0.0,0,0.0,0,0.0,0.0,1,0,1,,,,0,head_b_v3,v3,22.0,0,nfl_data_py,0,0,proxy_draft_year_age,,1,,0,0,proxy_age_at_draft,21.0,0,proxy_age_at_draft,75.0,0,nfl_combine,217.0,0,nfl_combine,,1,,,1,,,1,,,1,,,1,,,1,,,1,,,1,,,1,,245,0,nfl_data_py,7,0,nfl_data_py,,1,,,1,,,1,,,1,,,1,,,1,,,1,,,1,,,1,,,1,,,1,,,1,,,1,,,1,,,1,,,1,,,1,,,1,,,1,,,1,,,1,,,1,,0,0,,,,,,,0.654,0,cfbd,8.5,0,cfbd,4.4,0,cfbd,0.070707,0,cfbd,,,,,,
00-0039754,Devin Culp,TE,2024,246,7,TAM,Washington,24.0,0,0.0,0,0.0,0,0.0,0,0.0,0.0,1,0,1,,4.601,,0,head_b_v3,v3,24.0,0,nfl_data_py,0,0,proxy_draft_year_age,,1,,0,0,proxy_age_at_draft,23.0,0,proxy_age_at_draft,75.0,0,nfl_combine,231.0,0,nfl_combine,,1,,,1,,,1,,,1,,,1,,,1,,231.0,0,nfl_combine,28.87,0,nfl_combine_derived,114.2,0,combine_pp_hass_approx,246,0,nfl_data_py,7,0,nfl_data_py,,1,,24.0,0,nfl_data_py,,1,,,1,,0.04649037725253969,0,cfbd,,1,,,1,,,1,,,1,,,1,,,1,,,1,,0.3374,0,cfbd,,1,,,1,,,1,,,1,,10.95,0,cfbd,,1,,,1,,,1,,,1,,0,0,,,,,,,,,,,,,,,,,,,,,,,,
00-0039437,Cornelius Johnson,WR,2024,253,7,LAC,Michigan,23.0,0,0.0,0,0.0,0,0.0,0,0.0,0.0,1,0,1,,4.8253,,0,head_b_v3,v3,23.0,0,nfl_data_py,0,0,proxy_draft_year_age,,1,,0,0,proxy_age_at_draft,22.0,0,proxy_age_at_draft,75.0,0,nfl_combine,212.0,0,nfl_combine,37.5,0,nfl_combine,1,0,nfl_combine_szekely2023_proxy,,1,,,1,,,1,,,1,,,1,,,1,,,1,,253,0,nfl_data_py,7,0,nfl_data_py,,1,,,1,,0.11506110244409776,0,cfbd,,1,,,1,,0.1994,0,cfbd,,1,,0.1235,0,cfbd,19.0,0,cfbd_proxy,,1,,,1,,,1,,,1,,,1,,,1,,,1,,15.08,0,cfbd,,1,,,1,,,1,,,1,,0,0,proxy_age_at_draft,0,0,,1,,1.5706,0,cfbd,,,,,,,,,,,,,,,,,,
00-0040676,Cam Ward,QB,2025,1,1,TEN,Miami (FL),23.0,0,0.0,0,0.0,0,0.0,0,0.0,0.0,1,0,1,,,,0,head_b_v3,v3,23.0,0,nfl_data_py,0,0,proxy_draft_year_age,,1,,0,0,proxy_age_at_draft,22.0,0,proxy_age_at_draft,74.0,0,nfl_combine,219.0,0,nfl_combine,,1,,,1,,,1,,,1,,,1,,,1,,,1,,,1,,,1,,1,0,nfl_data_py,1,0,nfl_data_py,,1,,,1,,,1,,,1,,,1,,,1,,,1,,,1,,,1,,,1,,,1,,,1,,,1,,,1,,,1,,,1,,,1,,,1,,,1,,,1,,,1,,,1,,0,0,,,,,,,,1,,,1,,,1,,,1,,,,,,,
00-0040718,Travis Hunter,WR,2025,2,1,JAX,Colorado,22.0,0,0.0,0,0.0,0,0.0,0,0.0,0.0,1,0,1,,14.8475,,0,head_b_v3,v3,22.0,0,nfl_data_py,0,0,proxy_draft_year_age,,1,,0,0,proxy_age_at_draft,21.0,0,proxy_age_at_draft,72.0,0,nfl_combine,188.0,0,nfl_combine,,1,,,1,,,1,,,1,,,1,,,1,,,1,,,1,,,1,,2,0,nfl_data_py,1,0,nfl_data_py,,1,,,1,,0.3548555812706756,0,cfbd,,1,,,1,,0.2934,0,cfbd,,1,,0.3467,0,cfbd,21.0,0,cfbd_proxy,,1,,,1,,,1,,,1,,,1,,,1,,,1,,12.57,0,cfbd,,1,,,1,,,1,,,1,,0,0,proxy_age_at_draft,0,0,,1,,2.395,0,cfbd,,,,,,,,,,,,,,,,,,
00-0040122,Ashton Jeanty,RB,2025,6,1,LVR,Boise St.,21.0,0,0.0,0,0.0,0,0.0,0,0.0,0.0,1,0,1,,19.6562,,0,head_b_v3,v3,21.0,0,nfl_data_py,0,0,proxy_draft_year_age,,1,,1,0,proxy_age_at_draft,20.0,0,proxy_age_at_draft,69.0,0,nfl_combine,211.0,0,nfl_combine,,1,,,1,,,1,,211.0,0,nfl_combine,,1,,,1,,,1,,,1,,,1,,6,0,nfl_data_py,1,0,nfl_data_py,21.0,0,nfl_data_py,,1,,,1,,0.7223144252157205,0,cfbd,,1,,,1,,,1,,,1,,,1,,,1,,0.4256,0,cfbd,,1,,,1,,,1,,,1,,,1,,,1,,,1,,,1,,,1,,10.1,0,cfbd_sp_plus,,1,,0,0,,,,,,,,,,,,,,,,,,,7.2587,0,cfbd,11.2917,0,cfbd
00-0040124,Tetairoa McMillan,WR,2025,8,1,CAR,Arizona,22.0,0,0.0,0,0.0,0,0.0,0,0.0,0.0,1,0,1,,10.4961,,0,head_b_v3,v3,22.0,0,nfl_data_py,0,0,proxy_draft_year_age,,1,,0,0,proxy_age_at_draft,21.0,0,proxy_age_at_draft,76.0,0,nfl_combine,219.0,0,nfl_combine,,1,,,1,,,1,,,1,,,1,,,1,,,1,,,1,,,1,,8,0,nfl_data_py,1,0,nfl_data_py,,1,,,1,,0.44390289449112974,0,cfbd,,1,,,1,,0.4434,0,cfbd,,1,,0.4439,0,cfbd,19.0,0,cfbd_proxy,,1,,,1,,,1,,,1,,,1,,,1,,,1,,16.07,0,cfbd,,1,,,1,,,1,,,1,,0,0,proxy_age_at_draft,0,0,,1,,3.0183,0,cfbd,,,,,,,,,,,,,,,,,,
00-0040126,Colston Loveland,TE,2025,10,1,CHI,Michigan,21.0,0,0.0,0,0.0,0,0.0,0,0.0,0.0,1,0,1,,10.6516,,0,head_b_v3,v3,21.0,0,nfl_data_py,0,0,proxy_draft_year_age,,1,,1,0,proxy_age_at_draft,20.0,0,proxy_age_at_draft,78.0,0,nfl_combine,248.0,0,nfl_combine,,1,,,1,,,1,,,1,,,1,,,1,,248.0,0,nfl_combine,28.66,0,nfl_combine_derived,,1,,10,0,nfl_data_py,1,0,nfl_data_py,,1,,21.0,0,nfl_data_py,,1,,,1,,0.38175407230830355,0,cfbd,,1,,,1,,,1,,,1,,,1,,,1,,,1,,1.8896,0,cfbd,,1,,,1,,,1,,,1,,12.53,0,cfbd,,1,,,1,,,1,,,1,,0,0,,,,,,,,,,,,,,,,,,,,,,,,
00-0040128,Tyler Warren,TE,2025,14,1,IND,Penn St.,23.0,0,0.0,0,0.0,0,0.0,0,0.0,0.0,1,0,1,,10.491,,0,head_b_v3,v3,23.0,0,nfl_data_py,0,0,proxy_draft_year_age,,1,,0,0,proxy_age_at_draft,22.0,0,proxy_age_at_draft,78.0,0,nfl_combine,256.0,0,nfl_combine,,1,,,1,,,1,,,1,,,1,,,1,,256.0,0,nfl_combine,29.58,0,nfl_combine_derived,,1,,14,0,nfl_data_py,1,0,nfl_data_py,,1,,23.0,0,nfl_data_py,,1,,,1,,0.3024227463887365,0,cfbd,,1,,,1,,,1,,,1,,,1,,,1,,,1,,2.4302,0,cfbd,,1,,,1,,,1,,,1,,11.74,0,cfbd,,1,,,1,,,1,,,1,,0,0,,,,,,,,,,,,,,,,,,,,,,,,
00-0040129,Emeka Egbuka,WR,2025,19,1,TAM,Ohio St.,22.0,0,0.0,0,0.0,0,0.0,0,0.0,0.0,1,0,1,,10.4233,,0,head_b_v3,v3,22.0,0,nfl_data_py,0,0,proxy_draft_year_age,,1,,0,0,proxy_age_at_draft,21.0,0,proxy_age_at_draft,73.0,0,nfl_combine,202.0,0,nfl_combine,,1,,,1,,,1,,,1,,,1,,,1,,,1,,,1,,,1,,19,0,nfl_data_py,1,0,nfl_data_py,,1,,,1,,0.2552634621313329,0,cfbd,,1,,,1,,0.2434,0,cfbd,,1,,0.2769,0,cfbd,19.0,0,cfbd_proxy,,1,,,1,,,1,,,1,,,1,,,1,,,1,,14.24,0,cfbd,,1,,,1,,,1,,,1,,0,0,proxy_age_at_draft,0,0,,1,,1.633,0,cfbd,,,,,,,,,,,,,,,,,,
00-0040666,Omarion Hampton,RB,2025,22,1,LAC,North Carolina,22.0,0,0.0,0,0.0,0,0.0,0,0.0,0.0,1,0,1,,15.6231,,0,head_b_v3,v3,22.0,0,nfl_data_py,0,0,proxy_draft_year_age,,1,,0,0,proxy_age_at_draft,21.0,0,proxy_age_at_draft,72.0,0,nfl_combine,221.0,0,nfl_combine,,1,,,1,,111.71,0,combine_barnwell2008,221.0,0,nfl_combine,,1,,1,0,combine_szekely2023_proxy,,1,,,1,,,1,,22,0,nfl_data_py,1,0,nfl_data_py,22.0,0,nfl_data_py,,1,,,1,,0.638229764335959,0,cfbd,,1,,,1,,,1,,,1,,,1,,,1,,0.3996,0,cfbd,,1,,,1,,,1,,,1,,,1,,,1,,,1,,,1,,,1,,5.0,0,cfbd_sp_plus,,1,,0,0,,,,,,,,,,,,,,,,,,,5.9075,0,cfbd,8.9714,0,cfbd
00-0040667,Matthew Golden,WR,2025,23,1,GNB,Texas,22.0,0,0.0,0,0.0,0,0.0,0,0.0,0.0,1,0,1,,10.3868,,0,head_b_v3,v3,22.0,0,nfl_data_py,0,0,proxy_draft_year_age,,1,,0,0,proxy_age_at_draft,21.0,0,proxy_age_at_draft,71.0,0,nfl_combine,191.0,0,nfl_combine,,1,,,1,,,1,,,1,,,1,,,1,,,1,,,1,,,1,,23,0,nfl_data_py,1,0,nfl_data_py,,1,,,1,,0.2231750392464678,0,cfbd,,1,,,1,,0.2048,0,cfbd,,1,,0.2201,0,cfbd,21.0,0,cfbd_proxy,,1,,,1,,,1,,,1,,,1,,,1,,,1,,15.7,0,cfbd,,1,,,1,,,1,,,1,,0,0,proxy_age_at_draft,0,0,,1,,1.3641,0,cfbd,,,,,,,,,,,,,,,,,,
00-0040691,Jaxson Dart,QB,2025,25,1,NYG,Mississippi,22.0,0,0.0,0,0.0,0,0.0,0,0.0,0.0,1,0,1,,,,0,head_b_v3,v3,22.0,0,nfl_data_py,0,0,proxy_draft_year_age,,1,,0,0,proxy_age_at_draft,21.0,0,proxy_age_at_draft,74.0,0,nfl_combine,223.0,0,nfl_combine,,1,,,1,,,1,,,1,,,1,,,1,,,1,,,1,,,1,,25,0,nfl_data_py,1,0,nfl_data_py,,1,,,1,,,1,,,1,,,1,,,1,,,1,,,1,,,1,,,1,,,1,,,1,,,1,,,1,,,1,,,1,,,1,,,1,,,1,,,1,,,1,,,1,,0,0,,,,,,,,1,,,1,,,1,,,1,,,,,,,
00-0040130,Jayden Higgins,WR,2025,34,2,HOU,Iowa St.,22.0,0,0.0,0,0.0,0,0.0,0,0.0,0.0,1,0,1,,10.2078,,0,head_b_v3,v3,22.0,0,nfl_data_py,0,0,proxy_draft_year_age,,1,,0,0,proxy_age_at_draft,21.0,0,proxy_age_at_draft,76.0,0,nfl_combine,214.0,0,nfl_combine,39.0,0,nfl_combine,1,0,nfl_combine_szekely2023_proxy,,1,,,1,,,1,,,1,,,1,,,1,,,1,,34,0,nfl_data_py,2,0,nfl_data_py,,1,,,1,,0.34522346368715084,0,cfbd,,1,,,1,,0.3574,0,cfbd,,1,,0.3832,0,cfbd,20.0,0,cfbd_proxy,,1,,,1,,,1,,,1,,,1,,,1,,,1,,14.9,0,cfbd,,1,,,1,,,1,,,1,,0,0,proxy_age_at_draft,0,0,,1,,2.5064,0,cfbd,,,,,,,,,,,,,,,,,,
00-0040784,Quinshon Judkins,RB,2025,36,2,CLE,Ohio St.,21.0,0,0.0,0,0.0,0,0.0,0,0.0,0.0,1,0,1,,12.444,,0,head_b_v3,v3,21.0,0,nfl_data_py,0,0,proxy_draft_year_age,,1,,1,0,proxy_age_at_draft,20.0,0,proxy_age_at_draft,72.0,0,nfl_combine,221.0,0,nfl_combine,,1,,,1,,109.73,0,combine_barnwell2008,221.0,0,nfl_combine,,1,,1,0,combine_szekely2023_proxy,,1,,,1,,,1,,36,0,nfl_data_py,2,0,nfl_data_py,21.0,0,nfl_data_py,,1,,,1,,0.4047566493764485,0,cfbd,,1,,,1,,,1,,,1,,,1,,,1,,0.1793,0,cfbd,,1,,,1,,,1,,,1,,,1,,,1,,,1,,,1,,,1,,31.2,0,cfbd_sp_plus,,1,,0,0,,,,,,,,,,,,,,,,,,,5.4762,0,cfbd,7.2667,0,cfbd
00-0040734,TreVeyon Henderson,RB,2025,38,2,NWE,Ohio St.,22.0,0,0.0,0,0.0,0,0.0,0,0.0,0.0,1,0,1,,12.444,,0,head_b_v3,v3,22.0,0,nfl_data_py,0,0,proxy_draft_year_age,,1,,0,0,proxy_age_at_draft,21.0,0,proxy_age_at_draft,70.0,0,nfl_combine,202.0,0,nfl_combine,,1,,,1,,104.9,0,combine_barnwell2008,202.0,0,nfl_combine,,1,,1,0,combine_szekely2023_proxy,,1,,,1,,,1,,38,0,nfl_data_py,2,0,nfl_data_py,22.0,0,nfl_data_py,,1,,,1,,0.33767796049001214,0,cfbd,,1,,,1,,,1,,,1,,,1,,,1,,0.1738,0,cfbd,,1,,,1,,,1,,,1,,,1,,,1,,,1,,,1,,,1,,31.2,0,cfbd_sp_plus,,1,,0,0,,,,,,,,,,,,,,,,,,,6.9537,0,cfbd,10.4154,0,cfbd
00-0040735,Luther Burden,WR,2025,39,2,CHI,Missouri,21.0,0,0.0,0,0.0,0,0.0,0,0.0,0.0,1,0,1,,9.8012,,0,head_b_v3,v3,21.0,0,nfl_data_py,0,0,proxy_draft_year_age,,1,,1,0,proxy_age_at_draft,20.0,0,proxy_age_at_draft,72.0,0,nfl_combine,206.0,0,nfl_combine,,1,,,1,,,1,,,1,,,1,,,1,,,1,,,1,,,1,,39,0,nfl_data_py,2,0,nfl_data_py,,1,,,1,,,1,,,1,,,1,,,1,,,1,,,1,,,1,,,1,,,1,,,1,,,1,,,1,,,1,,,1,,,1,,,1,,,1,,,1,,,1,,1,0,proxy_age_at_draft,0,0,,1,,,1,,,,,,,,,,,,,,,,,,,
00-0040743,Tyler Shough,QB,2025,40,2,NOR,Louisville,25.0,0,0.0,0,0.0,0,0.0,0,0.0,0.0,1,0,1,,,,0,head_b_v3,v3,25.0,0,nfl_data_py,0,0,proxy_draft_year_age,,1,,0,0,proxy_age_at_draft,24.0,0,proxy_age_at_draft,77.0,0,nfl_combine,219.0,0,nfl_combine,,1,,,1,,,1,,,1,,,1,,,1,,,1,,,1,,,1,,40,0,nfl_data_py,2,0,nfl_data_py,,1,,,1,,,1,,,1,,,1,,,1,,,1,,,1,,,1,,,1,,,1,,,1,,,1,,,1,,,1,,,1,,,1,,,1,,,1,,,1,,,1,,,1,,0,0,,,,,,,0.627,0,cfbd,8.2,0,cfbd,3.833333,0,cfbd,0.033937,0,cfbd,,,,,,
00-0040736,Mason Taylor,TE,2025,42,2,NYJ,LSU,21.0,0,0.0,0,0.0,0,0.0,0,0.0,0.0,1,0,1,,9.7999,,0,head_b_v3,v3,21.0,0,nfl_data_py,0,0,proxy_draft_year_age,,1,,1,0,proxy_age_at_draft,20.0,0,proxy_age_at_draft,77.0,0,nfl_combine,251.0,0,nfl_combine,,1,,,1,,,1,,,1,,,1,,,1,,251.0,0,nfl_combine,29.76,0,nfl_combine_derived,,1,,42,0,nfl_data_py,2,0,nfl_data_py,,1,,21.0,0,nfl_data_py,,1,,,1,,0.10132898780776116,0,cfbd,,1,,,1,,,1,,,1,,,1,,,1,,,1,,1.0244,0,cfbd,,1,,,1,,,1,,,1,,9.68,0,cfbd,,1,,,1,,,1,,,1,,0,0,,,,,,,,,,,,,,,,,,,,,,,,
00-0040737,Terrance Ferguson,TE,2025,46,2,LAR,Oregon,22.0,0,0.0,0,0.0,0,0.0,0,0.0,0.0,1,0,1,,9.329,,0,head_b_v3,v3,22.0,0,nfl_data_py,0,0,proxy_draft_year_age,,1,,0,0,proxy_age_at_draft,21.0,0,proxy_age_at_draft,77.0,0,nfl_combine,247.0,0,nfl_combine,,1,,,1,,,1,,,1,,,1,,,1,,247.0,0,nfl_combine,29.29,0,nfl_combine_derived,108.91,0,combine_pp_hass_approx,46,0,nfl_data_py,2,0,nfl_data_py,,1,,22.0,0,nfl_data_py,,1,,,1,,0.12551750575006387,0,cfbd,,1,,,1,,,1,,,1,,,1,,,1,,,1,,1.1304,0,cfbd,,1,,,1,,,1,,,1,,11.21,0,cfbd,,1,,,1,,,1,,,1,,0,0,,,,,,,,,,,,,,,,,,,,,,,,
00-0040739,Elijah Arroyo,TE,2025,50,2,SEA,Miami (FL),22.0,0,0.0,0,0.0,0,0.0,0,0.0,0.0,1,0,1,,9.329,,0,head_b_v3,v3,22.0,0,nfl_data_py,0,0,proxy_draft_year_age,,1,,0,0,proxy_age_at_draft,21.0,0,proxy_age_at_draft,77.0,0,nfl_combine,250.0,0,nfl_combine,,1,,,1,,,1,,,1,,,1,,,1,,250.0,0,nfl_combine,29.64,0,nfl_combine_derived,,1,,50,0,nfl_data_py,2,0,nfl_data_py,,1,,22.0,0,nfl_data_py,,1,,,1,,0.1505304218052121,0,cfbd,,1,,,1,,,1,,,1,,,1,,,1,,,1,,1.0757,0,cfbd,,1,,,1,,,1,,,1,,16.4,0,cfbd,,1,,,1,,,1,,,1,,0,0,,,,,,,,,,,,,,,,,,,,,,,,
00-0040727,Tre Harris,WR,2025,55,2,LAC,Mississippi,23.0,0,0.0,0,0.0,0,0.0,0,0.0,0.0,1,0,1,,9.8012,,0,head_b_v3,v3,23.0,0,nfl_data_py,0,0,proxy_draft_year_age,,1,,0,0,proxy_age_at_draft,22.0,0,proxy_age_at_draft,74.0,0,nfl_combine,205.0,0,nfl_combine,38.5,0,nfl_combine,1,0,nfl_combine_szekely2023_proxy,,1,,,1,,,1,,,1,,,1,,,1,,,1,,55,0,nfl_data_py,2,0,nfl_data_py,,1,,,1,,0.22943468820504842,0,cfbd,,1,,,1,,,1,,,1,,,1,,,1,,,1,,,1,,,1,,,1,,,1,,,1,,,1,,,1,,,1,,,1,,,1,,,1,,0,0,proxy_age_at_draft,0,0,,1,,,1,,,,,,,,,,,,,,,,,,,
00-0040729,Jack Bech,WR,2025,58,2,LVR,TCU,22.0,0,0.0,0,0.0,0,0.0,0,0.0,0.0,1,0,1,,8.5194,,0,head_b_v3,v3,22.0,0,nfl_data_py,0,0,proxy_draft_year_age,,1,,0,0,proxy_age_at_draft,21.0,0,proxy_age_at_draft,73.0,0,nfl_combine,214.0,0,nfl_combine,34.5,0,nfl_combine,1,0,nfl_combine_szekely2023_proxy,,1,,,1,,,1,,,1,,,1,,,1,,,1,,58,0,nfl_data_py,2,0,nfl_data_py,,1,,,1,,0.2822618926524938,0,cfbd,,1,,,1,,0.2713,0,cfbd,,1,,0.3157,0,cfbd,21.0,0,cfbd_proxy,,1,,,1,,,1,,,1,,,1,,,1,,,1,,15.95,0,cfbd,,1,,,1,,,1,,,1,,0,0,proxy_age_at_draft,0,0,,1,,2.1189,0,cfbd,,,,,,,,,,,,,,,,,,
00-0040730,RJ Harvey,RB,2025,60,2,DEN,Central Florida,24.0,0,0.0,0,0.0,0,0.0,0,0.0,0.0,1,0,1,,11.6922,,0,head_b_v3,v3,24.0,0,nfl_data_py,0,0,proxy_draft_year_age,,1,,0,0,proxy_age_at_draft,23.0,0,proxy_age_at_draft,68.0,0,nfl_combine,205.0,0,nfl_combine,,1,,,1,,109.39,0,combine_barnwell2008,205.0,0,nfl_combine,,1,,1,0,combine_szekely2023_proxy,,1,,,1,,,1,,60,0,nfl_data_py,2,0,nfl_data_py,24.0,0,nfl_data_py,,1,,,1,,0.5981972903370283,0,cfbd,,1,,,1,,,1,,,1,,,1,,,1,,0.3432,0,cfbd,,1,,,1,,,1,,,1,,,1,,,1,,,1,,,1,,,1,,2.8,0,cfbd_sp_plus,,1,,0,0,,,,,,,,,,,,,,,,,,,6.7974,0,cfbd,12.2857,0,cfbd
00-0040663,Harold Fannin,TE,2025,67,3,CLE,Bowling Green,21.0,0,0.0,0,0.0,0,0.0,0,0.0,0.0,1,0,1,,8.1386,,0,head_b_v3,v3,21.0,0,nfl_data_py,0,0,proxy_draft_year_age,,1,,1,0,proxy_age_at_draft,20.0,0,proxy_age_at_draft,75.0,0,nfl_combine,241.0,0,nfl_combine,,1,,,1,,,1,,,1,,,1,,,1,,241.0,0,nfl_combine,30.12,0,nfl_combine_derived,96.65,0,combine_pp_hass_approx,67,0,nfl_data_py,3,0,nfl_data_py,,1,,21.0,0,nfl_data_py,,1,,,1,,,1,,,1,,,1,,,1,,,1,,,1,,,1,,,1,,3.1909,0,cfbd,,1,,,1,,,1,,,1,,13.55,0,cfbd,,1,,,1,,,1,,,1,,0,0,,,,,,,,,,,,,,,,,,,,,,,,
00-0040131,Kyle Williams,WR,2025,69,3,NWE,Washington St.,22.0,0,0.0,0,0.0,0,0.0,0,0.0,0.0,1,0,1,,8.5194,,0,head_b_v3,v3,22.0,0,nfl_data_py,0,0,proxy_draft_year_age,,1,,0,0,proxy_age_at_draft,21.0,0,proxy_age_at_draft,71.0,0,nfl_combine,190.0,0,nfl_combine,36.5,0,nfl_combine,1,0,nfl_combine_szekely2023_proxy,,1,,,1,,,1,,,1,,,1,,,1,,,1,,69,0,nfl_data_py,3,0,nfl_data_py,,1,,,1,,0.37832349688019795,0,cfbd,,1,,,1,,0.3165,0,cfbd,,1,,0.3749,0,cfbd,20.0,0,cfbd_proxy,,1,,,1,,,1,,,1,,,1,,,1,,,1,,15.4,0,cfbd,,1,,,1,,,1,,,1,,0,0,proxy_age_at_draft,0,0,,1,,2.5589,0,cfbd,,,,,,,,,,,,,,,,,,
00-0040669,Isaac TeSlaa,WR,2025,70,3,DET,Arkansas,23.0,0,0.0,0,0.0,0,0.0,0,0.0,0.0,1,0,1,,8.5194,,0,head_b_v3,v3,23.0,0,nfl_data_py,0,0,proxy_draft_year_age,,1,,0,0,proxy_age_at_draft,22.0,0,proxy_age_at_draft,76.0,0,nfl_combine,214.0,0,nfl_combine,39.5,0,nfl_combine,1,0,nfl_combine_szekely2023_proxy,,1,,,1,,,1,,,1,,,1,,,1,,,1,,70,0,nfl_data_py,3,0,nfl_data_py,,1,,,1,,0.17008053221288516,0,cfbd,,1,,,1,,0.1357,0,cfbd,,1,,0.175,0,cfbd,,1,,,1,,,1,,,1,,,1,,,1,,,1,,,1,,13.37,0,cfbd,,1,,,1,,,1,,,1,,0,0,proxy_age_at_draft,0,0,,1,,1.058,0,cfbd,,,,,,,,,,,,,,,,,,
00-0040134,Pat Bryant,WR,2025,74,3,DEN,Illinois,22.0,0,0.0,0,0.0,0,0.0,0,0.0,0.0,1,0,1,,8.5194,,0,head_b_v3,v3,22.0,0,nfl_data_py,0,0,proxy_draft_year_age,,1,,0,0,proxy_age_at_draft,21.0,0,proxy_age_at_draft,74.0,0,nfl_combine,204.0,0,nfl_combine,37.5,0,nfl_combine,1,0,nfl_combine_szekely2023_proxy,,1,,,1,,,1,,,1,,,1,,,1,,,1,,74,0,nfl_data_py,3,0,nfl_data_py,,1,,,1,,,1,,,1,,,1,,,1,,,1,,,1,,,1,,,1,,,1,,,1,,,1,,,1,,,1,,,1,,,1,,,1,,,1,,,1,,,1,,0,0,proxy_age_at_draft,0,0,,1,,,1,,,,,,,,,,,,,,,,,,,
00-0040138,Jaylin Noel,WR,2025,79,3,HOU,Iowa St.,23.0,0,0.0,0,0.0,0,0.0,0,0.0,0.0,1,0,1,,8.3309,,0,head_b_v3,v3,23.0,0,nfl_data_py,0,0,proxy_draft_year_age,,1,,0,0,proxy_age_at_draft,22.0,0,proxy_age_at_draft,70.0,0,nfl_combine,194.0,0,nfl_combine,41.5,0,nfl_combine,1,0,nfl_combine_szekely2023_proxy,,1,,,1,,,1,,,1,,,1,,,1,,,1,,79,0,nfl_data_py,3,0,nfl_data_py,,1,,,1,,0.32675977653631283,0,cfbd,,1,,,1,,0.3254,0,cfbd,,1,,0.3218,0,cfbd,21.0,0,cfbd_proxy,,1,,,1,,,1,,,1,,,1,,,1,,,1,,11.57,0,cfbd,,1,,,1,,,1,,,1,,0,0,proxy_age_at_draft,0,0,,1,,2.2818,0,cfbd,,,,,,,,,,,,,,,,,,
00-0040142,Kaleb Johnson,RB,2025,83,3,PIT,Iowa,22.0,0,0.0,0,0.0,0,0.0,0,0.0,0.0,1,0,1,,11.2764,,0,head_b_v3,v3,22.0,0,nfl_data_py,0,0,proxy_draft_year_age,,1,,0,0,proxy_age_at_draft,21.0,0,proxy_age_at_draft,73.0,0,nfl_combine,224.0,0,nfl_combine,,1,,,1,,102.71,0,combine_barnwell2008,224.0,0,nfl_combine,,1,,1,0,combine_szekely2023_proxy,,1,,,1,,,1,,83,0,nfl_data_py,3,0,nfl_data_py,22.0,0,nfl_data_py,,1,,,1,,0.6489109295993776,0,cfbd,,1,,,1,,,1,,,1,,,1,,,1,,0.4328,0,cfbd,,1,,,1,,,1,,,1,,,1,,,1,,,1,,,1,,,1,,15.8,0,cfbd_sp_plus,,1,,0,0,,,,,,,,,,,,,,,,,,,6.4042,0,cfbd,8.2759,0,cfbd
00-0040009,Savion Williams,WR,2025,87,3,GNB,TCU,23.0,0,0.0,0,0.0,0,0.0,0,0.0,0.0,1,0,1,,8.2367,,0,head_b_v3,v3,23.0,0,nfl_data_py,0,0,proxy_draft_year_age,,1,,0,0,proxy_age_at_draft,22.0,0,proxy_age_at_draft,76.0,0,nfl_combine,222.0,0,nfl_combine,,1,,,1,,,1,,,1,,,1,,,1,,,1,,,1,,,1,,87,0,nfl_data_py,3,0,nfl_data_py,,1,,,1,,0.17854660427898145,0,cfbd,,1,,,1,,0.1603,0,cfbd,,1,,0.2002,0,cfbd,22.0,0,cfbd_proxy,,1,,,1,,,1,,,1,,,1,,,1,,,1,,12.08,0,cfbd,,1,,,1,,,1,,,1,,0,0,proxy_age_at_draft,0,0,,1,,1.252,0,cfbd,,,,,,,,,,,,,,,,,,
00-0040673,Jalen Milroe,QB,2025,92,3,SEA,Alabama,22.0,0,0.0,0,0.0,0,0.0,0,0.0,0.0,1,0,1,,,,0,head_b_v3,v3,22.0,0,nfl_data_py,0,0,proxy_draft_year_age,,1,,0,0,proxy_age_at_draft,21.0,0,proxy_age_at_draft,74.0,0,nfl_combine,217.0,0,nfl_combine,,1,,,1,,,1,,,1,,,1,,,1,,,1,,,1,,,1,,92,0,nfl_data_py,3,0,nfl_data_py,,1,,,1,,,1,,,1,,,1,,,1,,,1,,,1,,,1,,,1,,,1,,,1,,,1,,,1,,,1,,,1,,,1,,,1,,,1,,,1,,,1,,,1,,0,0,,,,,,,0.643,0,cfbd,8.9,0,cfbd,1.454545,0,cfbd,0.063492,0,cfbd,,,,,,
00-0040704,Dillon Gabriel,QB,2025,94,3,CLE,Oregon,24.0,0,0.0,0,0.0,0,0.0,0,0.0,0.0,1,0,1,,,,0,head_b_v3,v3,24.0,0,nfl_data_py,0,0,proxy_draft_year_age,,1,,0,0,proxy_age_at_draft,23.0,0,proxy_age_at_draft,71.0,0,nfl_combine,205.0,0,nfl_combine,,1,,,1,,,1,,,1,,,1,,,1,,,1,,,1,,,1,,94,0,nfl_data_py,3,0,nfl_data_py,,1,,,1,,,1,,,1,,,1,,,1,,,1,,,1,,,1,,,1,,,1,,,1,,,1,,,1,,,1,,,1,,,1,,,1,,,1,,,1,,,1,,,1,,0,0,,,,,,,0.729,0,cfbd,8.6,0,cfbd,5.0,0,cfbd,0.043659,0,cfbd,,,,,,
00-0040154,Tai Felton,WR,2025,102,3,MIN,Maryland,22.0,0,0.0,0,0.0,0,0.0,0,0.0,0.0,1,0,1,,8.2367,,0,head_b_v3,v3,22.0,0,nfl_data_py,0,0,proxy_draft_year_age,,1,,0,0,proxy_age_at_draft,21.0,0,proxy_age_at_draft,73.0,0,nfl_combine,183.0,0,nfl_combine,39.5,0,nfl_combine,1,0,nfl_combine_szekely2023_proxy,,1,,,1,,,1,,,1,,,1,,,1,,,1,,102,0,nfl_data_py,3,0,nfl_data_py,,1,,,1,,0.38417688719986176,0,cfbd,,1,,,1,,0.3398,0,cfbd,,1,,0.3842,0,cfbd,20.0,0,cfbd_proxy,,1,,,1,,,1,,,1,,,1,,,1,,,1,,12.73,0,cfbd,,1,,,1,,,1,,,1,,0,0,proxy_age_at_draft,0,0,,1,,2.2799,0,cfbd,,,,,,,,,,,,,,,,,,
00-0040705,Chimere Dike,WR,2025,103,4,TEN,Florida,23.0,0,0.0,0,0.0,0,0.0,0,0.0,0.0,1,0,1,,8.2367,,0,head_b_v3,v3,23.0,0,nfl_data_py,0,0,proxy_draft_year_age,,1,,0,0,proxy_age_at_draft,22.0,0,proxy_age_at_draft,73.0,0,nfl_combine,196.0,0,nfl_combine,38.5,0,nfl_combine,1,0,nfl_combine_szekely2023_proxy,,1,,,1,,,1,,,1,,,1,,,1,,,1,,103,0,nfl_data_py,4,0,nfl_data_py,,1,,,1,,0.18899113837764145,0,cfbd,,1,,,1,,0.2613,0,cfbd,,1,,0.1895,0,cfbd,,1,,,1,,,1,,,1,,,1,,,1,,,1,,,1,,19.08,0,cfbd,,1,,,1,,,1,,,1,,0,0,proxy_age_at_draft,0,0,,1,,2.0265,0,cfbd,,,,,,,,,,,,,,,,,,
00-0040719,Bhayshul Tuten,RB,2025,104,4,JAX,Virginia Tech,22.0,0,0.0,0,0.0,0,0.0,0,0.0,0.0,1,0,1,,7.3666,,0,head_b_v3,v3,22.0,0,nfl_data_py,0,0,proxy_draft_year_age,,1,,0,0,proxy_age_at_draft,21.0,0,proxy_age_at_draft,69.0,0,nfl_combine,206.0,0,nfl_combine,,1,,,1,,118.29,0,combine_barnwell2008,206.0,0,nfl_combine,,1,,1,0,combine_szekely2023_proxy,,1,,,1,,,1,,104,0,nfl_data_py,4,0,nfl_data_py,22.0,0,nfl_data_py,,1,,,1,,0.5168894009216589,0,cfbd,,1,,,1,,,1,,,1,,,1,,,1,,0.2709,0,cfbd,,1,,,1,,,1,,,1,,,1,,,1,,,1,,,1,,,1,,10.0,0,cfbd_sp_plus,,1,,0,0,,,,,,,,,,,,,,,,,,,6.3279,0,cfbd,6.3617,0,cfbd
00-0040715,Cam Skattebo,RB,2025,105,4,NYG,Arizona St.,23.0,0,0.0,0,0.0,0,0.0,0,0.0,0.0,1,0,1,,7.3666,,0,head_b_v3,v3,23.0,0,nfl_data_py,0,0,proxy_draft_year_age,,1,,0,0,proxy_age_at_draft,22.0,0,proxy_age_at_draft,70.0,0,nfl_combine,219.0,0,nfl_combine,,1,,,1,,,1,,219.0,0,nfl_combine,,1,,,1,,,1,,,1,,,1,,105,0,nfl_data_py,4,0,nfl_data_py,23.0,0,nfl_data_py,,1,,,1,,,1,,,1,,,1,,,1,,,1,,,1,,,1,,,1,,,1,,,1,,,1,,,1,,,1,,,1,,,1,,,1,,,1,,9.4,0,cfbd_sp_plus,,1,,0,0,,,,,,,,,,,,,,,,,,,,1,,,1,
00-0040581,Dont'e Thornton,WR,2025,108,4,LVR,Tennessee,22.0,0,0.0,0,0.0,0,0.0,0,0.0,0.0,1,0,1,,8.2367,,0,head_b_v3,v3,22.0,0,nfl_data_py,0,0,proxy_draft_year_age,,1,,0,0,proxy_age_at_draft,21.0,0,proxy_age_at_draft,77.0,0,nfl_combine,205.0,0,nfl_combine,33.0,0,nfl_combine,1,0,nfl_combine_szekely2023_proxy,,1,,,1,,,1,,,1,,,1,,,1,,,1,,108,0,nfl_data_py,4,0,nfl_data_py,,1,,,1,,0.2578136645962733,0,cfbd,,1,,,1,,0.2335,0,cfbd,,1,,0.2596,0,cfbd,21.0,0,cfbd_proxy,,1,,,1,,,1,,,1,,,1,,,1,,,1,,22.92,0,cfbd,,1,,,1,,,1,,,1,,0,0,proxy_age_at_draft,0,0,,1,,1.7346,0,cfbd,,,,,,,,,,,,,,,,,,
00-0040582,Arian Smith,WR,2025,110,4,NYJ,Georgia,23.0,0,0.0,0,0.0,0,0.0,0,0.0,0.0,1,0,1,,8.2367,,0,head_b_v3,v3,23.0,0,nfl_data_py,0,0,proxy_draft_year_age,,1,,0,0,proxy_age_at_draft,22.0,0,proxy_age_at_draft,72.0,0,nfl_combine,179.0,0,nfl_combine,38.0,0,nfl_combine,1,0,nfl_combine_szekely2023_proxy,,1,,,1,,,1,,,1,,,1,,,1,,,1,,110,0,nfl_data_py,4,0,nfl_data_py,,1,,,1,,0.17280384972739862,0,cfbd,,1,,,1,,0.2027,0,cfbd,,1,,0.1728,0,cfbd,,1,,,1,,,1,,,1,,,1,,,1,,,1,,,1,,17.87,0,cfbd,,1,,,1,,,1,,,1,,0,0,proxy_age_at_draft,0,0,,1,,1.462,0,cfbd,,,,,,,,,,,,,,,,,,
00-0040644,Trevor Etienne,RB,2025,114,4,CAR,Georgia,21.0,0,0.0,0,0.0,0,0.0,0,0.0,0.0,1,0,1,,7.3384,,0,head_b_v3,v3,21.0,0,nfl_data_py,0,0,proxy_draft_year_age,,1,,1,0,proxy_age_at_draft,20.0,0,proxy_age_at_draft,69.0,0,nfl_combine,198.0,0,nfl_combine,,1,,,1,,103.75,0,combine_barnwell2008,198.0,0,nfl_combine,,1,,1,0,combine_szekely2023_proxy,,1,,,1,,,1,,114,0,nfl_data_py,4,0,nfl_data_py,21.0,0,nfl_data_py,,1,,,1,,0.3615,0,cfbd,,1,,,1,,,1,,,1,,,1,,,1,,0.137,0,cfbd,,1,,,1,,,1,,,1,,,1,,,1,,,1,,,1,,,1,,24.3,0,cfbd_sp_plus,,1,,0,0,,,,,,,,,,,,,,,,,,,5.1441,0,cfbd,6.0,0,cfbd
00-0040583,Woody Marks,RB,2025,116,4,HOU,USC,24.0,0,0.0,0,0.0,0,0.0,0,0.0,0.0,1,0,1,,7.3384,,0,head_b_v3,v3,24.0,0,nfl_data_py,0,0,proxy_draft_year_age,,1,,0,0,proxy_age_at_draft,23.0,0,proxy_age_at_draft,,1,,,1,,,1,,,1,,,1,,,1,,,1,,,1,,,1,,,1,,,1,,116,0,nfl_data_py,4,0,nfl_data_py,24.0,0,nfl_data_py,,1,,,1,,,1,,,1,,,1,,,1,,,1,,,1,,,1,,,1,,,1,,,1,,,1,,,1,,,1,,,1,,,1,,,1,,,1,,11.9,0,cfbd_sp_plus,,1,,0,0,,,,,,,,,,,,,,,,,,,,1,,,1,
00-0040692,Jarquez Hunter,RB,2025,117,4,LAR,Auburn,22.0,0,0.0,0,0.0,0,0.0,0,0.0,0.0,1,0,1,,7.3384,,0,head_b_v3,v3,22.0,0,nfl_data_py,0,0,proxy_draft_year_age,,1,,0,0,proxy_age_at_draft,21.0,0,proxy_age_at_draft,69.0,0,nfl_combine,204.0,0,nfl_combine,,1,,,1,,104.99,0,combine_barnwell2008,204.0,0,nfl_combine,,1,,1,0,combine_szekely2023_proxy,,1,,,1,,,1,,117,0,nfl_data_py,4,0,nfl_data_py,22.0,0,nfl_data_py,,1,,,1,,0.6097546819377806,0,cfbd,,1,,,1,,,1,,,1,,,1,,,1,,0.2628,0,cfbd,,1,,,1,,,1,,,1,,,1,,,1,,,1,,,1,,,1,,9.5,0,cfbd_sp_plus,,1,,0,0,,,,,,,,,,,,,,,,,,,6.4225,0,cfbd,8.3485,0,cfbd
00-0040584,Gunnar Helm,TE,2025,120,4,TEN,Texas,23.0,0,0.0,0,0.0,0,0.0,0,0.0,0.0,1,0,1,,6.2285,,0,head_b_v3,v3,23.0,0,nfl_data_py,0,0,proxy_draft_year_age,,1,,0,0,proxy_age_at_draft,22.0,0,proxy_age_at_draft,77.0,0,nfl_combine,241.0,0,nfl_combine,,1,,,1,,,1,,,1,,,1,,,1,,241.0,0,nfl_combine,28.58,0,nfl_combine_derived,88.99,0,combine_pp_hass_approx,120,0,nfl_data_py,4,0,nfl_data_py,,1,,23.0,0,nfl_data_py,,1,,,1,,0.17563635344247588,0,cfbd,,1,,,1,,,1,,,1,,,1,,,1,,,1,,1.1294,0,cfbd,,1,,,1,,,1,,,1,,12.45,0,cfbd,,1,,,1,,,1,,,1,,0,0,,,,,,,,,,,,,,,,,,,,,,,,
00-0040162,Dylan Sampson,RB,2025,126,4,CLE,Tennessee,20.0,0,0.0,0,0.0,0,0.0,0,0.0,0.0,1,0,1,,7.3384,,0,head_b_v3,v3,20.0,0,nfl_data_py,0,0,proxy_draft_year_age,,1,,1,0,proxy_age_at_draft,19.0,0,proxy_age_at_draft,68.0,0,nfl_combine,200.0,0,nfl_combine,,1,,,1,,,1,,200.0,0,nfl_combine,,1,,,1,,,1,,,1,,,1,,126,0,nfl_data_py,4,0,nfl_data_py,20.0,0,nfl_data_py,,1,,,1,,0.5763269702591107,0,cfbd,,1,,,1,,,1,,,1,,,1,,,1,,0.2909,0,cfbd,,1,,,1,,,1,,,1,,,1,,,1,,,1,,,1,,,1,,22.0,0,cfbd_sp_plus,,1,,0,0,,,,,,,,,,,,,,,,,,,5.8008,0,cfbd,8.7179,0,cfbd
00-0040164,Jaylin Lane,WR,2025,128,4,WAS,Virginia Tech,23.0,0,0.0,0,0.0,0,0.0,0,0.0,0.0,1,0,1,,6.5416,,0,head_b_v3,v3,23.0,0,nfl_data_py,0,0,proxy_draft_year_age,,1,,0,0,proxy_age_at_draft,22.0,0,proxy_age_at_draft,70.0,0,nfl_combine,191.0,0,nfl_combine,40.0,0,nfl_combine,1,0,nfl_combine_szekely2023_proxy,,1,,,1,,,1,,,1,,,1,,,1,,,1,,128,0,nfl_data_py,4,0,nfl_data_py,,1,,,1,,0.16130517194692662,0,cfbd,,1,,,1,,0.2015,0,cfbd,,1,,0.1674,0,cfbd,21.0,0,cfbd_proxy,,1,,,1,,,1,,,1,,,1,,,1,,,1,,13.2,0,cfbd,,1,,,1,,,1,,,1,,0,0,proxy_age_at_draft,0,0,,1,,1.3746,0,cfbd,,,,,,,,,,,,,,,,,,
00-0040646,Jalen Royals,WR,2025,133,4,KAN,Utah St.,22.0,0,0.0,0,0.0,0,0.0,0,0.0,0.0,1,0,1,,6.5416,,0,head_b_v3,v3,22.0,0,nfl_data_py,0,0,proxy_draft_year_age,,1,,0,0,proxy_age_at_draft,21.0,0,proxy_age_at_draft,72.0,0,nfl_combine,205.0,0,nfl_combine,,1,,,1,,,1,,,1,,,1,,,1,,,1,,,1,,,1,,133,0,nfl_data_py,4,0,nfl_data_py,,1,,,1,,0.23259042513428946,0,cfbd,,1,,,1,,0.2583,0,cfbd,,1,,0.2326,0,cfbd,20.0,0,cfbd_proxy,,1,,,1,,,1,,,1,,,1,,,1,,,1,,15.1,0,cfbd,,1,,,1,,,1,,,1,,0,0,proxy_age_at_draft,0,0,,1,,1.821,0,cfbd,,,,,,,,,,,,,,,,,,
00-0040170,Elic Ayomanor,WR,2025,136,4,TEN,Stanford,22.0,0,0.0,0,0.0,0,0.0,0,0.0,0.0,1,0,1,,6.5416,,0,head_b_v3,v3,22.0,0,nfl_data_py,0,0,proxy_draft_year_age,,1,,0,0,proxy_age_at_draft,21.0,0,proxy_age_at_draft,74.0,0,nfl_combine,206.0,0,nfl_combine,38.5,0,nfl_combine,1,0,nfl_combine_szekely2023_proxy,,1,,,1,,,1,,,1,,,1,,,1,,,1,,136,0,nfl_data_py,4,0,nfl_data_py,,1,,,1,,0.3477124183006536,0,cfbd,,1,,,1,,0.3621,0,cfbd,,1,,0.3477,0,cfbd,20.0,0,cfbd_proxy,,1,,,1,,,1,,,1,,,1,,,1,,,1,,14.75,0,cfbd,,1,,,1,,,1,,,1,,0,0,proxy_age_at_draft,0,0,,1,,2.2459,0,cfbd,,,,,,,,,,,,,,,,,,
00-0040172,Jordan Watkins,WR,2025,138,4,SFO,Mississippi,23.0,0,0.0,0,0.0,0,0.0,0,0.0,0.0,1,0,1,,6.5416,,0,head_b_v3,v3,23.0,0,nfl_data_py,0,0,proxy_draft_year_age,,1,,0,0,proxy_age_at_draft,22.0,0,proxy_age_at_draft,,1,,,1,,,1,,,1,,,1,,,1,,,1,,,1,,,1,,,1,,,1,,138,0,nfl_data_py,4,0,nfl_data_py,,1,,,1,,0.24448161481282402,0,cfbd,,1,,,1,,,1,,,1,,,1,,,1,,,1,,,1,,,1,,,1,,,1,,,1,,,1,,,1,,,1,,,1,,,1,,,1,,0,0,proxy_age_at_draft,0,0,,1,,,1,,,,,,,,,,,,,,,,,,,
00-0040668,Shedeur Sanders,QB,2025,144,5,CLE,Colorado,23.0,0,0.0,0,0.0,0,0.0,0,0.0,0.0,1,0,1,,,,0,head_b_v3,v3,23.0,0,nfl_data_py,0,0,proxy_draft_year_age,,1,,0,0,proxy_age_at_draft,22.0,0,proxy_age_at_draft,74.0,0,nfl_combine,212.0,0,nfl_combine,,1,,,1,,,1,,,1,,,1,,,1,,,1,,,1,,,1,,144,0,nfl_data_py,5,0,nfl_data_py,,1,,,1,,,1,,,1,,,1,,,1,,,1,,,1,,,1,,,1,,,1,,,1,,,1,,,1,,,1,,,1,,,1,,,1,,,1,,,1,,,1,,,1,,0,0,,,,,,,0.74,0,cfbd,8.7,0,cfbd,3.7,0,cfbd,0.082061,0,cfbd,,,,,,
00-0040177,Jordan James,RB,2025,147,5,SFO,Oregon,21.0,0,0.0,0,0.0,0,0.0,0,0.0,0.0,1,0,1,,7.0626,,0,head_b_v3,v3,21.0,0,nfl_data_py,0,0,proxy_draft_year_age,,1,,1,0,proxy_age_at_draft,20.0,0,proxy_age_at_draft,70.0,0,nfl_combine,205.0,0,nfl_combine,,1,,,1,,95.66,0,combine_barnwell2008,205.0,0,nfl_combine,,1,,1,0,combine_szekely2023_proxy,,1,,,1,,,1,,147,0,nfl_data_py,5,0,nfl_data_py,21.0,0,nfl_data_py,,1,,,1,,0.535875451263538,0,cfbd,,1,,,1,,,1,,,1,,,1,,,1,,0.2478,0,cfbd,,1,,,1,,,1,,,1,,,1,,,1,,,1,,,1,,,1,,26.0,0,cfbd_sp_plus,,1,,0,0,,,,,,,,,,,,,,,,,,,5.5442,0,cfbd,8.4872,0,cfbd
00-0040586,Jaydon Blue,RB,2025,149,5,DAL,Texas,21.0,0,0.0,0,0.0,0,0.0,0,0.0,0.0,1,0,1,,7.0626,,0,head_b_v3,v3,21.0,0,nfl_data_py,0,0,proxy_draft_year_age,,1,,1,0,proxy_age_at_draft,20.0,0,proxy_age_at_draft,,1,,,1,,,1,,,1,,,1,,,1,,,1,,,1,,,1,,,1,,,1,,149,0,nfl_data_py,5,0,nfl_data_py,21.0,0,nfl_data_py,,1,,,1,,0.29720829053114994,0,cfbd,,1,,,1,,,1,,,1,,,1,,,1,,0.1444,0,cfbd,,1,,,1,,,1,,,1,,,1,,,1,,,1,,,1,,,1,,24.1,0,cfbd_sp_plus,,1,,0,0,,,,,,,,,,,,,,,,,,,5.0357,0,cfbd,8.1136,0,cfbd
00-0040179,DJ Giddens,RB,2025,151,5,IND,Kansas St.,22.0,0,0.0,0,0.0,0,0.0,0,0.0,0.0,1,0,1,,7.0295,,0,head_b_v3,v3,22.0,0,nfl_data_py,0,0,proxy_draft_year_age,,1,,0,0,proxy_age_at_draft,21.0,0,proxy_age_at_draft,72.0,0,nfl_combine,212.0,0,nfl_combine,,1,,,1,,110.09,0,combine_barnwell2008,212.0,0,nfl_combine,,1,,1,0,combine_szekely2023_proxy,,1,,,1,,,1,,151,0,nfl_data_py,5,0,nfl_data_py,22.0,0,nfl_data_py,,1,,,1,,0.4047028240576628,0,cfbd,,1,,,1,,,1,,,1,,,1,,,1,,0.3184,0,cfbd,,1,,,1,,,1,,,1,,,1,,,1,,,1,,,1,,,1,,14.1,0,cfbd_sp_plus,,1,,0,0,,,,,,,,,,,,,,,,,,,6.5512,0,cfbd,11.0,0,cfbd
00-0040184,KeAndre Lambert-Smith,WR,2025,158,5,LAC,Auburn,23.0,0,0.0,0,0.0,0,0.0,0,0.0,0.0,1,0,1,,6.5416,,0,head_b_v3,v3,23.0,0,nfl_data_py,0,0,proxy_draft_year_age,,1,,0,0,proxy_age_at_draft,22.0,0,proxy_age_at_draft,73.0,0,nfl_combine,190.0,0,nfl_combine,34.5,0,nfl_combine,1,0,nfl_combine_szekely2023_proxy,,1,,,1,,,1,,,1,,,1,,,1,,,1,,158,0,nfl_data_py,5,0,nfl_data_py,,1,,,1,,,1,,,1,,,1,,,1,,,1,,,1,,,1,,,1,,,1,,,1,,,1,,,1,,,1,,,1,,,1,,,1,,,1,,,1,,,1,,0,0,proxy_age_at_draft,0,0,,1,,,1,,,,,,,,,,,,,,,,,,,
00-0040187,Mitchell Evans,TE,2025,163,5,CAR,Notre Dame,22.0,0,0.0,0,0.0,0,0.0,0,0.0,0.0,1,0,1,,6.1922,,0,head_b_v3,v3,22.0,0,nfl_data_py,0,0,proxy_draft_year_age,,1,,0,0,proxy_age_at_draft,21.0,0,proxy_age_at_draft,77.0,0,nfl_combine,258.0,0,nfl_combine,,1,,,1,,,1,,,1,,,1,,,1,,258.0,0,nfl_combine,30.59,0,nfl_combine_derived,103.56,0,combine_pp_hass_approx,163,0,nfl_data_py,5,0,nfl_data_py,,1,,22.0,0,nfl_data_py,,1,,,1,,0.12890378548895898,0,cfbd,,1,,,1,,,1,,,1,,,1,,,1,,,1,,0.6112,0,cfbd,,1,,,1,,,1,,,1,,11.92,0,cfbd,,1,,,1,,,1,,,1,,0,0,,,,,,,,,,,,,,,,,,,,,,,,
00-0040189,Oronde Gadsden II,TE,2025,165,5,LAC,Syracuse,22.0,0,0.0,0,0.0,0,0.0,0,0.0,0.0,1,0,1,,6.1922,,0,head_b_v3,v3,22.0,0,nfl_data_py,0,0,proxy_draft_year_age,,1,,0,0,proxy_age_at_draft,21.0,0,proxy_age_at_draft,77.0,0,nfl_combine,243.0,0,nfl_combine,,1,,,1,,,1,,,1,,,1,,,1,,243.0,0,nfl_combine,28.81,0,nfl_combine_derived,,1,,165,0,nfl_data_py,5,0,nfl_data_py,,1,,22.0,0,nfl_data_py,,1,,,1,,0.19878317231258408,0,cfbd,,1,,,1,,,1,,,1,,,1,,,1,,,1,,1.4181,0,cfbd,,1,,,1,,,1,,,1,,13.97,0,cfbd,,1,,,1,,,1,,,1,,0,0,,,,,,,,,,,,,,,,,,,,,,,,
00-0040648,Tory Horton,WR,2025,166,5,SEA,Colorado St.,22.0,0,0.0,0,0.0,0,0.0,0,0.0,0.0,1,0,1,,6.5416,,0,head_b_v3,v3,22.0,0,nfl_data_py,0,0,proxy_draft_year_age,,1,,0,0,proxy_age_at_draft,21.0,0,proxy_age_at_draft,75.0,0,nfl_combine,196.0,0,nfl_combine,37.5,0,nfl_combine,1,0,nfl_combine_szekely2023_proxy,,1,,,1,,,1,,,1,,,1,,,1,,,1,,166,0,nfl_data_py,5,0,nfl_data_py,,1,,,1,,0.09006307746979389,0,cfbd,,1,,,1,,0.1326,0,cfbd,,1,,0.0996,0,cfbd,19.0,0,cfbd_proxy,,1,,,1,,,1,,,1,,,1,,,1,,,1,,13.53,0,cfbd,,1,,,1,,,1,,,1,,0,0,proxy_age_at_draft,0,0,,1,,0.8531,0,cfbd,,,,,,,,,,,,,,,,,,
00-0040194,Jackson Hawes,TE,2025,173,5,BUF,Georgia Tech,24.0,0,0.0,0,0.0,0,0.0,0,0.0,0.0,1,0,1,,5.908,,0,head_b_v3,v3,24.0,0,nfl_data_py,0,0,proxy_draft_year_age,,1,,0,0,proxy_age_at_draft,23.0,0,proxy_age_at_draft,77.0,0,nfl_combine,253.0,0,nfl_combine,,1,,,1,,,1,,,1,,,1,,,1,,253.0,0,nfl_combine,30.0,0,nfl_combine_derived,94.98,0,combine_pp_hass_approx,173,0,nfl_data_py,5,0,nfl_data_py,,1,,24.0,0,nfl_data_py,,1,,,1,,0.03157383419689119,0,cfbd,,1,,,1,,,1,,,1,,,1,,,1,,,1,,0.4585,0,cfbd,,1,,,1,,,1,,,1,,12.53,0,cfbd,,1,,,1,,,1,,,1,,0,0,,,,,,,,,,,,,,,,,,,,,,,,
00-0040649,Robbie Ouzts,TE,2025,175,5,SEA,Alabama,23.0,0,0.0,0,0.0,0,0.0,0,0.0,0.0,1,0,1,,5.3492,,0,head_b_v3,v3,23.0,0,nfl_data_py,0,0,proxy_draft_year_age,,1,,0,0,proxy_age_at_draft,22.0,0,proxy_age_at_draft,75.0,0,nfl_combine,274.0,0,nfl_combine,,1,,,1,,,1,,,1,,,1,,,1,,274.0,0,nfl_combine,34.24,0,nfl_combine_derived,93.05,0,combine_pp_hass_approx,175,0,nfl_data_py,5,0,nfl_data_py,,1,,23.0,0,nfl_data_py,,1,,,1,,0.07639593422790528,0,cfbd,,1,,,1,,,1,,,1,,,1,,,1,,,1,,0.2345,0,cfbd,,1,,,1,,,1,,,1,,11.13,0,cfbd,,1,,,1,,,1,,,1,,0,0,,,,,,,,,,,,,,,,,,,,,,,,
00-0040198,Ollie Gordon,RB,2025,179,6,MIA,Oklahoma St.,21.0,0,0.0,0,0.0,0,0.0,0,0.0,0.0,1,0,1,,6.9631,,0,head_b_v3,v3,21.0,0,nfl_data_py,0,0,proxy_draft_year_age,,1,,1,0,proxy_age_at_draft,20.0,0,proxy_age_at_draft,73.0,0,nfl_combine,226.0,0,nfl_combine,,1,,,1,,100.08,0,combine_barnwell2008,226.0,0,nfl_combine,,1,,1,0,combine_szekely2023_proxy,,1,,,1,,,1,,179,0,nfl_data_py,6,0,nfl_data_py,21.0,0,nfl_data_py,,1,,,1,,0.6464720194647202,0,cfbd,,1,,,1,,,1,,,1,,,1,,,1,,0.2325,0,cfbd,,1,,,1,,,1,,,1,,,1,,,1,,,1,,,1,,,1,,-2.6,0,cfbd_sp_plus,,1,,0,0,,,,,,,,,,,,,,,,,,,4.5397,0,cfbd,7.7179,0,cfbd
00-0040014,Kyle McCord,QB,2025,181,6,PHI,Syracuse,22.0,0,0.0,0,0.0,0,0.0,0,0.0,0.0,1,0,1,,,,0,head_b_v3,v3,22.0,0,nfl_data_py,0,0,proxy_draft_year_age,,1,,0,0,proxy_age_at_draft,21.0,0,proxy_age_at_draft,75.0,0,nfl_combine,218.0,0,nfl_combine,,1,,,1,,,1,,,1,,,1,,,1,,,1,,,1,,,1,,181,0,nfl_data_py,6,0,nfl_data_py,,1,,,1,,,1,,,1,,,1,,,1,,,1,,,1,,,1,,,1,,,1,,,1,,,1,,,1,,,1,,,1,,,1,,,1,,,1,,,1,,,1,,,1,,0,0,,,,,,,0.66,0,cfbd,8.1,0,cfbd,2.833333,0,cfbd,0.046252,0,cfbd,,,,,,
00-0040202,Devin Neal,RB,2025,184,6,NOR,Kansas,22.0,0,0.0,0,0.0,0,0.0,0,0.0,0.0,1,0,1,,6.9631,,0,head_b_v3,v3,22.0,0,nfl_data_py,0,0,proxy_draft_year_age,,1,,0,0,proxy_age_at_draft,21.0,0,proxy_age_at_draft,71.0,0,nfl_combine,213.0,0,nfl_combine,,1,,,1,,96.82,0,combine_barnwell2008,213.0,0,nfl_combine,,1,,1,0,combine_szekely2023_proxy,,1,,,1,,,1,,184,0,nfl_data_py,6,0,nfl_data_py,22.0,0,nfl_data_py,,1,,,1,,0.5239028213166144,0,cfbd,,1,,,1,,,1,,,1,,,1,,,1,,0.2999,0,cfbd,,1,,,1,,,1,,,1,,,1,,,1,,,1,,,1,,,1,,4.9,0,cfbd_sp_plus,,1,,0,0,,,,,,,,,,,,,,,,,,,5.7808,0,cfbd,9.2568,0,cfbd
00-0040203,Will Howard,QB,2025,185,6,PIT,Ohio St.,23.0,0,0.0,0,0.0,0,0.0,0,0.0,0.0,1,0,1,,,,0,head_b_v3,v3,23.0,0,nfl_data_py,0,0,proxy_draft_year_age,,1,,0,0,proxy_age_at_draft,22.0,0,proxy_age_at_draft,76.0,0,nfl_combine,236.0,0,nfl_combine,,1,,,1,,,1,,,1,,,1,,,1,,,1,,,1,,,1,,185,0,nfl_data_py,6,0,nfl_data_py,,1,,,1,,,1,,,1,,,1,,,1,,,1,,,1,,,1,,,1,,,1,,,1,,,1,,,1,,,1,,,1,,,1,,,1,,,1,,,1,,,1,,,1,,0,0,,,,,,,0.73,0,cfbd,9.5,0,cfbd,3.5,0,cfbd,0.03397,0,cfbd,,,,,,
00-0040205,Kalel Mullings,RB,2025,188,6,TEN,Michigan,22.0,0,0.0,0,0.0,0,0.0,0,0.0,0.0,1,0,1,,6.9631,,0,head_b_v3,v3,22.0,0,nfl_data_py,0,0,proxy_draft_year_age,,1,,0,0,proxy_age_at_draft,21.0,0,proxy_age_at_draft,74.0,0,nfl_combine,226.0,0,nfl_combine,,1,,,1,,,1,,226.0,0,nfl_combine,,1,,,1,,,1,,,1,,,1,,188,0,nfl_data_py,6,0,nfl_data_py,22.0,0,nfl_data_py,,1,,,1,,0.5650048875855327,0,cfbd,,1,,,1,,,1,,,1,,,1,,,1,,0.2778,0,cfbd,,1,,,1,,,1,,,1,,,1,,,1,,,1,,,1,,,1,,10.6,0,cfbd_sp_plus,,1,,0,0,,,,,,,,,,,,,,,,,,,5.1243,0,cfbd,,1,below_volume_gate
00-0040206,Riley Leonard,QB,2025,189,6,IND,Notre Dame,22.0,0,0.0,0,0.0,0,0.0,0,0.0,0.0,1,0,1,,,,0,head_b_v3,v3,22.0,0,nfl_data_py,0,0,proxy_draft_year_age,,1,,0,0,proxy_age_at_draft,21.0,0,proxy_age_at_draft,76.0,0,nfl_combine,216.0,0,nfl_combine,,1,,,1,,,1,,,1,,,1,,,1,,,1,,,1,,,1,,189,0,nfl_data_py,6,0,nfl_data_py,,1,,,1,,,1,,,1,,,1,,,1,,,1,,,1,,,1,,,1,,,1,,,1,,,1,,,1,,,1,,,1,,,1,,,1,,,1,,,1,,,1,,,1,,0,0,,,,,,,0.667,0,cfbd,7.1,0,cfbd,2.625,0,cfbd,0.051173,0,cfbd,,,,,,
00-0040208,Tahj Brooks,RB,2025,193,6,CIN,Texas Tech,23.0,0,0.0,0,0.0,0,0.0,0,0.0,0.0,1,0,1,,6.9631,,0,head_b_v3,v3,23.0,0,nfl_data_py,0,0,proxy_draft_year_age,,1,,0,0,proxy_age_at_draft,22.0,0,proxy_age_at_draft,69.0,0,nfl_combine,214.0,0,nfl_combine,,1,,,1,,102.54,0,combine_barnwell2008,214.0,0,nfl_combine,6.9,0,nfl_combine,1,0,combine_szekely2023_proxy,,1,,,1,,,1,,193,0,nfl_data_py,6,0,nfl_data_py,23.0,0,nfl_data_py,,1,,,1,,0.6749804312246496,0,cfbd,,1,,,1,,,1,,,1,,,1,,,1,,0.3077,0,cfbd,,1,,,1,,,1,,,1,,,1,,,1,,,1,,,1,,,1,,4.3,0,cfbd_sp_plus,,1,,0,0,,,,,,,,,,,,,,,,,,,5.2622,0,cfbd,5.5361,0,cfbd
00-0040211,Graham Mertz,QB,2025,197,6,HOU,Florida,24.0,0,0.0,0,0.0,0,0.0,0,0.0,0.0,1,0,1,,,,0,head_b_v3,v3,24.0,0,nfl_data_py,0,0,proxy_draft_year_age,,1,,0,0,proxy_age_at_draft,23.0,0,proxy_age_at_draft,75.0,0,nfl_combine,212.0,0,nfl_combine,,1,,,1,,,1,,,1,,,1,,,1,,,1,,,1,,,1,,197,0,nfl_data_py,6,0,nfl_data_py,,1,,,1,,,1,,,1,,,1,,,1,,,1,,,1,,,1,,,1,,,1,,,1,,,1,,,1,,,1,,,1,,,1,,,1,,,1,,,1,,,1,,,1,,0,0,,,,,,,,1,below_volume_gate,,1,below_volume_gate,,1,below_volume_gate,,1,below_volume_gate,,,,,,
00-0040215,Gavin Bartholomew,TE,2025,202,6,MIN,Pittsburgh,22.0,0,0.0,0,0.0,0,0.0,0,0.0,0.0,1,0,1,,4.7182,,0,head_b_v3,v3,22.0,0,nfl_data_py,0,0,proxy_draft_year_age,,1,,0,0,proxy_age_at_draft,21.0,0,proxy_age_at_draft,77.0,0,nfl_combine,246.0,0,nfl_combine,,1,,,1,,,1,,,1,,,1,,,1,,246.0,0,nfl_combine,29.17,0,nfl_combine_derived,102.16,0,combine_pp_hass_approx,202,0,nfl_data_py,6,0,nfl_data_py,,1,,22.0,0,nfl_data_py,,1,,,1,,,1,,,1,,,1,,,1,,,1,,,1,,,1,,,1,,0.6212,0,cfbd,,1,,,1,,,1,,,1,,12.13,0,cfbd,,1,,,1,,,1,,,1,,0,0,,,,,,,,,,,,,,,,,,,,,,,,
00-0040075,LaJohntay Wester,WR,2025,203,6,BAL,Colorado,23.0,0,0.0,0,0.0,0,0.0,0,0.0,0.0,1,0,1,,5.0759,,0,head_b_v3,v3,23.0,0,nfl_data_py,0,0,proxy_draft_year_age,,1,,0,0,proxy_age_at_draft,22.0,0,proxy_age_at_draft,70.0,0,nfl_combine,163.0,0,nfl_combine,32.0,0,nfl_combine,1,0,nfl_combine_szekely2023_proxy,,1,,,1,,,1,,,1,,,1,,,1,,,1,,203,0,nfl_data_py,6,0,nfl_data_py,,1,,,1,,0.24773794113416756,0,cfbd,,1,,,1,,0.2241,0,cfbd,,1,,0.2549,0,cfbd,22.0,0,cfbd_proxy,,1,,,1,,,1,,,1,,,1,,,1,,,1,,12.57,0,cfbd,,1,,,1,,,1,,,1,,0,0,proxy_age_at_draft,0,0,,1,,1.8295,0,cfbd,,,,,,,,,,,,,,,,,,
00-0040218,Jimmy Horn,WR,2025,208,6,CAR,Colorado,22.0,0,0.0,0,0.0,0,0.0,0,0.0,0.0,1,0,1,,5.0759,,0,head_b_v3,v3,22.0,0,nfl_data_py,0,0,proxy_draft_year_age,,1,,0,0,proxy_age_at_draft,21.0,0,proxy_age_at_draft,68.0,0,nfl_combine,174.0,0,nfl_combine,38.0,0,nfl_combine,1,0,nfl_combine_szekely2023_proxy,,1,,,1,,,1,,,1,,,1,,,1,,,1,,208,0,nfl_data_py,6,0,nfl_data_py,,1,,,1,,,1,,,1,,,1,,,1,,,1,,,1,,,1,,,1,,,1,,,1,,,1,,,1,,,1,,,1,,,1,,,1,,,1,,,1,,,1,,0,0,proxy_age_at_draft,0,0,,1,,,1,,,,,,,,,,,,,,,,,,,
00-0040220,Tommy Mellott,QB,2025,213,6,LVR,Montana St.,,0,0.0,0,0.0,0,0.0,0,0.0,0.0,1,0,1,,,,0,head_b_v3,v3,,1,,,1,,,1,,,1,,,1,,,1,,,1,,,1,,,1,,,1,,,1,,,1,,,1,,,1,,,1,,,1,,213,0,nfl_data_py,6,0,nfl_data_py,,1,,,1,,,1,,,1,,,1,,,1,,,1,,,1,,,1,,,1,,,1,,,1,,,1,,,1,,,1,,,1,,,1,,,1,,,1,,,1,,,1,,,1,,0,0,,,,,,,,1,,,1,,,1,,,1,,,,,,,
00-0040222,Cam Miller,QB,2025,215,6,LVR,North Dakota St.,24.0,0,0.0,0,0.0,0,0.0,0,0.0,0.0,1,0,1,,,,0,head_b_v3,v3,24.0,0,nfl_data_py,0,0,proxy_draft_year_age,,1,,0,0,proxy_age_at_draft,23.0,0,proxy_age_at_draft,,1,,,1,,,1,,,1,,,1,,,1,,,1,,,1,,,1,,,1,,,1,,215,0,nfl_data_py,6,0,nfl_data_py,,1,,,1,,,1,,,1,,,1,,,1,,,1,,,1,,,1,,,1,,,1,,,1,,,1,,,1,,,1,,,1,,,1,,,1,,,1,,,1,,,1,,,1,,0,0,,,,,,,,1,,,1,,,1,,,1,,,,,,,
00-0040225,Thomas Fidone,TE,2025,219,7,NYG,Nebraska,22.0,0,0.0,0,0.0,0,0.0,0,0.0,0.0,1,0,1,,4.601,,0,head_b_v3,v3,22.0,0,nfl_data_py,0,0,proxy_draft_year_age,,1,,0,0,proxy_age_at_draft,21.0,0,proxy_age_at_draft,,1,,,1,,,1,,,1,,,1,,,1,,,1,,,1,,,1,,,1,,,1,,219,0,nfl_data_py,7,0,nfl_data_py,,1,,22.0,0,nfl_data_py,,1,,,1,,,1,,,1,,,1,,,1,,,1,,,1,,,1,,,1,,,1,,,1,,,1,,,1,,,1,,,1,,,1,,,1,,,1,,,1,,0,0,,,,,,,,,,,,,,,,,,,,,,,,
00-0040651,Damien Martinez,RB,2025,223,7,SEA,Miami (FL),21.0,0,0.0,0,0.0,0,0.0,0,0.0,0.0,1,0,1,,6.9631,,0,head_b_v3,v3,21.0,0,nfl_data_py,0,0,proxy_draft_year_age,,1,,1,0,proxy_age_at_draft,20.0,0,proxy_age_at_draft,72.0,0,nfl_combine,217.0,0,nfl_combine,,1,,,1,,104.9,0,combine_barnwell2008,217.0,0,nfl_combine,,1,,1,0,combine_szekely2023_proxy,,1,,,1,,,1,,223,0,nfl_data_py,7,0,nfl_data_py,21.0,0,nfl_data_py,,1,,,1,,0.3704080249423885,0,cfbd,,1,,,1,,,1,,,1,,,1,,,1,,0.1579,0,cfbd,,1,,,1,,,1,,,1,,,1,,,1,,,1,,,1,,,1,,21.6,0,cfbd_sp_plus,,1,,0,0,,,,,,,,,,,,,,,,,,,5.6759,0,cfbd,12.375,0,cfbd
00-0040589,Kurtis Rourke,QB,2025,227,7,SFO,Indiana,24.0,0,0.0,0,0.0,0,0.0,0,0.0,0.0,1,0,1,,,,0,head_b_v3,v3,24.0,0,nfl_data_py,0,0,proxy_draft_year_age,,1,,0,0,proxy_age_at_draft,23.0,0,proxy_age_at_draft,76.0,0,nfl_combine,220.0,0,nfl_combine,,1,,,1,,,1,,,1,,,1,,,1,,,1,,,1,,,1,,227,0,nfl_data_py,7,0,nfl_data_py,,1,,,1,,,1,,,1,,,1,,,1,,,1,,,1,,,1,,,1,,,1,,,1,,,1,,,1,,,1,,,1,,,1,,,1,,,1,,,1,,,1,,,1,,0,0,,,,,,,0.694,0,cfbd,9.5,0,cfbd,5.8,0,cfbd,0.054974,0,cfbd,,,,,,
00-0040078,Brashard Smith,RB,2025,228,7,KAN,SMU,22.0,0,0.0,0,0.0,0,0.0,0,0.0,0.0,1,0,1,,6.9631,,0,head_b_v3,v3,22.0,0,nfl_data_py,0,0,proxy_draft_year_age,,1,,0,0,proxy_age_at_draft,21.0,0,proxy_age_at_draft,70.0,0,nfl_combine,194.0,0,nfl_combine,,1,,,1,,104.47,0,combine_barnwell2008,194.0,0,nfl_combine,,1,,1,0,combine_szekely2023_proxy,,1,,,1,,,1,,228,0,nfl_data_py,7,0,nfl_data_py,22.0,0,nfl_data_py,,1,,,1,,0.5225632426915506,0,cfbd,,1,,,1,,,1,,,1,,,1,,,1,,0.2732,0,cfbd,,1,,,1,,,1,,,1,,,1,,,1,,,1,,,1,,,1,,17.5,0,cfbd_sp_plus,,1,,0,0,,,,,,,,,,,,,,,,,,,5.8704,0,cfbd,8.6571,0,cfbd
00-0040234,Quinn Ewers,QB,2025,231,7,MIA,Texas,22.0,0,0.0,0,0.0,0,0.0,0,0.0,0.0,1,0,1,,,,0,head_b_v3,v3,22.0,0,nfl_data_py,0,0,proxy_draft_year_age,,1,,0,0,proxy_age_at_draft,21.0,0,proxy_age_at_draft,74.0,0,nfl_combine,214.0,0,nfl_combine,,1,,,1,,,1,,,1,,,1,,,1,,,1,,,1,,,1,,231,0,nfl_data_py,7,0,nfl_data_py,,1,,,1,,,1,,,1,,,1,,,1,,,1,,,1,,,1,,,1,,,1,,,1,,,1,,,1,,,1,,,1,,,1,,,1,,,1,,,1,,,1,,,1,,0,0,,,,,,,0.658,0,cfbd,7.8,0,cfbd,2.583333,0,cfbd,0.064014,0,cfbd,,,,,,
00-0040236,Kyle Monangai,RB,2025,233,7,CHI,Rutgers,23.0,0,0.0,0,0.0,0,0.0,0,0.0,0.0,1,0,1,,6.9631,,0,head_b_v3,v3,23.0,0,nfl_data_py,0,0,proxy_draft_year_age,,1,,0,0,proxy_age_at_draft,22.0,0,proxy_age_at_draft,68.0,0,nfl_combine,211.0,0,nfl_combine,,1,,,1,,94.25,0,combine_barnwell2008,211.0,0,nfl_combine,,1,,1,0,combine_szekely2023_proxy,,1,,,1,,,1,,233,0,nfl_data_py,7,0,nfl_data_py,23.0,0,nfl_data_py,,1,,,1,,0.5109135633329182,0,cfbd,,1,,,1,,,1,,,1,,,1,,,1,,0.2939,0,cfbd,,1,,,1,,,1,,,1,,,1,,,1,,,1,,,1,,,1,,6.4,0,cfbd_sp_plus,,1,,0,0,,,,,,,,,,,,,,,,,,,4.9961,0,cfbd,6.5278,0,cfbd
00-0040237,Tez Johnson,WR,2025,235,7,TAM,Oregon,23.0,0,0.0,0,0.0,0,0.0,0,0.0,0.0,1,0,1,,4.8253,,0,head_b_v3,v3,23.0,0,nfl_data_py,0,0,proxy_draft_year_age,,1,,0,0,proxy_age_at_draft,22.0,0,proxy_age_at_draft,70.0,0,nfl_combine,154.0,0,nfl_combine,37.0,0,nfl_combine,1,0,nfl_combine_szekely2023_proxy,,1,,,1,,,1,,,1,,,1,,,1,,,1,,235,0,nfl_data_py,7,0,nfl_data_py,,1,,,1,,0.28141238606354885,0,cfbd,,1,,,1,,0.2396,0,cfbd,,1,,0.2984,0,cfbd,21.0,0,cfbd_proxy,,1,,,1,,,1,,,1,,,1,,,1,,,1,,12.26,0,cfbd,,1,,,1,,,1,,,1,,0,0,proxy_age_at_draft,0,0,,1,,1.8826,0,cfbd,,,,,,,,,,,,,,,,,,
00-0040238,LeQuint Allen,RB,2025,236,7,JAX,Syracuse,21.0,0,0.0,0,0.0,0,0.0,0,0.0,0.0,1,0,1,,6.9631,,0,head_b_v3,v3,21.0,0,nfl_data_py,0,0,proxy_draft_year_age,,1,,1,0,proxy_age_at_draft,20.0,0,proxy_age_at_draft,72.0,0,nfl_combine,204.0,0,nfl_combine,,1,,,1,,,1,,204.0,0,nfl_combine,,1,,,1,,,1,,,1,,,1,,236,0,nfl_data_py,7,0,nfl_data_py,21.0,0,nfl_data_py,,1,,,1,,0.7609126282278034,0,cfbd,,1,,,1,,,1,,,1,,,1,,,1,,0.252,0,cfbd,,1,,,1,,,1,,,1,,,1,,,1,,,1,,,1,,,1,,5.5,0,cfbd_sp_plus,,1,,0,0,,,,,,,,,,,,,,,,,,,4.2701,0,cfbd,7.165,0,cfbd
00-0040653,Ricky White,WR,2025,238,7,SEA,UNLV,23.0,0,0.0,0,0.0,0,0.0,0,0.0,0.0,1,0,1,,4.8253,,0,head_b_v3,v3,23.0,0,nfl_data_py,0,0,proxy_draft_year_age,,1,,0,0,proxy_age_at_draft,22.0,0,proxy_age_at_draft,73.0,0,nfl_combine,184.0,0,nfl_combine,36.0,0,nfl_combine,1,0,nfl_combine_szekely2023_proxy,,1,,,1,,,1,,,1,,,1,,,1,,,1,,238,0,nfl_data_py,7,0,nfl_data_py,,1,,,1,,0.4353496069507654,0,cfbd,,1,,,1,,0.4588,0,cfbd,,1,,0.4685,0,cfbd,20.0,0,cfbd_proxy,,1,,,1,,,1,,,1,,,1,,,1,,,1,,14.44,0,cfbd,,1,,,1,,,1,,,1,,0,0,proxy_age_at_draft,0,0,,1,,3.3689,0,cfbd,,,,,,,,,,,,,,,,,,
00-0040021,Phil Mafah,RB,2025,239,7,DAL,Clemson,22.0,0,0.0,0,0.0,0,0.0,0,0.0,0.0,1,0,1,,6.9631,,0,head_b_v3,v3,22.0,0,nfl_data_py,0,0,proxy_draft_year_age,,1,,0,0,proxy_age_at_draft,21.0,0,proxy_age_at_draft,73.0,0,nfl_combine,234.0,0,nfl_combine,,1,,,1,,,1,,234.0,0,nfl_combine,,1,,,1,,,1,,,1,,,1,,239,0,nfl_data_py,7,0,nfl_data_py,22.0,0,nfl_data_py,,1,,,1,,0.40305402169445487,0,cfbd,,1,,,1,,,1,,,1,,,1,,,1,,0.2016,0,cfbd,,1,,,1,,,1,,,1,,,1,,,1,,,1,,,1,,,1,,13.3,0,cfbd_sp_plus,,1,,0,0,,,,,,,,,,,,,,,,,,,5.1682,0,cfbd,5.3462,0,cfbd
00-0040240,Caleb Lohner,TE,2025,241,7,DEN,Utah,24.0,0,0.0,0,0.0,0,0.0,0,0.0,0.0,1,0,1,,4.601,,0,head_b_v3,v3,24.0,0,nfl_data_py,0,0,proxy_draft_year_age,,1,,0,0,proxy_age_at_draft,23.0,0,proxy_age_at_draft,,1,,,1,,,1,,,1,,,1,,,1,,,1,,,1,,,1,,,1,,,1,,241,0,nfl_data_py,7,0,nfl_data_py,,1,,24.0,0,nfl_data_py,,1,,,1,,0.11128290848307565,0,cfbd,,1,,,1,,,1,,,1,,,1,,,1,,,1,,0.1508,0,cfbd,,1,,,1,,,1,,,1,,13.5,0,cfbd,,1,,,1,,,1,,,1,,0,0,,,,,,,,,,,,,,,,,,,,,,,,
00-0040590,Konata Mumpfield,WR,2025,242,7,LAR,Pittsburgh,22.0,0,0.0,0,0.0,0,0.0,0,0.0,0.0,1,0,1,,4.8253,,0,head_b_v3,v3,22.0,0,nfl_data_py,0,0,proxy_draft_year_age,,1,,0,0,proxy_age_at_draft,21.0,0,proxy_age_at_draft,71.0,0,nfl_combine,186.0,0,nfl_combine,36.0,0,nfl_combine,1,0,nfl_combine_szekely2023_proxy,,1,,,1,,,1,,,1,,,1,,,1,,,1,,242,0,nfl_data_py,7,0,nfl_data_py,,1,,,1,,,1,,,1,,,1,,0.2441,0,cfbd,,1,,0.2147,0,cfbd,20.0,0,cfbd_proxy,,1,,,1,,,1,,,1,,,1,,,1,,,1,,12.67,0,cfbd,,1,,,1,,,1,,,1,,0,0,proxy_age_at_draft,0,0,,1,,1.6293,0,cfbd,,,,,,,,,,,,,,,,,,
00-0040241,Dominic Lovett,WR,2025,244,7,DET,Georgia,22.0,0,0.0,0,0.0,0,0.0,0,0.0,0.0,1,0,1,,4.8253,,0,head_b_v3,v3,22.0,0,nfl_data_py,0,0,proxy_draft_year_age,,1,,0,0,proxy_age_at_draft,21.0,0,proxy_age_at_draft,70.0,0,nfl_combine,185.0,0,nfl_combine,33.5,0,nfl_combine,1,0,nfl_combine_szekely2023_proxy,,1,,,1,,,1,,,1,,,1,,,1,,,1,,244,0,nfl_data_py,7,0,nfl_data_py,,1,,,1,,0.18059621688901356,0,cfbd,,1,,,1,,0.1543,0,cfbd,,1,,0.1843,0,cfbd,,1,,,1,,,1,,,1,,,1,,,1,,,1,,,1,,10.71,0,cfbd,,1,,,1,,,1,,,1,,0,0,proxy_age_at_draft,0,0,,1,,1.1131,0,cfbd,,,,,,,,,,,,,,,,,,
00-0040242,Jacory Croskey-Merritt,RB,2025,245,7,WAS,Arizona,24.0,0,0.0,0,0.0,0,0.0,0,0.0,0.0,1,0,1,,6.9631,,0,head_b_v3,v3,24.0,0,nfl_data_py,0,0,proxy_draft_year_age,,1,,0,0,proxy_age_at_draft,23.0,0,proxy_age_at_draft,,1,,,1,,,1,,,1,,,1,,,1,,,1,,,1,,,1,,,1,,,1,,245,0,nfl_data_py,7,0,nfl_data_py,24.0,0,nfl_data_py,,1,,,1,,,1,,,1,,,1,,,1,,,1,,,1,,,1,,,1,,,1,,,1,,,1,,,1,,,1,,,1,,,1,,,1,,,1,,-2.8,0,cfbd_sp_plus,,1,,0,0,,,,,,,,,,,,,,,,,,,,1,,,1,
00-0040244,Moliki Matavao,TE,2025,248,7,NOR,UCLA,22.0,0,0.0,0,0.0,0,0.0,0,0.0,0.0,1,0,1,,4.601,,0,head_b_v3,v3,22.0,0,nfl_data_py,0,0,proxy_draft_year_age,,1,,0,0,proxy_age_at_draft,21.0,0,proxy_age_at_draft,78.0,0,nfl_combine,260.0,0,nfl_combine,,1,,,1,,,1,,,1,,,1,,,1,,260.0,0,nfl_combine,30.04,0,nfl_combine_derived,99.71,0,combine_pp_hass_approx,248,0,nfl_data_py,7,0,nfl_data_py,,1,,22.0,0,nfl_data_py,,1,,,1,,0.14588478199263188,0,cfbd,,1,,,1,,,1,,,1,,,1,,,1,,,1,,1.2714,0,cfbd,,1,,,1,,,1,,,1,,14.57,0,cfbd,,1,,,1,,,1,,,1,,0,0,,,,,,,,,,,,,,,,,,,,,,,,
00-0040247,Junior Bergen,WR,2025,252,7,SFO,Montana,,0,0.0,0,0.0,0,0.0,0,0.0,0.0,1,0,1,,4.8253,,0,head_b_v3,v3,,1,,,1,,,1,,,1,,,1,,,1,,,1,,,1,,,1,,,1,,,1,,,1,,,1,,,1,,,1,,,1,,252,0,nfl_data_py,7,0,nfl_data_py,,1,,,1,,,1,,,1,,,1,,0.1874,0,cfbd,,1,,0.1687,0,cfbd,-2.0,0,cfbd_proxy,,1,,,1,,,1,,,1,,,1,,,1,,,1,,12.51,0,cfbd,,1,,,1,,,1,,,1,,,1,,0,0,,1,,,1,,,,,,,,,,,,,,,,,,,
00-0040250,Luke Lachey,TE,2025,255,7,HOU,Iowa,24.0,0,0.0,0,0.0,0,0.0,0,0.0,0.0,1,0,1,,4.3667,,0,head_b_v3,v3,24.0,0,nfl_data_py,0,0,proxy_draft_year_age,,1,,0,0,proxy_age_at_draft,23.0,0,proxy_age_at_draft,78.0,0,nfl_combine,251.0,0,nfl_combine,,1,,,1,,,1,,,1,,,1,,,1,,251.0,0,nfl_combine,29.0,0,nfl_combine_derived,,1,,255,0,nfl_data_py,7,0,nfl_data_py,,1,,24.0,0,nfl_data_py,,1,,,1,,0.06754385964912281,0,cfbd,,1,,,1,,,1,,,1,,,1,,,1,,,1,,0.8731,0,cfbd,,1,,,1,,,1,,,1,,12.15,0,cfbd,,1,,,1,,,1,,,1,,0,0,,,,,,,,,,,,,,,,,,,,,,,,
